volgnummer,filename,side,main_document,reason,series_first,released_path,original_path,folder,exif_orientation,exif_name,rotation_applied,width,height,archief,fonds,signatuur,jaar,maand,dag,extra_info,inverted,grayscale
30,30m.jpg,verso,0,verso,,images/pages-verso/30m.png,images/archive-original/1240-1260/30m.jpg,1240-1260,6,90-cw,1,2024,1436,Stadsarchief Mechelen,statuten broederschap Sint Elooi,,12xx,xx,xx,kopie begin 14e,0,0
30,30o.jpg,recto,1,recto,,images/pages-recto/30o.png,images/archive-original/1240-1260/30o.jpg,1240-1260,6,90-cw,1,2024,1436,Stadsarchief Mechelen,statuten broederschap Sint Elooi,,12xx,xx,xx,kopie begin 14e,0,0
31,31m.jpg,verso,0,verso,,images/pages-verso/31m.png,images/archive-original/1240-1260/31m.jpg,1240-1260,6,90-cw,1,1654,1168,RA Mons,cart.,"29, 46 r°",1254,3,01,kopie ± 1280,0,0
31,31o.jpg,recto,1,recto,,images/pages-recto/31o.png,images/archive-original/1240-1260/31o.jpg,1240-1260,6,90-cw,1,1654,1168,RA Mons,cart.,"29, 46 r°",1254,3,01,kopie ± 1280,0,0
32,32m.jpg,verso,0,verso,,images/pages-verso/32m.png,images/archive-original/1240-1260/32m.jpg,1240-1260,6,90-cw,1,2024,1436,SA Mechelen,,,1254,12,21,vertaling 1e kwart 14e,0,0
32,32o.jpg,recto,1,recto,,images/pages-recto/32o.png,images/archive-original/1240-1260/32o.jpg,1240-1260,6,90-cw,1,2024,1436,SA Mechelen,,,1254,12,21,vertaling 1e kwart 14e,0,0
33,33m.jpg,verso,0,verso,,images/pages-verso/33m.png,images/archive-original/1240-1260/33m.jpg,1240-1260,6,90-cw,1,1654,1168,RA Gent,fonds Gent,"6, 34 v°",12xx,xx,xx,,0,0
33,33o.jpg,recto,0,neardup_of=34o,,images/pages-recto/33o.png,images/archive-original/1240-1260/33o.jpg,1240-1260,1,native,0,1168,1654,RA Gent,fonds Gent,"6, 34 v°",12xx,xx,xx,,0,0
34,34m.jpg,verso,0,verso,,images/pages-verso/34m.png,images/archive-original/1240-1260/34m.jpg,1240-1260,6,90-cw,1,1654,1168,RA Gent,fonds Gent,"6, 34 r°",12xx,xx,xx,,0,0
34,34o.jpg,recto,1,recto,,images/pages-recto/34o.png,images/archive-original/1240-1260/34o.jpg,1240-1260,,missing,0,1168,1654,RA Gent,fonds Gent,"6, 34 r°",12xx,xx,xx,,0,0
35,35m.jpg,verso,0,verso,,images/pages-verso/35m.png,images/archive-original/1240-1260/35m.jpg,1240-1260,,missing,0,1656,2339,keure van Middelburg,,,1254,xx,xx,,0,0
35,35o.jpg,recto,1,recto,,images/pages-recto/35o.png,images/archive-original/1240-1260/35o.jpg,1240-1260,6,90-cw,1,2339,1656,keure van Middelburg,,,1254,xx,xx,,0,0
36,36m.jpg,verso,0,verso,,images/pages-verso/36m.png,images/archive-original/1240-1260/36m.jpg,1240-1260,,missing,0,1656,2339,keure van Middelburg,,,1254,xx,xx,,0,0
36,36o.jpg,recto,0,neardup_of=35o,,images/pages-recto/36o.png,images/archive-original/1240-1260/36o.jpg,1240-1260,6,90-cw,1,2339,1656,keure van Middelburg,,,1254,xx,xx,,0,0
37,37m.jpg,verso,0,verso,,images/pages-verso/37m.png,images/archive-original/1240-1260/37m.jpg,1240-1260,,missing,0,1656,2339,keure van Middelburg,,,1254,xx,xx,,0,0
37,37o.jpg,recto,0,neardup_of=35o,,images/pages-recto/37o.png,images/archive-original/1240-1260/37o.jpg,1240-1260,6,90-cw,1,2339,1656,keure van Middelburg,,,1254,xx,xx,,0,0
38,38m.jpg,verso,0,verso,,images/pages-verso/38m.png,images/archive-original/1240-1260/38m.jpg,1240-1260,3,180,1,1656,2339,keure van Middelburg,,,1254,xx,xx,,0,0
38,38o.jpg,recto,0,neardup_of=35o,,images/pages-recto/38o.png,images/archive-original/1240-1260/38o.jpg,1240-1260,3,180,1,1656,2339,keure van Middelburg,,,1254,xx,xx,,0,0
39,39m.jpg,verso,0,verso,,images/pages-verso/39m.png,images/archive-original/1240-1260/39m.jpg,1240-1260,3,180,1,1656,2339,keure van Middelburg,,,1254,xx,xx,,0,0
39,39o.jpg,recto,0,neardup_of=35o,,images/pages-recto/39o.png,images/archive-original/1240-1260/39o.jpg,1240-1260,3,180,1,1656,2339,keure van Middelburg,,,1254,xx,xx,,0,0
40,40m.jpg,verso,0,verso,,images/pages-verso/40m.png,images/archive-original/1240-1260/40m.jpg,1240-1260,3,180,1,1656,2339,keure van Middelburg,,,1254,xx,xx,,0,0
40,40o.jpg,recto,0,neardup_of=35o,,images/pages-recto/40o.png,images/archive-original/1240-1260/40o.jpg,1240-1260,3,180,1,1656,2339,keure van Middelburg,,,1254,xx,xx,,0,0
41,41m.jpg,verso,0,verso,,images/pages-verso/41m.png,images/archive-original/1240-1260/41m.jpg,1240-1260,3,180,1,1656,2339,keure van Middelburg,,,1254,xx,xx,,0,0
41,41o.jpg,recto,0,neardup_of=35o,,images/pages-recto/41o.png,images/archive-original/1240-1260/41o.jpg,1240-1260,3,180,1,1656,2339,keure van Middelburg,,,1254,xx,xx,,0,0
42,42m.jpg,verso,0,verso,,images/pages-verso/42m.png,images/archive-original/1240-1260/42m.jpg,1240-1260,3,180,1,1656,2339,keure van Middelburg,,,1254,xx,xx,,0,0
42,42o.jpg,recto,0,neardup_of=35o,,images/pages-recto/42o.png,images/archive-original/1240-1260/42o.jpg,1240-1260,3,180,1,1656,2339,keure van Middelburg,,,1254,xx,xx,,0,0
43,43m.jpg,verso,0,verso,,images/pages-verso/43m.png,images/archive-original/1240-1260/43m.jpg,1240-1260,3,180,1,1656,2339,keure van Middelburg,,,1254,xx,xx,,0,0
43,43o.jpg,recto,0,neardup_of=35o,,images/pages-recto/43o.png,images/archive-original/1240-1260/43o.jpg,1240-1260,3,180,1,1656,2339,keure van Middelburg,,,1254,xx,xx,,0,0
44,44m.jpg,verso,0,verso,,images/pages-verso/44m.png,images/archive-original/1240-1260/44m.jpg,1240-1260,3,180,1,1656,2339,keure van Middelburg,,,1254,xx,xx,,0,0
44,44o.jpg,recto,0,neardup_of=35o,,images/pages-recto/44o.png,images/archive-original/1240-1260/44o.jpg,1240-1260,6,90-cw,1,2339,1656,keure van Middelburg,,,1254,xx,xx,,0,0
10,10m.jpg,verso,0,verso,,images/pages-verso/10m.png,images/archive-original/1260-1269/10m.jpg,1260-1269,6,90-cw,1,2024,1436,Groot Seminarie Brugge,Ter Duinen,,1267,07,16,,0,0
10,10o.jpg,recto,1,recto,,images/pages-recto/10o.png,images/archive-original/1260-1269/10o.jpg,1260-1269,6,90-cw,1,2024,1436,Groot Seminarie Brugge,Ter Duinen,,1267,07,16,,0,0
11,11m.jpg,verso,0,verso,,images/pages-verso/11m.png,images/archive-original/1260-1269/11m.jpg,1260-1269,6,90-cw,1,2024,1436,C.O.O. Brugge,Magdalenahospitaal,,1267,10,08,,0,0
11,11o.jpg,recto,1,recto,,images/pages-recto/11o.png,images/archive-original/1260-1269/11o.jpg,1260-1269,6,90-cw,1,2024,1436,C.O.O. Brugge,Magdalenahospitaal,,1267,10,08,,0,0
12,12m.jpg,verso,0,verso,,images/pages-verso/12m.png,images/archive-original/1260-1269/12m.jpg,1260-1269,6,90-cw,1,1654,1168,RA Gent,Sint-Elizabeth,,1267,05,xx,,0,0
12,12o.jpg,recto,1,recto,,images/pages-recto/12o.png,images/archive-original/1260-1269/12o.jpg,1260-1269,6,90-cw,1,1654,1168,RA Gent,Sint-Elizabeth,,1267,05,xx,,0,0
13,13m.jpg,verso,0,verso,,images/pages-verso/13m.png,images/archive-original/1260-1269/13m.jpg,1260-1269,6,90-cw,1,2024,1436,Groot Seminarie Brugge,Eekhout,,1267,02,05,,0,0
13,13o.jpg,recto,1,recto,,images/pages-recto/13o.png,images/archive-original/1260-1269/13o.jpg,1260-1269,6,90-cw,1,2024,1436,Groot Seminarie Brugge,Eekhout,,1267,02,05,,0,0
14,14m.jpg,verso,0,verso,,images/pages-verso/14m.png,images/archive-original/1260-1269/14m.jpg,1260-1269,6,90-cw,1,2024,1436,C.O.O. Brugge,Magdalenahospitaal,,1267,02,18,,0,0
14,14o.jpg,recto,1,recto,,images/pages-recto/14o.png,images/archive-original/1260-1269/14o.jpg,1260-1269,6,90-cw,1,2024,1436,C.O.O. Brugge,Magdalenahospitaal,,1267,02,18,,0,0
15,15m.jpg,verso,0,verso,,images/pages-verso/15m.png,images/archive-original/1260-1269/15m.jpg,1260-1269,6,90-cw,1,1654,1168,RA Gent,Sint-Pietersabdij,,1267,07,12,,0,0
15,15o.jpg,recto,1,recto,,images/pages-recto/15o.png,images/archive-original/1260-1269/15o.jpg,1260-1269,6,90-cw,1,1654,1168,RA Gent,Sint-Pietersabdij,,1267,07,12,,0,0
16,16m.jpg,verso,0,verso,,images/pages-verso/16m.png,images/archive-original/1260-1269/16m.jpg,1260-1269,6,90-cw,1,2024,1436,Groot Seminarie Brugge,Ter Duinen,,1267,04,30,,0,0
16,16o.jpg,recto,1,recto,,images/pages-recto/16o.png,images/archive-original/1260-1269/16o.jpg,1260-1269,6,90-cw,1,2024,1436,Groot Seminarie Brugge,Ter Duinen,,1267,04,30,,0,0
17,17m.jpg,verso,0,verso,,images/pages-verso/17m.png,images/archive-original/1260-1269/17m.jpg,1260-1269,6,90-cw,1,1654,2340,SA Gent,Sint-Jans-ten-Dullen,,1260,12,25,,0,0
17,17o.jpg,recto,1,recto,,images/pages-recto/17o.png,images/archive-original/1260-1269/17o.jpg,1260-1269,6,90-cw,1,1654,2340,SA Gent,Sint-Jans-ten-Dullen,,1260,12,25,,0,0
18,18m.jpg,verso,0,verso,,images/pages-verso/18m.png,images/archive-original/1260-1269/18m.jpg,1260-1269,6,90-cw,1,2024,1436,SA Gent,Stadscharters,,126x,04,xx,,0,0
18,18o.jpg,recto,1,recto,,images/pages-recto/18o.png,images/archive-original/1260-1269/18o.jpg,1260-1269,6,90-cw,1,2024,1436,SA Gent,Stadscharters,,126x,04,xx,,0,0
19,19m.jpg,verso,0,verso,,images/pages-verso/19m.png,images/archive-original/1260-1269/19m.jpg,1260-1269,6,90-cw,1,2024,1436,Groot Seminarie Brugge,Ter Duinen,944,1263,05,xx,vertaling midden 14e,0,0
19,19o.jpg,recto,1,recto,,images/pages-recto/19o.png,images/archive-original/1260-1269/19o.jpg,1260-1269,6,90-cw,1,2024,1436,Groot Seminarie Brugge,Ter Duinen,944,1263,05,xx,vertaling midden 14e,0,0
1,1m.jpg,verso,0,verso,,images/pages-verso/1m.png,images/archive-original/1260-1269/1m.jpg,1260-1269,,missing,0,1656,2339,Algemeen Rijksarchief Den Haag,Grafelijkheid,,1269,11,02,kopie eind 13de eeuw,0,0
1,1o.jpg,recto,1,recto,,images/pages-recto/1o.png,images/archive-original/1260-1269/1o.jpg,1260-1269,1,native,0,2339,1656,Algemeen Rijksarchief Den Haag,Grafelijkheid,,1269,11,02,kopie eind 13de eeuw,0,1
20,20m.jpg,verso,0,verso,,images/pages-verso/20m.png,images/archive-original/1260-1269/20m.jpg,1260-1269,1,native,0,2024,1433,RA Brugge,blauw,3168,1264,07,30,,0,0
20,20o.jpg,recto,1,recto,,images/pages-recto/20o.png,images/archive-original/1260-1269/20o.jpg,1260-1269,6,90-cw,1,1433,2024,RA Brugge,blauw,3168,1264,07,30,,0,0
21,21m.jpg,verso,0,verso,,images/pages-verso/21m.png,images/archive-original/1260-1269/21m.jpg,1260-1269,6,90-cw,1,2024,1436,Klein Begijnhof,Gent,,1266,06,19,,0,0
21,21o.jpg,recto,1,recto,,images/pages-recto/21o.png,images/archive-original/1260-1269/21o.jpg,1260-1269,6,90-cw,1,2024,1436,Klein Begijnhof,Gent,,1266,06,19,,0,0
22,22m.jpg,verso,0,verso,,images/pages-verso/22m.png,images/archive-original/1260-1269/22m.jpg,1260-1269,6,90-cw,1,2024,1436,C.O.O. Brugge,Magdalenahospitaal,,1266,11,06,,0,0
22,22o.jpg,recto,1,recto,,images/pages-recto/22o.png,images/archive-original/1260-1269/22o.jpg,1260-1269,6,90-cw,1,2024,1436,C.O.O. Brugge,Magdalenahospitaal,,1266,11,06,,0,0
23,23m.jpg,verso,0,verso,,images/pages-verso/23m.png,images/archive-original/1260-1269/23m.jpg,1260-1269,1,native,0,1656,1165,RA Gent,Sint-Baafs,,126x,xx,xx,,0,0
23,23o.jpg,recto,1,recto,,images/pages-recto/23o.png,images/archive-original/1260-1269/23o.jpg,1260-1269,6,90-cw,1,1165,1656,RA Gent,Sint-Baafs,,126x,xx,xx,,0,0
24,24m.jpg,verso,0,verso,,images/pages-verso/24m.png,images/archive-original/1260-1269/24m.jpg,1260-1269,,missing,0,1656,1165,RA Gent,Sint-Baafs,,126x,xx,xx,,0,0
24,24o.jpg,recto,1,recto,,images/pages-recto/24o.png,images/archive-original/1260-1269/24o.jpg,1260-1269,6,90-cw,1,1165,1656,RA Gent,Sint-Baafs,,126x,xx,xx,,0,0
25,25m.jpg,verso,0,verso,,images/pages-verso/25m.png,images/archive-original/1260-1269/25m.jpg,1260-1269,6,90-cw,1,1654,1168,RA Gent,Sint-Michielskerk,,126x,04,xx,,0,0
25,25o.jpg,recto,1,recto,,images/pages-recto/25o.png,images/archive-original/1260-1269/25o.jpg,1260-1269,6,90-cw,1,1654,1168,RA Gent,Sint-Michielskerk,,126x,04,xx,,0,0
26,26m.jpg,verso,0,verso,,images/pages-verso/26m.png,images/archive-original/1260-1269/26m.jpg,1260-1269,6,90-cw,1,1654,1168,RA Gent,Sint-Michielskerk,,126x,04,xx,,0,0
26,26o.jpg,recto,1,recto,,images/pages-recto/26o.png,images/archive-original/1260-1269/26o.jpg,1260-1269,6,90-cw,1,1654,1168,RA Gent,Sint-Michielskerk,,126x,04,xx,,0,0
27,27m.jpg,verso,0,verso,,images/pages-verso/27m.png,images/archive-original/1260-1269/27m.jpg,1260-1269,6,90-cw,1,1654,1168,RA Gent,Onze-Lieve-Vrouwkerk Gent,,126x,04,xx,,0,0
27,27o.jpg,recto,1,recto,,images/pages-recto/27o.png,images/archive-original/1260-1269/27o.jpg,1260-1269,6,90-cw,1,1654,1168,RA Gent,Onze-Lieve-Vrouwkerk Gent,,126x,04,xx,,0,0
28,28m.jpg,verso,0,verso,,images/pages-verso/28m.png,images/archive-original/1260-1269/28m.jpg,1260-1269,6,90-cw,1,2024,1436,ARA Brussel,Kerkelijk fonds,5885,126x,03,xx,,0,0
28,28o.jpg,recto,1,recto,,images/pages-recto/28o.png,images/archive-original/1260-1269/28o.jpg,1260-1269,6,90-cw,1,2024,1436,ARA Brussel,Kerkelijk fonds,5885,126x,03,xx,,0,0
29,29m.jpg,verso,0,verso,,images/pages-verso/29m.png,images/archive-original/1260-1269/29m.jpg,1260-1269,3,180,1,1656,1165,RA Gent,Sint-Baafs,,12xx,xx,xx,,0,0
29,29o.jpg,recto,1,recto,,images/pages-recto/29o.png,images/archive-original/1260-1269/29o.jpg,1260-1269,6,90-cw,1,1165,1656,RA Gent,Sint-Baafs,,12xx,xx,xx,,0,0
2,2m.jpg,verso,0,verso,,images/pages-verso/2m.png,images/archive-original/1260-1269/2m.jpg,1260-1269,,missing,0,1656,2339,Algemeen Rijksarchief Den Haag,Grafelijkheid,,1268,10,24,,0,0
2,2o.jpg,recto,1,recto,,images/pages-recto/2o.png,images/archive-original/1260-1269/2o.jpg,1260-1269,1,native,0,2339,1656,Algemeen Rijksarchief Den Haag,Grafelijkheid,,1268,10,24,,0,0
3,3m.jpg,verso,0,verso,,images/pages-verso/3m.png,images/archive-original/1260-1269/3m.jpg,1260-1269,,missing,0,1656,2339,Algemeen Rijksarchief Den Haag,Grafelijkheid,,1268,10,24,,0,0
3,3o.jpg,recto,1,recto,,images/pages-recto/3o.png,images/archive-original/1260-1269/3o.jpg,1260-1269,1,native,0,2339,1656,Algemeen Rijksarchief Den Haag,Grafelijkheid,,1268,10,24,,0,1
4,4m.jpg,verso,0,verso,,images/pages-verso/4m.png,images/archive-original/1260-1269/4m.jpg,1260-1269,3,180,1,1656,2339,Algemeen Rijksarchief Den Haag,Grafelijkheid,,1268,10,24,,0,0
4,4o.jpg,recto,0,neardup_of=2o,,images/pages-recto/4o.png,images/archive-original/1260-1269/4o.jpg,1260-1269,1,native,0,2339,1656,Algemeen Rijksarchief Den Haag,Grafelijkheid,,1268,10,24,,0,1
5,5m.jpg,verso,0,verso,,images/pages-verso/5m.png,images/archive-original/1260-1269/5m.jpg,1260-1269,6,90-cw,1,2024,1436,Groot Seminarie Brugge,Ter Duinen,,1269,01,12,,0,0
5,5o.jpg,recto,1,recto,,images/pages-recto/5o.png,images/archive-original/1260-1269/5o.jpg,1260-1269,6,90-cw,1,2024,1436,Groot Seminarie Brugge,Ter Duinen,,1269,01,12,,0,0
6,6m.jpg,verso,0,verso,,images/pages-verso/6m.png,images/archive-original/1260-1269/6m.jpg,1260-1269,6,90-cw,1,2024,1436,Groot Seminarie Brugge,Eekhout,,1269,04,26,,0,0
6,6o.jpg,recto,1,recto,,images/pages-recto/6o.png,images/archive-original/1260-1269/6o.jpg,1260-1269,6,90-cw,1,2024,1436,Groot Seminarie Brugge,Eekhout,,1269,04,26,,0,0
7,7m.jpg,verso,0,verso,,images/pages-verso/7m.png,images/archive-original/1260-1269/7m.jpg,1260-1269,6,90-cw,1,2024,1436,Groot Seminarie Brugge,Ter Duinen,,1269,07,09,,0,0
7,7o.jpg,recto,1,recto,,images/pages-recto/7o.png,images/archive-original/1260-1269/7o.jpg,1260-1269,6,90-cw,1,2024,1436,Groot Seminarie Brugge,Ter Duinen,,1269,07,09,,0,0
8,8m.jpg,verso,0,verso,,images/pages-verso/8m.png,images/archive-original/1260-1269/8m.jpg,1260-1269,6,90-cw,1,2024,1436,RA Brugge,Vrije,33,1269,07,13,,0,0
8,8o.jpg,recto,1,recto,,images/pages-recto/8o.png,images/archive-original/1260-1269/8o.jpg,1260-1269,6,90-cw,1,2024,1436,RA Brugge,Vrije,33,1269,07,13,,0,0
9,9m.jpg,verso,0,verso,,images/pages-verso/9m.png,images/archive-original/1260-1269/9m.jpg,1260-1269,6,90-cw,1,2024,1436,C.O.O. Brugge,Magdalenahospitaal,,1269,11,01,,0,0
9,9o.jpg,recto,1,recto,,images/pages-recto/9o.png,images/archive-original/1260-1269/9o.jpg,1260-1269,6,90-cw,1,2024,1436,C.O.O. Brugge,Magdalenahospitaal,,1269,11,01,,0,0
100,100m.jpg,verso,0,verso,,images/pages-verso/100m.png,images/archive-original/1270-1279/100m.jpg,1270-1279,,missing,0,1436,2024,RA Brugge,cart. O.L.Vrouwkerk,,1273,12,12,kopie ± 1300,0,0
100,100o.jpg,recto,1,recto,,images/pages-recto/100o.png,images/archive-original/1270-1279/100o.jpg,1270-1279,,missing,0,1436,2024,RA Brugge,cart. O.L.Vrouwkerk,,1273,12,12,kopie ± 1300,0,0
101,101m.jpg,verso,0,verso,,images/pages-verso/101m.png,images/archive-original/1270-1279/101m.jpg,1270-1279,6,90-cw,1,2024,1436,C.O.O. Brugge,Dis Sint-Gillis,,1273,12,15,,0,0
101,101o.jpg,recto,1,recto,,images/pages-recto/101o.png,images/archive-original/1270-1279/101o.jpg,1270-1279,6,90-cw,1,2024,1436,C.O.O. Brugge,Dis Sint-Gillis,,1273,12,15,,0,0
102,102m.jpg,verso,0,verso,,images/pages-verso/102m.png,images/archive-original/1270-1279/102m.jpg,1270-1279,6,90-cw,1,2024,1436,Potterie Brugge,,,1273,12,xx,,0,0
102,102o.jpg,recto,1,recto,,images/pages-recto/102o.png,images/archive-original/1270-1279/102o.jpg,1270-1279,6,90-cw,1,2024,1436,Potterie Brugge,,,1273,12,xx,,0,0
103,103m.jpg,verso,0,verso,,images/pages-verso/103m.png,images/archive-original/1270-1279/103m.jpg,1270-1279,6,90-cw,1,2024,1436,SA Gent,Groot Begijnhof,,127x,xx,xx,,0,0
103,103o.jpg,recto,1,recto,,images/pages-recto/103o.png,images/archive-original/1270-1279/103o.jpg,1270-1279,6,90-cw,1,2024,1436,SA Gent,Groot Begijnhof,,127x,xx,xx,,0,0
104,104m.jpg,verso,0,verso,,images/pages-verso/104m.png,images/archive-original/1270-1279/104m.jpg,1270-1279,6,90-cw,1,2024,1436,SA Gent,Groot Begijnhof,,127x,xx,xx,,0,0
104,104o.jpg,recto,1,recto,,images/pages-recto/104o.png,images/archive-original/1270-1279/104o.jpg,1270-1279,6,90-cw,1,2024,1436,SA Gent,Groot Begijnhof,,127x,xx,xx,,0,0
105,105m.jpg,verso,0,verso,,images/pages-verso/105m.png,images/archive-original/1270-1279/105m.jpg,1270-1279,6,90-cw,1,2024,1436,Bisdom Brugge,Urbanisten,,1274,01,13,,0,0
105,105o.jpg,recto,1,recto,,images/pages-recto/105o.png,images/archive-original/1270-1279/105o.jpg,1270-1279,6,90-cw,1,2024,1436,Bisdom Brugge,Urbanisten,,1274,01,13,,0,0
106,106m.jpg,verso,0,verso,,images/pages-verso/106m.png,images/archive-original/1270-1279/106m.jpg,1270-1279,6,90-cw,1,2024,1436,Potterie Brugge,,,1274,03,xx,,0,0
106,106o.jpg,recto,1,recto,,images/pages-recto/106o.png,images/archive-original/1270-1279/106o.jpg,1270-1279,6,90-cw,1,2024,1436,Potterie Brugge,,,1274,03,xx,,0,0
107,107m.jpg,verso,0,verso,,images/pages-verso/107m.png,images/archive-original/1270-1279/107m.jpg,1270-1279,6,90-cw,1,2024,1436,C.O.O. Brugge,Magdalenahospitaal,,1274,04,12,,0,0
107,107o.jpg,recto,1,recto,,images/pages-recto/107o.png,images/archive-original/1270-1279/107o.jpg,1270-1279,6,90-cw,1,2024,1436,C.O.O. Brugge,Magdalenahospitaal,,1274,04,12,,0,0
108,108m.jpg,verso,0,verso,,images/pages-verso/108m.png,images/archive-original/1270-1279/108m.jpg,1270-1279,6,90-cw,1,2024,1436,C.O.O. Brugge,Begijnhof,,1274,04,13,,0,0
108,108o.jpg,recto,1,recto,,images/pages-recto/108o.png,images/archive-original/1270-1279/108o.jpg,1270-1279,6,90-cw,1,2024,1436,C.O.O. Brugge,Begijnhof,,1274,04,13,,0,0
109,109m.jpg,verso,0,verso,,images/pages-verso/109m.png,images/archive-original/1270-1279/109m.jpg,1270-1279,6,90-cw,1,2024,1436,RA Brugge,Vrije,900,1274,05,26,,0,0
109,109o.jpg,recto,1,recto,,images/pages-recto/109o.png,images/archive-original/1270-1279/109o.jpg,1270-1279,6,90-cw,1,2024,1436,RA Brugge,Vrije,900,1274,05,26,,0,0
110,110m.jpg,verso,0,verso,,images/pages-verso/110m.png,images/archive-original/1270-1279/110m.jpg,1270-1279,6,90-cw,1,1654,1168,RA Gent,Sint-Baafs,,1274,08,26,,0,0
110,110o.jpg,recto,1,recto,,images/pages-recto/110o.png,images/archive-original/1270-1279/110o.jpg,1270-1279,6,90-cw,1,1654,1168,RA Gent,Sint-Baafs,,1274,08,26,,0,0
111,111m.jpg,verso,0,verso,,images/pages-verso/111m.png,images/archive-original/1270-1279/111m.jpg,1270-1279,6,90-cw,1,2024,1436,Groot Seminarie Brugge,Eekhout,,1274,09,15,,0,0
111,111o.jpg,recto,1,recto,,images/pages-recto/111o.png,images/archive-original/1270-1279/111o.jpg,1270-1279,6,90-cw,1,2024,1436,Groot Seminarie Brugge,Eekhout,,1274,09,15,,0,0
112,112m.jpg,verso,0,verso,,images/pages-verso/112m.png,images/archive-original/1270-1279/112m.jpg,1270-1279,6,90-cw,1,2024,1436,RA Brugge,blauw,3141,1274,10,20,,0,0
112,112o.jpg,recto,1,recto,,images/pages-recto/112o.png,images/archive-original/1270-1279/112o.jpg,1270-1279,6,90-cw,1,2024,1436,RA Brugge,blauw,3141,1274,10,20,,0,0
113,113m.jpg,verso,0,verso,,images/pages-verso/113m.png,images/archive-original/1270-1279/113m.jpg,1270-1279,6,90-cw,1,2024,1436,RA Brugge,blauw,7117,1275,02,01,,0,0
113,113o.jpg,recto,1,recto,,images/pages-recto/113o.png,images/archive-original/1270-1279/113o.jpg,1270-1279,6,90-cw,1,2024,1436,RA Brugge,blauw,7117,1275,02,01,,0,0
114,114m.jpg,verso,0,verso,,images/pages-verso/114m.png,images/archive-original/1270-1279/114m.jpg,1270-1279,1,native,0,1656,2339,Algemeen Rijksarchief Den Haag,Grafelijkheid,,1275,04,26,,0,0
114,114o.jpg,recto,1,recto,,images/pages-recto/114o.png,images/archive-original/1270-1279/114o.jpg,1270-1279,1,native,0,2339,1656,Algemeen Rijksarchief Den Haag,Grafelijkheid,,1275,04,26,,0,1
115,115m.jpg,verso,0,verso,,images/pages-verso/115m.png,images/archive-original/1270-1279/115m.jpg,1270-1279,6,90-cw,1,2024,1436,Groot Seminarie Brugge,Ter Duinen,,1275,05,31,,0,0
115,115o.jpg,recto,1,recto,,images/pages-recto/115o.png,images/archive-original/1270-1279/115o.jpg,1270-1279,6,90-cw,1,2024,1436,Groot Seminarie Brugge,Ter Duinen,,1275,05,31,,0,0
116,116m.jpg,verso,0,verso,,images/pages-verso/116m.png,images/archive-original/1270-1279/116m.jpg,1270-1279,6,90-cw,1,2024,1436,Potterie Brugge,,,1275,07,13,,0,0
116,116o.jpg,recto,1,recto,,images/pages-recto/116o.png,images/archive-original/1270-1279/116o.jpg,1270-1279,6,90-cw,1,2024,1436,Potterie Brugge,,,1275,07,13,,0,0
117,117m.jpg,verso,0,verso,,images/pages-verso/117m.png,images/archive-original/1270-1279/117m.jpg,1270-1279,6,90-cw,1,2024,1436,Spermalie Brugge,,,1275,12,10,,0,0
117,117o.jpg,recto,1,recto,,images/pages-recto/117o.png,images/archive-original/1270-1279/117o.jpg,1270-1279,6,90-cw,1,2024,1436,Spermalie Brugge,,,1275,12,10,,0,0
118,118m.jpg,verso,0,verso,,images/pages-verso/118m.png,images/archive-original/1270-1279/118m.jpg,1270-1279,6,90-cw,1,2024,1436,Spermalie Brugge,,,1275,12,10,,0,0
118,118o.jpg,recto,0,neardup_of=117o,,images/pages-recto/118o.png,images/archive-original/1270-1279/118o.jpg,1270-1279,6,90-cw,1,2024,1436,Spermalie Brugge,,,1275,12,10,,0,0
119,119m.jpg,verso,0,verso,,images/pages-verso/119m.png,images/archive-original/1270-1279/119m.jpg,1270-1279,6,90-cw,1,2024,1436,Spermalie Brugge,,,1275,12,10,,0,0
119,119o.jpg,recto,0,neardup_of=117o,,images/pages-recto/119o.png,images/archive-original/1270-1279/119o.jpg,1270-1279,6,90-cw,1,2024,1436,Spermalie Brugge,,,1275,12,10,,0,0
120,120m.jpg,verso,0,verso,,images/pages-verso/120m.png,images/archive-original/1270-1279/120m.jpg,1270-1279,6,90-cw,1,2024,1436,Spermalie Brugge,,,1275,12,10,,0,0
120,120o.jpg,recto,0,neardup_of=117o,,images/pages-recto/120o.png,images/archive-original/1270-1279/120o.jpg,1270-1279,6,90-cw,1,2024,1436,Spermalie Brugge,,,1275,12,10,,0,0
121,121m.jpg,verso,0,verso,,images/pages-verso/121m.png,images/archive-original/1270-1279/121m.jpg,1270-1279,6,90-cw,1,1654,1168,RA Gent,Sint-Baafs,,1276,02,09,,0,0
121,121o.jpg,recto,1,recto,,images/pages-recto/121o.png,images/archive-original/1270-1279/121o.jpg,1270-1279,6,90-cw,1,1654,1168,RA Gent,Sint-Baafs,,1276,02,09,,0,0
122,122m.jpg,verso,0,verso,,images/pages-verso/122m.png,images/archive-original/1270-1279/122m.jpg,1270-1279,1,native,0,1656,2339,Algemeen Rijksarchief Den Haag,Putten,,1276,04,19,,0,0
122,122o.jpg,recto,1,recto,,images/pages-recto/122o.png,images/archive-original/1270-1279/122o.jpg,1270-1279,1,native,0,1656,2339,Algemeen Rijksarchief Den Haag,Putten,,1276,04,19,,0,1
123,123m.jpg,verso,0,verso,,images/pages-verso/123m.png,images/archive-original/1270-1279/123m.jpg,1270-1279,,missing,0,1656,2339,Algemeen Rijksarchief Den Haag,Putten,,1276,04,19,,0,0
123,123o.jpg,recto,0,neardup_of=122o,,images/pages-recto/123o.png,images/archive-original/1270-1279/123o.jpg,1270-1279,1,native,0,1656,2339,Algemeen Rijksarchief Den Haag,Putten,,1276,04,19,,0,1
124,124m.jpg,verso,0,verso,,images/pages-verso/124m.png,images/archive-original/1270-1279/124m.jpg,1270-1279,,missing,0,1436,2024,Sint-Janshospitaal Brugge,,,1276,04,30,,0,0
124,124o.jpg,recto,1,recto,,images/pages-recto/124o.png,images/archive-original/1270-1279/124o.jpg,1270-1279,6,90-cw,1,2024,1436,Sint-Janshospitaal Brugge,,,1276,04,30,,0,0
125,125m.jpg,verso,0,verso,,images/pages-verso/125m.png,images/archive-original/1270-1279/125m.jpg,1270-1279,6,90-cw,1,2024,1436,Groot Seminarie Brugge,Eekhout,,1276,07,24,,0,0
125,125o.jpg,recto,1,recto,,images/pages-recto/125o.png,images/archive-original/1270-1279/125o.jpg,1270-1279,6,90-cw,1,2024,1436,Groot Seminarie Brugge,Eekhout,,1276,07,24,,0,0
126,126m.jpg,verso,0,verso,,images/pages-verso/126m.png,images/archive-original/1270-1279/126m.jpg,1270-1279,6,90-cw,1,2024,1436,RA Antwerpen,Sint-Bernards,,1276,07,27,,0,0
126,126o.jpg,recto,1,recto,,images/pages-recto/126o.png,images/archive-original/1270-1279/126o.jpg,1270-1279,6,90-cw,1,2024,1436,RA Antwerpen,Sint-Bernards,,1276,07,27,,0,0
127,127m.jpg,verso,0,verso,,images/pages-verso/127m.png,images/archive-original/1270-1279/127m.jpg,1270-1279,1,native,0,1436,2024,Sint-Janshospitaal Brugge,,,1276,08,01,,0,0
127,127o.jpg,recto,1,recto,,images/pages-recto/127o.png,images/archive-original/1270-1279/127o.jpg,1270-1279,6,90-cw,1,2024,1436,Sint-Janshospitaal Brugge,,,1276,08,01,,0,0
128,128m.jpg,verso,0,verso,,images/pages-verso/128m.png,images/archive-original/1270-1279/128m.jpg,1270-1279,6,90-cw,1,1654,1168,RA Gent,Rijke Gasthuis,,1277,01,17,,0,0
128,128o.jpg,recto,1,recto,,images/pages-recto/128o.png,images/archive-original/1270-1279/128o.jpg,1270-1279,6,90-cw,1,1654,1168,RA Gent,Rijke Gasthuis,,1277,01,17,,0,0
129,129m.jpg,verso,0,verso,,images/pages-verso/129m.png,images/archive-original/1270-1279/129m.jpg,1270-1279,6,90-cw,1,2024,1436,Groot Seminarie Brugge,Zonnebeke,,1277,02,19,,0,0
129,129o.jpg,recto,1,recto,,images/pages-recto/129o.png,images/archive-original/1270-1279/129o.jpg,1270-1279,6,90-cw,1,2024,1436,Groot Seminarie Brugge,Zonnebeke,,1277,02,19,,0,0
130,130m.jpg,verso,0,verso,,images/pages-verso/130m.png,images/archive-original/1270-1279/130m.jpg,1270-1279,6,90-cw,1,2024,1436,C.O.O. Brugge,Begijnhof,,1277,02,20,,0,0
130,130o.jpg,recto,1,recto,,images/pages-recto/130o.png,images/archive-original/1270-1279/130o.jpg,1270-1279,6,90-cw,1,2024,1436,C.O.O. Brugge,Begijnhof,,1277,02,20,,0,0
131,131m.jpg,verso,0,verso,,images/pages-verso/131m.png,images/archive-original/1270-1279/131m.jpg,1270-1279,6,90-cw,1,2024,1436,Groot Seminarie Brugge,Zonnebeke,,1277,02,26,,0,0
131,131o.jpg,recto,1,recto,,images/pages-recto/131o.png,images/archive-original/1270-1279/131o.jpg,1270-1279,6,90-cw,1,2024,1436,Groot Seminarie Brugge,Zonnebeke,,1277,02,26,,0,0
132,132m.jpg,verso,0,verso,,images/pages-verso/132m.png,images/archive-original/1270-1279/132m.jpg,1270-1279,1,native,0,1436,2024,Sint-Janshospitaal Brugge,,,1277,03,12,,0,0
132,132o.jpg,recto,1,recto,,images/pages-recto/132o.png,images/archive-original/1270-1279/132o.jpg,1270-1279,6,90-cw,1,2024,1436,Sint-Janshospitaal Brugge,,,1277,03,12,,0,0
133,133m.jpg,verso,0,verso,,images/pages-verso/133m.png,images/archive-original/1270-1279/133m.jpg,1270-1279,1,native,0,1656,2339,COO Brussel,Sint-Janshospitaal,,1277,06,10,,0,0
133,133o.jpg,recto,1,recto,,images/pages-recto/133o.png,images/archive-original/1270-1279/133o.jpg,1270-1279,6,90-cw,1,2339,1656,COO Brussel,Sint-Janshospitaal,,1277,06,10,,0,0
134,134m.jpg,verso,0,verso,,images/pages-verso/134m.png,images/archive-original/1270-1279/134m.jpg,1270-1279,1,native,0,1656,2339,COO Brussel,Sint-Janshospitaal,,1277,06,11,,0,0
134,134o.jpg,recto,0,neardup_of=135o,,images/pages-recto/134o.png,images/archive-original/1270-1279/134o.jpg,1270-1279,6,90-cw,1,2339,1656,COO Brussel,Sint-Janshospitaal,,1277,06,11,,0,0
135,135m.jpg,verso,0,verso,,images/pages-verso/135m.png,images/archive-original/1270-1279/135m.jpg,1270-1279,,missing,0,1656,2339,COO Brussel,Sint-Janshospitaal,,1277,06,11,,0,0
135,135o.jpg,recto,1,recto,,images/pages-recto/135o.png,images/archive-original/1270-1279/135o.jpg,1270-1279,6,90-cw,1,2339,1656,COO Brussel,Sint-Janshospitaal,,1277,06,11,,0,0
136,136m.jpg,verso,0,verso,,images/pages-verso/136m.png,images/archive-original/1270-1279/136m.jpg,1270-1279,,missing,0,1656,2339,Algemeen Rijksarchief Den Haag,Voorne,,1277,06,23,,0,0
136,136o.jpg,recto,1,recto,,images/pages-recto/136o.png,images/archive-original/1270-1279/136o.jpg,1270-1279,1,native,0,2339,1656,Algemeen Rijksarchief Den Haag,Voorne,,1277,06,23,,0,0
137,137m.jpg,verso,0,verso,,images/pages-verso/137m.png,images/archive-original/1270-1279/137m.jpg,1270-1279,6,90-cw,1,2024,1436,Bornem,,,1277,07,04,,0,0
137,137o.jpg,recto,0,neardup_of=138o,,images/pages-recto/137o.png,images/archive-original/1270-1279/137o.jpg,1270-1279,6,90-cw,1,2024,1436,Bornem,,,1277,07,04,,0,0
138,138m.jpg,verso,0,verso,,images/pages-verso/138m.png,images/archive-original/1270-1279/138m.jpg,1270-1279,6,90-cw,1,2024,1436,Bornem,,,1277,07,04,,0,0
138,138o.jpg,recto,1,recto,,images/pages-recto/138o.png,images/archive-original/1270-1279/138o.jpg,1270-1279,6,90-cw,1,2024,1436,Bornem,,,1277,07,04,,0,0
139,139m.jpg,verso,0,verso,,images/pages-verso/139m.png,images/archive-original/1270-1279/139m.jpg,1270-1279,6,90-cw,1,2024,1436,Bornem,,,1277,07,04,,0,0
139,139o.jpg,recto,0,neardup_of=138o,,images/pages-recto/139o.png,images/archive-original/1270-1279/139o.jpg,1270-1279,6,90-cw,1,2024,1436,Bornem,,,1277,07,04,,0,0
140,140m.jpg,verso,0,verso,,images/pages-verso/140m.png,images/archive-original/1270-1279/140m.jpg,1270-1279,6,90-cw,1,2024,1436,RA Brugge,blauw,6752,1277,07,17,,0,0
140,140o.jpg,recto,1,recto,,images/pages-recto/140o.png,images/archive-original/1270-1279/140o.jpg,1270-1279,6,90-cw,1,2024,1436,RA Brugge,blauw,6752,1277,07,17,,0,0
141,141m.jpg,verso,0,verso,,images/pages-verso/141m.png,images/archive-original/1270-1279/141m.jpg,1270-1279,,missing,0,1436,2024,Sint-Janshospitaal Brugge,,,1277,07,18,,0,0
141,141o.jpg,recto,1,recto,,images/pages-recto/141o.png,images/archive-original/1270-1279/141o.jpg,1270-1279,6,90-cw,1,2024,1436,Sint-Janshospitaal Brugge,,,1277,07,18,,0,0
142,142m.jpg,verso,0,verso,,images/pages-verso/142m.png,images/archive-original/1270-1279/142m.jpg,1270-1279,,missing,0,1436,2024,Sint-Janshospitaal Brugge,,,1277,07,xx,,0,0
142,142o.jpg,recto,1,recto,,images/pages-recto/142o.png,images/archive-original/1270-1279/142o.jpg,1270-1279,6,90-cw,1,2024,1436,Sint-Janshospitaal Brugge,,,1277,07,xx,,0,0
143,143m.jpg,verso,0,verso,,images/pages-verso/143m.png,images/archive-original/1270-1279/143m.jpg,1270-1279,6,90-cw,1,2024,1436,Potterie Brugge,,,1277,08,15,,0,0
143,143o.jpg,recto,1,recto,,images/pages-recto/143o.png,images/archive-original/1270-1279/143o.jpg,1270-1279,6,90-cw,1,2024,1436,Potterie Brugge,,,1277,08,15,,0,0
144,144m.jpg,verso,0,verso,,images/pages-verso/144m.png,images/archive-original/1270-1279/144m.jpg,1270-1279,6,90-cw,1,2024,1436,Potterie Brugge,,,1277,09,17,,0,0
144,144o.jpg,recto,1,recto,,images/pages-recto/144o.png,images/archive-original/1270-1279/144o.jpg,1270-1279,6,90-cw,1,2024,1436,Potterie Brugge,,,1277,09,17,,0,0
145,145m.jpg,verso,0,verso,,images/pages-verso/145m.png,images/archive-original/1270-1279/145m.jpg,1270-1279,6,90-cw,1,1654,1168,RA Gent,Rijke Gasthuis,,1277,09,22,,0,0
145,145o.jpg,recto,1,recto,,images/pages-recto/145o.png,images/archive-original/1270-1279/145o.jpg,1270-1279,6,90-cw,1,1654,1168,RA Gent,Rijke Gasthuis,,1277,09,22,,0,0
146,146m.jpg,verso,0,verso,,images/pages-verso/146m.png,images/archive-original/1270-1279/146m.jpg,1270-1279,6,90-cw,1,2024,1436,Potterie Brugge,,,1277,09,24,,0,0
146,146o.jpg,recto,1,recto,,images/pages-recto/146o.png,images/archive-original/1270-1279/146o.jpg,1270-1279,6,90-cw,1,2024,1436,Potterie Brugge,,,1277,09,24,,0,0
147,147m.jpg,verso,0,verso,,images/pages-verso/147m.png,images/archive-original/1270-1279/147m.jpg,1270-1279,6,90-cw,1,1654,1168,RA Gent,Rijke Gasthuis,A,1277,10,03,,0,0
147,147o.jpg,recto,1,recto,,images/pages-recto/147o.png,images/archive-original/1270-1279/147o.jpg,1270-1279,6,90-cw,1,1654,1168,RA Gent,Rijke Gasthuis,A,1277,10,03,,0,0
148,148m.jpg,verso,0,verso,,images/pages-verso/148m.png,images/archive-original/1270-1279/148m.jpg,1270-1279,,missing,0,1436,2024,Sint-Janshospitaal Brugge,,,1277,10,05,,0,0
148,148o.jpg,recto,1,recto,,images/pages-recto/148o.png,images/archive-original/1270-1279/148o.jpg,1270-1279,6,90-cw,1,2024,1436,Sint-Janshospitaal Brugge,,,1277,10,05,,0,0
149,149m.jpg,verso,0,verso,,images/pages-verso/149m.png,images/archive-original/1270-1279/149m.jpg,1270-1279,6,90-cw,1,1654,1168,RA Gent,Rijke Gasthuis,A,1277,10,11,"bovenaan A, onderaan A",0,0
149,149o.jpg,recto,1,recto,,images/pages-recto/149o.png,images/archive-original/1270-1279/149o.jpg,1270-1279,6,90-cw,1,1654,1168,RA Gent,Rijke Gasthuis,A,1277,10,11,"bovenaan A, onderaan A",0,0
150,150m.jpg,verso,0,verso,,images/pages-verso/150m.png,images/archive-original/1270-1279/150m.jpg,1270-1279,6,90-cw,1,2024,1436,Potterie Brugge,,,1277,10,29,,0,0
150,150o.jpg,recto,1,recto,,images/pages-recto/150o.png,images/archive-original/1270-1279/150o.jpg,1270-1279,6,90-cw,1,2024,1436,Potterie Brugge,,,1277,10,29,,0,0
151,151m.jpg,verso,0,verso,,images/pages-verso/151m.png,images/archive-original/1270-1279/151m.jpg,1270-1279,6,90-cw,1,1654,1168,RA Gent,Gaillard,756,1277,12,19,,0,0
151,151o.jpg,recto,1,recto,,images/pages-recto/151o.png,images/archive-original/1270-1279/151o.jpg,1270-1279,6,90-cw,1,1654,1168,RA Gent,Gaillard,756,1277,12,19,,0,0
152,152m.jpg,verso,0,verso,,images/pages-verso/152m.png,images/archive-original/1270-1279/152m.jpg,1270-1279,6,90-cw,1,2024,1436,RA Brugge,blauw,3251,1278,01,21,,0,0
152,152o.jpg,recto,1,recto,,images/pages-recto/152o.png,images/archive-original/1270-1279/152o.jpg,1270-1279,6,90-cw,1,2024,1436,RA Brugge,blauw,3251,1278,01,21,,0,0
153,153m.jpg,verso,0,verso,,images/pages-verso/153m.png,images/archive-original/1270-1279/153m.jpg,1270-1279,6,90-cw,1,1654,1168,RA Gent,Sint-Pietersabdij,,1278,01,31,,0,0
153,153o.jpg,recto,1,recto,,images/pages-recto/153o.png,images/archive-original/1270-1279/153o.jpg,1270-1279,6,90-cw,1,1654,1168,RA Gent,Sint-Pietersabdij,,1278,01,31,,0,0
154,154m.jpg,verso,0,verso,,images/pages-verso/154m.png,images/archive-original/1270-1279/154m.jpg,1270-1279,6,90-cw,1,1654,1168,RA Gent,Sint-Pietersabdij,,1278,01,31,,0,0
154,154o.jpg,recto,1,recto,,images/pages-recto/154o.png,images/archive-original/1270-1279/154o.jpg,1270-1279,6,90-cw,1,1654,1168,RA Gent,Sint-Pietersabdij,,1278,01,31,,0,0
155,155m.jpg,verso,0,verso,,images/pages-verso/155m.png,images/archive-original/1270-1279/155m.jpg,1270-1279,6,90-cw,1,2024,1436,Groot Seminarie Brugge,Ter Duinen,,1278,02,26,,0,0
155,155o.jpg,recto,1,recto,,images/pages-recto/155o.png,images/archive-original/1270-1279/155o.jpg,1270-1279,6,90-cw,1,2024,1436,Groot Seminarie Brugge,Ter Duinen,,1278,02,26,,0,0
156,156m.jpg,verso,0,verso,,images/pages-verso/156m.png,images/archive-original/1270-1279/156m.jpg,1270-1279,6,90-cw,1,2024,1436,Bisdom Brugge,Urbanisten,,1278,03,19,,0,0
156,156o.jpg,recto,1,recto,,images/pages-recto/156o.png,images/archive-original/1270-1279/156o.jpg,1270-1279,6,90-cw,1,2024,1436,Bisdom Brugge,Urbanisten,,1278,03,19,,0,0
157,157m.jpg,verso,0,verso,,images/pages-verso/157m.png,images/archive-original/1270-1279/157m.jpg,1270-1279,6,90-cw,1,2024,1436,Bisdom Brugge,Urbanisten,,1278,03,26,,0,0
157,157o.jpg,recto,1,recto,,images/pages-recto/157o.png,images/archive-original/1270-1279/157o.jpg,1270-1279,6,90-cw,1,2024,1436,Bisdom Brugge,Urbanisten,,1278,03,26,,0,0
158,158m.jpg,verso,0,verso,,images/pages-verso/158m.png,images/archive-original/1270-1279/158m.jpg,1270-1279,6,90-cw,1,1654,1168,RA Gent,Rijke Gasthuis,,1278,04,xx,,0,0
158,158o.jpg,recto,1,recto,,images/pages-recto/158o.png,images/archive-original/1270-1279/158o.jpg,1270-1279,6,90-cw,1,1654,1168,RA Gent,Rijke Gasthuis,,1278,04,xx,,0,0
159,159m.jpg,verso,0,verso,,images/pages-verso/159m.png,images/archive-original/1270-1279/159m.jpg,1270-1279,6,90-cw,1,1654,1168,RA Gent,Nieuwenbosse,,1278,05,05,,0,0
159,159o.jpg,recto,1,recto,,images/pages-recto/159o.png,images/archive-original/1270-1279/159o.jpg,1270-1279,6,90-cw,1,1654,1168,RA Gent,Nieuwenbosse,,1278,05,05,,0,0
160,160m.jpg,verso,0,verso,,images/pages-verso/160m.png,images/archive-original/1270-1279/160m.jpg,1270-1279,6,90-cw,1,2024,1436,Potterie Brugge,,,1278,05,10,,0,0
160,160o.jpg,recto,1,recto,,images/pages-recto/160o.png,images/archive-original/1270-1279/160o.jpg,1270-1279,6,90-cw,1,2024,1436,Potterie Brugge,,,1278,05,10,,0,0
161,161m.jpg,verso,0,verso,,images/pages-verso/161m.png,images/archive-original/1270-1279/161m.jpg,1270-1279,6,90-cw,1,1654,1168,RA Gent,chron. suppl. 91,,1278,xx,xx,,0,0
161,161o.jpg,recto,1,recto,,images/pages-recto/161o.png,images/archive-original/1270-1279/161o.jpg,1270-1279,6,90-cw,1,1654,1168,RA Gent,chron. suppl. 91,,1278,xx,xx,,0,0
162,162m.jpg,verso,0,verso,,images/pages-verso/162m.png,images/archive-original/1270-1279/162m.jpg,1270-1279,6,90-cw,1,2024,1436,Potterie Brugge,,,1278,06,15,,0,0
162,162o.jpg,recto,1,recto,,images/pages-recto/162o.png,images/archive-original/1270-1279/162o.jpg,1270-1279,6,90-cw,1,2024,1436,Potterie Brugge,,,1278,06,15,,0,0
163,163m.jpg,verso,0,verso,,images/pages-verso/163m.png,images/archive-original/1270-1279/163m.jpg,1270-1279,6,90-cw,1,2024,1436,Groot Seminarie Brugge,Ter Duinen,,1278,06,22,,0,0
163,163o.jpg,recto,1,recto,,images/pages-recto/163o.png,images/archive-original/1270-1279/163o.jpg,1270-1279,6,90-cw,1,2024,1436,Groot Seminarie Brugge,Ter Duinen,,1278,06,22,,0,0
164,164m.jpg,verso,0,verso,,images/pages-verso/164m.png,images/archive-original/1270-1279/164m.jpg,1270-1279,1,native,0,1436,2024,Sint-Janshospitaal Brugge,,,1278,07,29,,0,0
164,164o.jpg,recto,1,recto,,images/pages-recto/164o.png,images/archive-original/1270-1279/164o.jpg,1270-1279,6,90-cw,1,2024,1436,Sint-Janshospitaal Brugge,,,1278,07,29,,0,0
165,165m.jpg,verso,0,verso,,images/pages-verso/165m.png,images/archive-original/1270-1279/165m.jpg,1270-1279,,missing,0,1656,2339,Algemeen Rijksarchief Den Haag,Grafelijkheid,,1278,08,28,,0,0
165,165o.jpg,recto,1,recto,,images/pages-recto/165o.png,images/archive-original/1270-1279/165o.jpg,1270-1279,1,native,0,2339,1656,Algemeen Rijksarchief Den Haag,Grafelijkheid,,1278,08,28,,0,1
166,166m.jpg,verso,0,verso,,images/pages-verso/166m.png,images/archive-original/1270-1279/166m.jpg,1270-1279,,missing,0,1656,2339,Algemeen Rijksarchief Den Haag,Zeeland,,1278,08,15,,0,0
166,166o.jpg,recto,1,recto,,images/pages-recto/166o.png,images/archive-original/1270-1279/166o.jpg,1270-1279,1,native,0,2339,1656,Algemeen Rijksarchief Den Haag,Zeeland,,1278,08,15,,0,0
167,167m.jpg,verso,0,verso,,images/pages-verso/167m.png,images/archive-original/1270-1279/167m.jpg,1270-1279,,missing,0,1656,2339,Algemeen Rijksarchief Den Haag,Zeeland,,1278,08,15,,0,0
167,167o.jpg,recto,0,neardup_of=166o,,images/pages-recto/167o.png,images/archive-original/1270-1279/167o.jpg,1270-1279,1,native,0,2339,1656,Algemeen Rijksarchief Den Haag,Zeeland,,1278,08,15,,0,0
168,168m.jpg,verso,0,verso,,images/pages-verso/168m.png,images/archive-original/1270-1279/168m.jpg,1270-1279,6,90-cw,1,2024,1436,Bornem,,,1278,09,21,,0,0
168,168o.jpg,recto,1,recto,,images/pages-recto/168o.png,images/archive-original/1270-1279/168o.jpg,1270-1279,6,90-cw,1,2024,1436,Bornem,,,1278,09,21,,0,0
169,169m.jpg,verso,0,verso,,images/pages-verso/169m.png,images/archive-original/1270-1279/169m.jpg,1270-1279,6,90-cw,1,1654,1168,RA Gent,priorij Poperinge,,1278,09,24,,0,0
169,169o.jpg,recto,1,recto,,images/pages-recto/169o.png,images/archive-original/1270-1279/169o.jpg,1270-1279,6,90-cw,1,1654,1168,RA Gent,priorij Poperinge,,1278,09,24,,0,0
170,170m.jpg,verso,0,verso,,images/pages-verso/170m.png,images/archive-original/1270-1279/170m.jpg,1270-1279,6,90-cw,1,2024,1436,Groot Seminarie Brugge,Ter Duinen,,1278,11,16,,0,0
170,170o.jpg,recto,1,recto,,images/pages-recto/170o.png,images/archive-original/1270-1279/170o.jpg,1270-1279,6,90-cw,1,2024,1436,Groot Seminarie Brugge,Ter Duinen,,1278,11,16,,0,0
171,171m.jpg,verso,0,verso,,images/pages-verso/171m.png,images/archive-original/1270-1279/171m.jpg,1270-1279,6,90-cw,1,2024,1436,RA Brugge,blauw,3139,1279,02,17,,0,0
171,171o.jpg,recto,1,recto,,images/pages-recto/171o.png,images/archive-original/1270-1279/171o.jpg,1270-1279,6,90-cw,1,2024,1436,RA Brugge,blauw,3139,1279,02,17,,0,0
172,172m.jpg,verso,0,verso,,images/pages-verso/172m.png,images/archive-original/1270-1279/172m.jpg,1270-1279,6,90-cw,1,1654,1168,RA Gent,Rijke Gasthuis,,1279,02,xx,,0,0
172,172o.jpg,recto,1,recto,,images/pages-recto/172o.png,images/archive-original/1270-1279/172o.jpg,1270-1279,6,90-cw,1,1654,1168,RA Gent,Rijke Gasthuis,,1279,02,xx,,0,0
173,173m.jpg,verso,0,verso,,images/pages-verso/173m.png,images/archive-original/1270-1279/173m.jpg,1270-1279,6,90-cw,1,2024,1436,Potterie Brugge,,,1279,03,30,,0,0
173,173o.jpg,recto,1,recto,,images/pages-recto/173o.png,images/archive-original/1270-1279/173o.jpg,1270-1279,6,90-cw,1,2024,1436,Potterie Brugge,,,1279,03,30,,0,0
174,174m.jpg,verso,0,verso,,images/pages-verso/174m.png,images/archive-original/1270-1279/174m.jpg,1270-1279,6,90-cw,1,1654,1168,RA Ronse,abdij Ename,,1279,03,30,,0,0
174,174o.jpg,recto,1,recto,,images/pages-recto/174o.png,images/archive-original/1270-1279/174o.jpg,1270-1279,6,90-cw,1,1654,1168,RA Ronse,abdij Ename,,1279,03,30,,0,0
175,175m.jpg,verso,0,verso,,images/pages-verso/175m.png,images/archive-original/1270-1279/175m.jpg,1270-1279,6,90-cw,1,2024,1436,C.O.O. Brugge,Begijnhof,,1279,04,15,,0,0
175,175o.jpg,recto,1,recto,,images/pages-recto/175o.png,images/archive-original/1270-1279/175o.jpg,1270-1279,6,90-cw,1,2024,1436,C.O.O. Brugge,Begijnhof,,1279,04,15,,0,0
176,176m.jpg,verso,0,verso,,images/pages-verso/176m.png,images/archive-original/1270-1279/176m.jpg,1270-1279,6,90-cw,1,2024,1436,Groot Seminarie Brugge,Ter Duinen,,1279,04,20,,0,0
176,176o.jpg,recto,1,recto,,images/pages-recto/176o.png,images/archive-original/1270-1279/176o.jpg,1270-1279,6,90-cw,1,2024,1436,Groot Seminarie Brugge,Ter Duinen,,1279,04,20,,0,0
177,177m.jpg,verso,0,verso,,images/pages-verso/177m.png,images/archive-original/1270-1279/177m.jpg,1270-1279,6,90-cw,1,2024,1436,RA Brugge,blauw,4258,1279,04,22,,0,0
177,177o.jpg,recto,1,recto,,images/pages-recto/177o.png,images/archive-original/1270-1279/177o.jpg,1270-1279,6,90-cw,1,2024,1436,RA Brugge,blauw,4258,1279,04,22,,0,0
178,178m.jpg,verso,0,verso,,images/pages-verso/178m.png,images/archive-original/1270-1279/178m.jpg,1270-1279,6,90-cw,1,2024,1436,Potterie Brugge,,,1279,04,28,,0,0
178,178o.jpg,recto,1,recto,,images/pages-recto/178o.png,images/archive-original/1270-1279/178o.jpg,1270-1279,6,90-cw,1,2024,1436,Potterie Brugge,,,1279,04,28,,0,0
179,179m.jpg,verso,0,verso,,images/pages-verso/179m.png,images/archive-original/1270-1279/179m.jpg,1270-1279,6,90-cw,1,2024,1436,Potterie Brugge,,,1279,06,02,,0,0
179,179o.jpg,recto,1,recto,,images/pages-recto/179o.png,images/archive-original/1270-1279/179o.jpg,1270-1279,6,90-cw,1,2024,1436,Potterie Brugge,,,1279,06,02,,0,0
180,180m.jpg,verso,0,verso,,images/pages-verso/180m.png,images/archive-original/1270-1279/180m.jpg,1270-1279,6,90-cw,1,2024,1436,Potterie Brugge,,,1279,06,02,,0,0
180,180o.jpg,recto,1,recto,,images/pages-recto/180o.png,images/archive-original/1270-1279/180o.jpg,1270-1279,6,90-cw,1,2024,1436,Potterie Brugge,,,1279,06,02,,0,0
181,181m.jpg,verso,0,verso,,images/pages-verso/181m.png,images/archive-original/1270-1279/181m.jpg,1270-1279,6,90-cw,1,2024,1436,Potterie Brugge,,,1279,06,27,,0,0
181,181o.jpg,recto,1,recto,,images/pages-recto/181o.png,images/archive-original/1270-1279/181o.jpg,1270-1279,6,90-cw,1,2024,1436,Potterie Brugge,,,1279,06,27,,0,0
182,182m.jpg,verso,0,verso,,images/pages-verso/182m.png,images/archive-original/1270-1279/182m.jpg,1270-1279,1,native,0,1436,2024,Sint-Janshospitaal Brugge,,,1279,06,27,,0,0
182,182o.jpg,recto,1,recto,,images/pages-recto/182o.png,images/archive-original/1270-1279/182o.jpg,1270-1279,6,90-cw,1,2024,1436,Sint-Janshospitaal Brugge,,,1279,06,27,,0,0
183,183m.jpg,verso,0,verso,,images/pages-verso/183m.png,images/archive-original/1270-1279/183m.jpg,1270-1279,6,90-cw,1,2024,1436,Potterie Brugge,,,1279,06,01,,0,0
183,183o.jpg,recto,1,recto,,images/pages-recto/183o.png,images/archive-original/1270-1279/183o.jpg,1270-1279,6,90-cw,1,2024,1436,Potterie Brugge,,,1279,06,01,,0,0
184,184m.jpg,verso,0,verso,,images/pages-verso/184m.png,images/archive-original/1270-1279/184m.jpg,1270-1279,6,90-cw,1,2024,1436,Spermalie Brugge,,,1279,07,01,,0,0
184,184o.jpg,recto,1,recto,,images/pages-recto/184o.png,images/archive-original/1270-1279/184o.jpg,1270-1279,6,90-cw,1,2024,1436,Spermalie Brugge,,,1279,07,01,,0,0
185,185m.jpg,verso,0,verso,,images/pages-verso/185m.png,images/archive-original/1270-1279/185m.jpg,1270-1279,6,90-cw,1,2024,1436,Spermalie Brugge,,,1279,07,01,,0,0
185,185o.jpg,recto,1,recto,,images/pages-recto/185o.png,images/archive-original/1270-1279/185o.jpg,1270-1279,6,90-cw,1,2024,1436,Spermalie Brugge,,,1279,07,01,,0,0
186,186m.jpg,verso,0,verso,,images/pages-verso/186m.png,images/archive-original/1270-1279/186m.jpg,1270-1279,6,90-cw,1,2024,1436,Potterie Brugge,,,1279,07,01,,0,0
186,186o.jpg,recto,1,recto,,images/pages-recto/186o.png,images/archive-original/1270-1279/186o.jpg,1270-1279,6,90-cw,1,2024,1436,Potterie Brugge,,,1279,07,01,,0,0
187,187m.jpg,verso,0,verso,,images/pages-verso/187m.png,images/archive-original/1270-1279/187m.jpg,1270-1279,6,90-cw,1,2024,1436,C.O.O. Brugge,Begijnhof,,1279,07,07,,0,0
187,187o.jpg,recto,1,recto,,images/pages-recto/187o.png,images/archive-original/1270-1279/187o.jpg,1270-1279,6,90-cw,1,2024,1436,C.O.O. Brugge,Begijnhof,,1279,07,07,,0,0
188,188m.jpg,verso,0,verso,,images/pages-verso/188m.png,images/archive-original/1270-1279/188m.jpg,1270-1279,6,90-cw,1,2024,1436,Potterie Brugge,,,1279,07,14,,0,0
188,188o.jpg,recto,1,recto,,images/pages-recto/188o.png,images/archive-original/1270-1279/188o.jpg,1270-1279,6,90-cw,1,2024,1436,Potterie Brugge,,,1279,07,14,,0,0
189,189m.jpg,verso,0,verso,,images/pages-verso/189m.png,images/archive-original/1270-1279/189m.jpg,1270-1279,6,90-cw,1,2024,1436,RA Brugge,blauw,6753,1279,07,14,,0,0
189,189o.jpg,recto,1,recto,,images/pages-recto/189o.png,images/archive-original/1270-1279/189o.jpg,1270-1279,6,90-cw,1,2024,1436,RA Brugge,blauw,6753,1279,07,14,,0,0
190,190m.jpg,verso,0,verso,,images/pages-verso/190m.png,images/archive-original/1270-1279/190m.jpg,1270-1279,6,90-cw,1,2024,1436,Potterie Brugge,,,1279,08,19,,0,0
190,190o.jpg,recto,1,recto,,images/pages-recto/190o.png,images/archive-original/1270-1279/190o.jpg,1270-1279,6,90-cw,1,2024,1436,Potterie Brugge,,,1279,08,19,,0,0
191,191m.jpg,verso,0,verso,,images/pages-verso/191m.png,images/archive-original/1270-1279/191m.jpg,1270-1279,6,90-cw,1,2024,1436,Potterie Brugge,,,1279,09,09,,0,0
191,191o.jpg,recto,1,recto,,images/pages-recto/191o.png,images/archive-original/1270-1279/191o.jpg,1270-1279,6,90-cw,1,2024,1436,Potterie Brugge,,,1279,09,09,,0,0
192,192m.jpg,verso,0,verso,,images/pages-verso/192m.png,images/archive-original/1270-1279/192m.jpg,1270-1279,6,90-cw,1,2024,1436,Groot Seminarie Brugge,Eekhout,,1279,09,16,,0,0
192,192o.jpg,recto,1,recto,,images/pages-recto/192o.png,images/archive-original/1270-1279/192o.jpg,1270-1279,6,90-cw,1,2024,1436,Groot Seminarie Brugge,Eekhout,,1279,09,16,,0,0
193,193m.jpg,verso,0,verso,,images/pages-verso/193m.png,images/archive-original/1270-1279/193m.jpg,1270-1279,6,90-cw,1,2024,1436,Groot Seminarie Brugge,Ter Duinen,,1279,09,29,,0,0
193,193o.jpg,recto,1,recto,,images/pages-recto/193o.png,images/archive-original/1270-1279/193o.jpg,1270-1279,6,90-cw,1,2024,1436,Groot Seminarie Brugge,Ter Duinen,,1279,09,29,,0,0
194,194m.jpg,verso,0,verso,,images/pages-verso/194m.png,images/archive-original/1270-1279/194m.jpg,1270-1279,6,90-cw,1,1654,1168,RA Gent,Rijke Gasthuis,,1279,10,20,,0,0
194,194o.jpg,recto,1,recto,,images/pages-recto/194o.png,images/archive-original/1270-1279/194o.jpg,1270-1279,6,90-cw,1,1654,1168,RA Gent,Rijke Gasthuis,,1279,10,20,,0,0
195,195m.jpg,verso,0,verso,,images/pages-verso/195m.png,images/archive-original/1270-1279/195m.jpg,1270-1279,6,90-cw,1,2024,1436,Groot Seminarie Brugge,Ter Duinen,,1279,10,28,,0,0
195,195o.jpg,recto,1,recto,,images/pages-recto/195o.png,images/archive-original/1270-1279/195o.jpg,1270-1279,6,90-cw,1,2024,1436,Groot Seminarie Brugge,Ter Duinen,,1279,10,28,,0,0
196,196m.jpg,verso,0,verso,,images/pages-verso/196m.png,images/archive-original/1270-1279/196m.jpg,1270-1279,1,native,0,1436,2024,Sint-Janshospitaal Brugge,,,1279,10,31,,0,0
196,196o.jpg,recto,1,recto,,images/pages-recto/196o.png,images/archive-original/1270-1279/196o.jpg,1270-1279,6,90-cw,1,2024,1436,Sint-Janshospitaal Brugge,,,1279,10,31,,0,0
197,197m.jpg,verso,0,verso,,images/pages-verso/197m.png,images/archive-original/1270-1279/197m.jpg,1270-1279,6,90-cw,1,2024,1436,Groot Seminarie Brugge,Eekhout,,1279,11,04,,0,0
197,197o.jpg,recto,1,recto,,images/pages-recto/197o.png,images/archive-original/1270-1279/197o.jpg,1270-1279,6,90-cw,1,2024,1436,Groot Seminarie Brugge,Eekhout,,1279,11,04,,0,0
198,198m.jpg,verso,0,verso,,images/pages-verso/198m.png,images/archive-original/1270-1279/198m.jpg,1270-1279,,missing,0,1656,2339,Rijksarchief Utrecht,Sint-Marie,,1279,11,07,falsum 2e helft 14e eeuw,0,0
198,198o.jpg,recto,1,recto,,images/pages-recto/198o.png,images/archive-original/1270-1279/198o.jpg,1270-1279,6,90-cw,1,2339,1656,Rijksarchief Utrecht,Sint-Marie,,1279,11,07,falsum 2e helft 14e eeuw,0,0
199,199m.jpg,verso,0,verso,,images/pages-verso/199m.png,images/archive-original/1270-1279/199m.jpg,1270-1279,6,90-cw,1,2024,1436,C.O.O. Brugge,Begijnhof,,1279,11,25,,0,0
199,199o.jpg,recto,1,recto,,images/pages-recto/199o.png,images/archive-original/1270-1279/199o.jpg,1270-1279,6,90-cw,1,2024,1436,C.O.O. Brugge,Begijnhof,,1279,11,25,,0,0
200,200m.jpg,verso,0,verso,,images/pages-verso/200m.png,images/archive-original/1270-1279/200m.jpg,1270-1279,,missing,0,1436,2024,Sint-Janshospitaal Brugge,,,1279,11,17,,0,0
200,200o.jpg,recto,1,recto,,images/pages-recto/200o.png,images/archive-original/1270-1279/200o.jpg,1270-1279,6,90-cw,1,2024,1436,Sint-Janshospitaal Brugge,,,1279,11,17,,0,0
201,201m.jpg,verso,0,verso,,images/pages-verso/201m.png,images/archive-original/1270-1279/201m.jpg,1270-1279,6,90-cw,1,2024,1436,Bisdom Brugge,Urbanisten,,1279,12,01,,0,0
201,201o.jpg,recto,1,recto,,images/pages-recto/201o.png,images/archive-original/1270-1279/201o.jpg,1270-1279,6,90-cw,1,2024,1436,Bisdom Brugge,Urbanisten,,1279,12,01,,0,0
202,202m.jpg,verso,0,verso,,images/pages-verso/202m.png,images/archive-original/1270-1279/202m.jpg,1270-1279,6,90-cw,1,2024,1436,Potterie Brugge,,,1279,12,02,,0,0
202,202o.jpg,recto,1,recto,,images/pages-recto/202o.png,images/archive-original/1270-1279/202o.jpg,1270-1279,6,90-cw,1,2024,1436,Potterie Brugge,,,1279,12,02,,0,0
203,203m.jpg,verso,0,verso,,images/pages-verso/203m.png,images/archive-original/1270-1279/203m.jpg,1270-1279,6,90-cw,1,2024,1436,Groot Seminarie Brugge,Ter Duinen,,1279,12,15,,0,0
203,203o.jpg,recto,1,recto,,images/pages-recto/203o.png,images/archive-original/1270-1279/203o.jpg,1270-1279,6,90-cw,1,2024,1436,Groot Seminarie Brugge,Ter Duinen,,1279,12,15,,0,0
204,204m.jpg,verso,0,verso,,images/pages-verso/204m.png,images/archive-original/1270-1279/204m.jpg,1270-1279,6,90-cw,1,2024,1436,Bisdom Brugge,Urbanisten,,1279,12,16,,0,0
204,204o.jpg,recto,1,recto,,images/pages-recto/204o.png,images/archive-original/1270-1279/204o.jpg,1270-1279,6,90-cw,1,2024,1436,Bisdom Brugge,Urbanisten,,1279,12,16,,0,0
205,205m.jpg,verso,0,verso,,images/pages-verso/205m.png,images/archive-original/1270-1279/205m.jpg,1270-1279,6,90-cw,1,2024,1436,C.O.O. Brugge,Begijnhof,,1279,12,xx,,0,0
205,205o.jpg,recto,1,recto,,images/pages-recto/205o.png,images/archive-original/1270-1279/205o.jpg,1270-1279,8,90-ccw,1,2024,1436,C.O.O. Brugge,Begijnhof,,1279,12,xx,,0,0
206,206m.jpg,verso,0,verso,,images/pages-verso/206m.png,images/archive-original/1270-1279/206m.jpg,1270-1279,6,90-cw,1,2024,1436,AB Mechelen,Sint-Bernards,,1279,12,xx,,0,0
206,206o.jpg,recto,1,recto,,images/pages-recto/206o.png,images/archive-original/1270-1279/206o.jpg,1270-1279,6,90-cw,1,2024,1436,AB Mechelen,Sint-Bernards,,1279,12,xx,,0,0
207,207m.jpg,verso,0,verso,,images/pages-verso/207m.png,images/archive-original/1270-1279/207m.jpg,1270-1279,6,90-cw,1,2024,1436,Spermalie Brugge,,,1279,xx,xx,,0,0
207,207o.jpg,recto,1,recto,,images/pages-recto/207o.png,images/archive-original/1270-1279/207o.jpg,1270-1279,1,native,0,2024,1436,Spermalie Brugge,,,1279,xx,xx,,0,0
65,65m.jpg,verso,0,verso,,images/pages-verso/65m.png,images/archive-original/1270-1279/65m.jpg,1270-1279,6,90-cw,1,1654,1168,RA Gent,Saint-Genois,241,1278,12,31,,0,0
65,65o.jpg,recto,1,recto,,images/pages-recto/65o.png,images/archive-original/1270-1279/65o.jpg,1270-1279,6,90-cw,1,1654,1168,RA Gent,Saint-Genois,241,1278,12,31,,0,0
66,66m.jpg,verso,0,verso,,images/pages-verso/66m.png,images/archive-original/1270-1279/66m.jpg,1270-1279,6,90-cw,1,2024,1436,C.O.O. Brugge,Dis Sint-Gillis,,1270,04,04,,0,0
66,66o.jpg,recto,1,recto,,images/pages-recto/66o.png,images/archive-original/1270-1279/66o.jpg,1270-1279,6,90-cw,1,2024,1436,C.O.O. Brugge,Dis Sint-Gillis,,1270,04,04,,0,0
67,67m.jpg,verso,0,verso,,images/pages-verso/67m.png,images/archive-original/1270-1279/67m.jpg,1270-1279,6,90-cw,1,2024,1436,Groot Seminarie Brugge,Ter Duinen,,1270,05,30,,0,0
67,67o.jpg,recto,1,recto,,images/pages-recto/67o.png,images/archive-original/1270-1279/67o.jpg,1270-1279,6,90-cw,1,2024,1436,Groot Seminarie Brugge,Ter Duinen,,1270,05,30,,0,0
68,68m.jpg,verso,0,verso,,images/pages-verso/68m.png,images/archive-original/1270-1279/68m.jpg,1270-1279,6,90-cw,1,2024,1436,RA Brugge,Vrije,34,1270,07,15,,0,0
68,68o.jpg,recto,1,recto,,images/pages-recto/68o.png,images/archive-original/1270-1279/68o.jpg,1270-1279,6,90-cw,1,2024,1436,RA Brugge,Vrije,34,1270,07,15,,0,0
69,69m.jpg,verso,0,verso,,images/pages-verso/69m.png,images/archive-original/1270-1279/69m.jpg,1270-1279,6,90-cw,1,2024,1436,SA Gent,,"163, 1 r°",12xx,08,22,,0,0
69,69o.jpg,recto,1,recto,,images/pages-recto/69o.png,images/archive-original/1270-1279/69o.jpg,1270-1279,1,native,0,2024,1436,SA Gent,,"163, 1 r°",12xx,08,22,,0,0
70,70m.jpg,verso,0,verso,,images/pages-verso/70m.png,images/archive-original/1270-1279/70m.jpg,1270-1279,6,90-cw,1,2024,1436,SA Gent,,"163, 12 r°",1270,08,22,,0,0
70,70o.jpg,recto,1,recto,,images/pages-recto/70o.png,images/archive-original/1270-1279/70o.jpg,1270-1279,1,native,0,1436,2024,SA Gent,,"163, 12 r°",1270,08,22,,0,0
71,71m.jpg,verso,0,verso,,images/pages-verso/71m.png,images/archive-original/1270-1279/71m.jpg,1270-1279,6,90-cw,1,2024,1436,Groot Seminarie Brugge,Ter Duinen,,1270,08,xx,,0,0
71,71o.jpg,recto,1,recto,,images/pages-recto/71o.png,images/archive-original/1270-1279/71o.jpg,1270-1279,1,native,0,2024,1436,Groot Seminarie Brugge,Ter Duinen,,1270,08,xx,,0,0
72,72m.jpg,verso,0,verso,,images/pages-verso/72m.png,images/archive-original/1270-1279/72m.jpg,1270-1279,6,90-cw,1,2024,1436,Stadsarchief Mechelen,Weverskeure,,1270,09,29,,0,0
72,72o.jpg,recto,1,recto,,images/pages-recto/72o.png,images/archive-original/1270-1279/72o.jpg,1270-1279,6,90-cw,1,2024,1436,Stadsarchief Mechelen,Weverskeure,,1270,09,29,,0,0
73,73m.jpg,verso,0,verso,,images/pages-verso/73m.png,images/archive-original/1270-1279/73m.jpg,1270-1279,1,native,0,1436,2024,Sint-Janshospitaal Brugge,,,1271,01,23,,0,0
73,73o.jpg,recto,1,recto,,images/pages-recto/73o.png,images/archive-original/1270-1279/73o.jpg,1270-1279,6,90-cw,1,2024,1436,Sint-Janshospitaal Brugge,,,1271,01,23,,0,0
74,74m.jpg,verso,0,verso,,images/pages-verso/74m.png,images/archive-original/1270-1279/74m.jpg,1270-1279,,missing,0,1436,2024,Sint-Janshospitaal Brugge,,,1271,01,23,,0,0
74,74o.jpg,recto,0,neardup_of=73o,,images/pages-recto/74o.png,images/archive-original/1270-1279/74o.jpg,1270-1279,6,90-cw,1,2024,1436,Sint-Janshospitaal Brugge,,,1271,01,23,,0,0
75,75m.jpg,verso,0,verso,,images/pages-verso/75m.png,images/archive-original/1270-1279/75m.jpg,1270-1279,,missing,0,1436,2024,Sint-Janshospitaal Brugge,,,1271,01,23,,0,0
75,75o.jpg,recto,0,neardup_of=73o,,images/pages-recto/75o.png,images/archive-original/1270-1279/75o.jpg,1270-1279,6,90-cw,1,2024,1436,Sint-Janshospitaal Brugge,,,1271,01,23,,0,0
76,76m.jpg,verso,0,verso,,images/pages-verso/76m.png,images/archive-original/1270-1279/76m.jpg,1270-1279,6,90-cw,1,2024,1436,Groot Seminarie Brugge,Ter Duinen,,1271,02,28,,0,0
76,76o.jpg,recto,1,recto,,images/pages-recto/76o.png,images/archive-original/1270-1279/76o.jpg,1270-1279,6,90-cw,1,2024,1436,Groot Seminarie Brugge,Ter Duinen,,1271,02,28,,0,0
77,77m.jpg,verso,0,verso,,images/pages-verso/77m.png,images/archive-original/1270-1279/77m.jpg,1270-1279,6,90-cw,1,2024,1436,Groot Seminarie Brugge,Ter Duinen,,127x,04,xx,,0,0
77,77o.jpg,recto,1,recto,,images/pages-recto/77o.png,images/archive-original/1270-1279/77o.jpg,1270-1279,6,90-cw,1,2024,1436,Groot Seminarie Brugge,Ter Duinen,,127x,04,xx,,0,0
78,78m.jpg,verso,0,verso,,images/pages-verso/78m.png,images/archive-original/1270-1279/78m.jpg,1270-1279,,missing,0,1656,2339,Schoonhoven,,,1271,05,01,,0,0
78,78o.jpg,recto,1,recto,,images/pages-recto/78o.png,images/archive-original/1270-1279/78o.jpg,1270-1279,6,90-cw,1,2339,1656,Schoonhoven,,,1271,05,01,,0,0
79,79m.jpg,verso,0,verso,,images/pages-verso/79m.png,images/archive-original/1270-1279/79m.jpg,1270-1279,6,90-cw,1,2024,1436,C.O.O. Brugge,Magdalenahospitaal,,1271,05,22,,0,0
79,79o.jpg,recto,1,recto,,images/pages-recto/79o.png,images/archive-original/1270-1279/79o.jpg,1270-1279,6,90-cw,1,2024,1436,C.O.O. Brugge,Magdalenahospitaal,,1271,05,22,,0,0
80,80m.jpg,verso,0,verso,,images/pages-verso/80m.png,images/archive-original/1270-1279/80m.jpg,1270-1279,6,90-cw,1,2024,1436,RA Brugge,Vrije,35,1271,11,14,,0,0
80,80o.jpg,recto,1,recto,,images/pages-recto/80o.png,images/archive-original/1270-1279/80o.jpg,1270-1279,6,90-cw,1,2024,1436,RA Brugge,Vrije,35,1271,11,14,,0,0
81,81m.jpg,verso,0,verso,,images/pages-verso/81m.png,images/archive-original/1270-1279/81m.jpg,1270-1279,6,90-cw,1,2024,1436,Groot Seminarie Brugge,Ter Duinen,,1272,02,13,,0,0
81,81o.jpg,recto,1,recto,,images/pages-recto/81o.png,images/archive-original/1270-1279/81o.jpg,1270-1279,6,90-cw,1,2024,1436,Groot Seminarie Brugge,Ter Duinen,,1272,02,13,,0,0
82,82m.jpg,verso,0,verso,,images/pages-verso/82m.png,images/archive-original/1270-1279/82m.jpg,1270-1279,1,native,0,1436,2024,Sint-Janshospitaal Brugge,,,1272,02,13,,0,0
82,82o.jpg,recto,1,recto,,images/pages-recto/82o.png,images/archive-original/1270-1279/82o.jpg,1270-1279,6,90-cw,1,2024,1436,Sint-Janshospitaal Brugge,,,1272,02,13,,0,0
83,83m.jpg,verso,0,verso,,images/pages-verso/83m.png,images/archive-original/1270-1279/83m.jpg,1270-1279,6,90-cw,1,2024,1436,Potterie Brugge,,,1272,02,xx,,0,0
83,83o.jpg,recto,1,recto,,images/pages-recto/83o.png,images/archive-original/1270-1279/83o.jpg,1270-1279,6,90-cw,1,2024,1436,Potterie Brugge,,,1272,02,xx,,0,0
84,84m.jpg,verso,0,verso,,images/pages-verso/84m.png,images/archive-original/1270-1279/84m.jpg,1270-1279,6,90-cw,1,2024,1436,Bisdom Brugge,Urbanisten,,1272,02,xx,,0,0
84,84o.jpg,recto,1,recto,,images/pages-recto/84o.png,images/archive-original/1270-1279/84o.jpg,1270-1279,6,90-cw,1,2024,1436,Bisdom Brugge,Urbanisten,,1272,02,xx,,0,0
85,85m.jpg,verso,0,verso,,images/pages-verso/85m.png,images/archive-original/1270-1279/85m.jpg,1270-1279,,missing,0,1656,2339,Algemeen Rijksarchief Den Haag,Grafelijkheid,,1272,03,18,,0,0
85,85o.jpg,recto,1,recto,,images/pages-recto/85o.png,images/archive-original/1270-1279/85o.jpg,1270-1279,1,native,0,2339,1656,Algemeen Rijksarchief Den Haag,Grafelijkheid,,1272,03,18,,0,1
86,86m.jpg,verso,0,verso,,images/pages-verso/86m.png,images/archive-original/1270-1279/86m.jpg,1270-1279,6,90-cw,1,2024,1436,SA Gent,,"163, 13 r°",1272,04,27,,0,0
86,86o.jpg,recto,1,recto,,images/pages-recto/86o.png,images/archive-original/1270-1279/86o.jpg,1270-1279,,missing,0,1436,2024,SA Gent,,"163, 13 r°",1272,04,27,,0,0
87,87m.jpg,verso,0,verso,,images/pages-verso/87m.png,images/archive-original/1270-1279/87m.jpg,1270-1279,6,90-cw,1,2024,1436,Bisdom Brugge,Urbanisten,,1272,05,xx,,0,0
87,87o.jpg,recto,1,recto,,images/pages-recto/87o.png,images/archive-original/1270-1279/87o.jpg,1270-1279,6,90-cw,1,2024,1436,Bisdom Brugge,Urbanisten,,1272,05,xx,,0,0
88,88m.jpg,verso,0,verso,,images/pages-verso/88m.png,images/archive-original/1270-1279/88m.jpg,1270-1279,6,90-cw,1,2024,1436,SA Gent,Bijloke,,1272,08,22,,0,0
88,88o.jpg,recto,1,recto,,images/pages-recto/88o.png,images/archive-original/1270-1279/88o.jpg,1270-1279,6,90-cw,1,2024,1436,SA Gent,Bijloke,,1272,08,22,,0,0
89,89m.jpg,verso,0,verso,,images/pages-verso/89m.png,images/archive-original/1270-1279/89m.jpg,1270-1279,6,90-cw,1,2024,1436,Potterie Brugge,,,1273,01,14,,0,0
89,89o.jpg,recto,1,recto,,images/pages-recto/89o.png,images/archive-original/1270-1279/89o.jpg,1270-1279,6,90-cw,1,2024,1436,Potterie Brugge,,,1273,01,14,,0,0
90,90m.jpg,verso,0,verso,,images/pages-verso/90m.png,images/archive-original/1270-1279/90m.jpg,1270-1279,6,90-cw,1,2024,1436,Potterie Brugge,,,1273,01,21,,0,0
90,90o.jpg,recto,1,recto,,images/pages-recto/90o.png,images/archive-original/1270-1279/90o.jpg,1270-1279,6,90-cw,1,2024,1436,Potterie Brugge,,,1273,01,21,,0,0
91,91m.jpg,verso,0,verso,,images/pages-verso/91m.png,images/archive-original/1270-1279/91m.jpg,1270-1279,6,90-cw,1,2024,1436,C.O.O. Brugge,Begijnhof,,1273,02,20,,0,0
91,91o.jpg,recto,1,recto,,images/pages-recto/91o.png,images/archive-original/1270-1279/91o.jpg,1270-1279,6,90-cw,1,2024,1436,C.O.O. Brugge,Begijnhof,,1273,02,20,,0,0
92,92m.jpg,verso,0,verso,,images/pages-verso/92m.png,images/archive-original/1270-1279/92m.jpg,1270-1279,6,90-cw,1,2024,1436,C.O.O. Brugge,Begijnhof,,1273,02,23,,0,0
92,92o.jpg,recto,1,recto,,images/pages-recto/92o.png,images/archive-original/1270-1279/92o.jpg,1270-1279,6,90-cw,1,2024,1436,C.O.O. Brugge,Begijnhof,,1273,02,23,,0,0
93,93m.jpg,verso,0,verso,,images/pages-verso/93m.png,images/archive-original/1270-1279/93m.jpg,1270-1279,6,90-cw,1,2024,1436,C.O.O. Brugge,Begijnhof,,1273,03,25,,0,0
93,93o.jpg,recto,1,recto,,images/pages-recto/93o.png,images/archive-original/1270-1279/93o.jpg,1270-1279,6,90-cw,1,2024,1436,C.O.O. Brugge,Begijnhof,,1273,03,25,,0,0
94,94m.jpg,verso,0,verso,,images/pages-verso/94m.png,images/archive-original/1270-1279/94m.jpg,1270-1279,6,90-cw,1,2024,1436,RA Brugge,Vrije,37,1273,06,03,,0,0
94,94o.jpg,recto,1,recto,,images/pages-recto/94o.png,images/archive-original/1270-1279/94o.jpg,1270-1279,6,90-cw,1,2024,1436,RA Brugge,Vrije,37,1273,06,03,,0,0
95,95m.jpg,verso,0,verso,,images/pages-verso/95m.png,images/archive-original/1270-1279/95m.jpg,1270-1279,6,90-cw,1,2024,1436,SA Brugge,Bogaarden II,1,1273,06,03,,0,0
95,95o.jpg,recto,1,recto,,images/pages-recto/95o.png,images/archive-original/1270-1279/95o.jpg,1270-1279,6,90-cw,1,2024,1436,SA Brugge,Bogaarden II,1,1273,06,03,,0,0
96,96m.jpg,verso,0,verso,,images/pages-verso/96m.png,images/archive-original/1270-1279/96m.jpg,1270-1279,6,90-cw,1,2024,1436,SA Gent,Stadscharters,,1273,06,04,,0,0
96,96o.jpg,recto,1,recto,,images/pages-recto/96o.png,images/archive-original/1270-1279/96o.jpg,1270-1279,6,90-cw,1,2024,1436,SA Gent,Stadscharters,,1273,06,04,,0,0
97,97m.jpg,verso,0,verso,,images/pages-verso/97m.png,images/archive-original/1270-1279/97m.jpg,1270-1279,1,native,0,1656,2339,Algemeen Rijksarchief Den Haag,Zeeland,,1273,06,18,,0,0
97,97o.jpg,recto,1,recto,,images/pages-recto/97o.png,images/archive-original/1270-1279/97o.jpg,1270-1279,1,native,0,2339,1656,Algemeen Rijksarchief Den Haag,Zeeland,,1273,06,18,,0,1
98,98m.jpg,verso,0,verso,,images/pages-verso/98m.png,images/archive-original/1270-1279/98m.jpg,1270-1279,6,90-cw,1,2024,1436,Potterie Brugge,,,1273,10,28,,0,0
98,98o.jpg,recto,1,recto,,images/pages-recto/98o.png,images/archive-original/1270-1279/98o.jpg,1270-1279,6,90-cw,1,2024,1436,Potterie Brugge,,,1273,10,28,,0,0
99,99m.jpg,verso,0,verso,,images/pages-verso/99m.png,images/archive-original/1270-1279/99m.jpg,1270-1279,1,native,0,1436,2024,Sint-Janshospitaal Brugge,,,1273,10,28,,0,0
99,99o.jpg,recto,1,recto,,images/pages-recto/99o.png,images/archive-original/1270-1279/99o.jpg,1270-1279,6,90-cw,1,2024,1436,Sint-Janshospitaal Brugge,,,1273,10,28,,0,0
208,208m.jpg,verso,0,verso,,images/pages-verso/208m.png,images/archive-original/1280-1289 I (1280-1283)/208m.jpg,1280-1289 I (1280-1283),3,180,1,1656,2339,Algemeen Rijksarchief Den Haag,Van Vredenburch,255,1282,12,23,,0,0
208,208o.jpg,recto,1,recto,,images/pages-recto/208o.png,images/archive-original/1280-1289 I (1280-1283)/208o.jpg,1280-1289 I (1280-1283),1,native,0,2339,1656,Algemeen Rijksarchief Den Haag,Van Vredenburch,255,1282,12,23,,0,0
209,209m.jpg,verso,0,verso,,images/pages-verso/209m.png,images/archive-original/1280-1289 I (1280-1283)/209m.jpg,1280-1289 I (1280-1283),,missing,0,1656,2339,Algemeen Rijksarchief Den Haag,Grafelijkheid,,1282,10,03,,0,0
209,209o.jpg,recto,1,recto,,images/pages-recto/209o.png,images/archive-original/1280-1289 I (1280-1283)/209o.jpg,1280-1289 I (1280-1283),1,native,0,2339,1656,Algemeen Rijksarchief Den Haag,Grafelijkheid,,1282,10,03,,0,0
210,210m.jpg,verso,0,verso,,images/pages-verso/210m.png,images/archive-original/1280-1289 I (1280-1283)/210m.jpg,1280-1289 I (1280-1283),,missing,0,1656,2339,Algemeen Rijksarchief Den Haag,Zeeland,,1282,05,09,,0,0
210,210o.jpg,recto,1,recto,,images/pages-recto/210o.png,images/archive-original/1280-1289 I (1280-1283)/210o.jpg,1280-1289 I (1280-1283),1,native,0,2339,1656,Algemeen Rijksarchief Den Haag,Zeeland,,1282,05,09,,0,0
211,211m.jpg,verso,0,verso,,images/pages-verso/211m.png,images/archive-original/1280-1289 I (1280-1283)/211m.jpg,1280-1289 I (1280-1283),6,90-cw,1,2024,1436,archief Gent,Klein Begijnhof Stads,,1283,06,27,,0,0
211,211o.jpg,recto,1,recto,,images/pages-recto/211o.png,images/archive-original/1280-1289 I (1280-1283)/211o.jpg,1280-1289 I (1280-1283),6,90-cw,1,2024,1436,archief Gent,Klein Begijnhof Stads,,1283,06,27,,0,0
212,212m.jpg,verso,0,verso,,images/pages-verso/212m.png,images/archive-original/1280-1289 I (1280-1283)/212m.jpg,1280-1289 I (1280-1283),6,90-cw,1,2024,1436,SA Brugge,Bogaarden I,7,1283,10,01,,0,0
212,212o.jpg,recto,1,recto,,images/pages-recto/212o.png,images/archive-original/1280-1289 I (1280-1283)/212o.jpg,1280-1289 I (1280-1283),6,90-cw,1,2024,1436,SA Brugge,Bogaarden I,7,1283,10,01,,0,0
213,213m.jpg,verso,0,verso,,images/pages-verso/213m.png,images/archive-original/1280-1289 I (1280-1283)/213m.jpg,1280-1289 I (1280-1283),1,native,0,1436,2024,Sint-Janshospitaal Brugge,,,1283,12,04,,0,0
213,213o.jpg,recto,1,recto,,images/pages-recto/213o.png,images/archive-original/1280-1289 I (1280-1283)/213o.jpg,1280-1289 I (1280-1283),6,90-cw,1,2024,1436,Sint-Janshospitaal Brugge,,,1283,12,04,,0,0
214,214m.jpg,verso,0,verso,,images/pages-verso/214m.png,images/archive-original/1280-1289 I (1280-1283)/214m.jpg,1280-1289 I (1280-1283),1,native,0,1436,2024,Sint-Janshospitaal Brugge,,,1283,09,18,,0,0
214,214o.jpg,recto,1,recto,,images/pages-recto/214o.png,images/archive-original/1280-1289 I (1280-1283)/214o.jpg,1280-1289 I (1280-1283),6,90-cw,1,2024,1436,Sint-Janshospitaal Brugge,,,1283,09,18,,0,0
215,215m.jpg,verso,0,verso,,images/pages-verso/215m.png,images/archive-original/1280-1289 I (1280-1283)/215m.jpg,1280-1289 I (1280-1283),,missing,0,1436,2024,Sint-Janshospitaal Brugge,,,1283,09,10,,0,0
215,215o.jpg,recto,1,recto,,images/pages-recto/215o.png,images/archive-original/1280-1289 I (1280-1283)/215o.jpg,1280-1289 I (1280-1283),6,90-cw,1,2024,1436,Sint-Janshospitaal Brugge,,,1283,09,10,,0,0
216,216m.jpg,verso,0,verso,,images/pages-verso/216m.png,images/archive-original/1280-1289 I (1280-1283)/216m.jpg,1280-1289 I (1280-1283),,missing,0,1436,2024,Sint-Janshospitaal Brugge,,,1283,06,23,,0,0
216,216o.jpg,recto,1,recto,,images/pages-recto/216o.png,images/archive-original/1280-1289 I (1280-1283)/216o.jpg,1280-1289 I (1280-1283),6,90-cw,1,2024,1436,Sint-Janshospitaal Brugge,,,1283,06,23,,0,0
217,217m.jpg,verso,0,verso,,images/pages-verso/217m.png,images/archive-original/1280-1289 I (1280-1283)/217m.jpg,1280-1289 I (1280-1283),,missing,0,1436,2024,Sint-Janshospitaal Brugge,,,1283,05,30,,0,0
217,217o.jpg,recto,1,recto,,images/pages-recto/217o.png,images/archive-original/1280-1289 I (1280-1283)/217o.jpg,1280-1289 I (1280-1283),6,90-cw,1,2024,1436,Sint-Janshospitaal Brugge,,,1283,05,30,,0,0
218,218m.jpg,verso,0,verso,,images/pages-verso/218m.png,images/archive-original/1280-1289 I (1280-1283)/218m.jpg,1280-1289 I (1280-1283),,missing,0,1436,2024,Sint-Janshospitaal Brugge,,,1283,04,10,,0,0
218,218o.jpg,recto,1,recto,,images/pages-recto/218o.png,images/archive-original/1280-1289 I (1280-1283)/218o.jpg,1280-1289 I (1280-1283),6,90-cw,1,2024,1436,Sint-Janshospitaal Brugge,,,1283,04,10,,0,0
219,219m.jpg,verso,0,verso,,images/pages-verso/219m.png,images/archive-original/1280-1289 I (1280-1283)/219m.jpg,1280-1289 I (1280-1283),,missing,0,1436,2024,Sint-Janshospitaal Brugge,,,1283,01,29,,0,0
219,219o.jpg,recto,1,recto,,images/pages-recto/219o.png,images/archive-original/1280-1289 I (1280-1283)/219o.jpg,1280-1289 I (1280-1283),6,90-cw,1,2024,1436,Sint-Janshospitaal Brugge,,,1283,01,29,,0,0
220,220m.jpg,verso,0,verso,,images/pages-verso/220m.png,images/archive-original/1280-1289 I (1280-1283)/220m.jpg,1280-1289 I (1280-1283),,missing,0,1436,2024,Sint-Janshospitaal Brugge,,,1283,01,15,,0,0
220,220o.jpg,recto,1,recto,,images/pages-recto/220o.png,images/archive-original/1280-1289 I (1280-1283)/220o.jpg,1280-1289 I (1280-1283),6,90-cw,1,2024,1436,Sint-Janshospitaal Brugge,,,1283,01,15,,0,0
221,221m.jpg,verso,0,verso,,images/pages-verso/221m.png,images/archive-original/1280-1289 I (1280-1283)/221m.jpg,1280-1289 I (1280-1283),6,90-cw,1,2024,1436,Potterie Brugge,,,1283,09,18,,0,0
221,221o.jpg,recto,1,recto,,images/pages-recto/221o.png,images/archive-original/1280-1289 I (1280-1283)/221o.jpg,1280-1289 I (1280-1283),6,90-cw,1,2024,1436,Potterie Brugge,,,1283,09,18,,0,0
222,222m.jpg,verso,0,verso,,images/pages-verso/222m.png,images/archive-original/1280-1289 I (1280-1283)/222m.jpg,1280-1289 I (1280-1283),6,90-cw,1,2024,1436,Potterie Brugge,,,1283,05,xx,,0,0
222,222o.jpg,recto,1,recto,,images/pages-recto/222o.png,images/archive-original/1280-1289 I (1280-1283)/222o.jpg,1280-1289 I (1280-1283),6,90-cw,1,2024,1436,Potterie Brugge,,,1283,05,xx,,0,0
223,223m.jpg,verso,0,verso,,images/pages-verso/223m.png,images/archive-original/1280-1289 I (1280-1283)/223m.jpg,1280-1289 I (1280-1283),6,90-cw,1,2024,1436,Potterie Brugge,,,1283,05,14,,0,0
223,223o.jpg,recto,1,recto,,images/pages-recto/223o.png,images/archive-original/1280-1289 I (1280-1283)/223o.jpg,1280-1289 I (1280-1283),6,90-cw,1,2024,1436,Potterie Brugge,,,1283,05,14,,0,0
224,224m.jpg,verso,0,verso,,images/pages-verso/224m.png,images/archive-original/1280-1289 I (1280-1283)/224m.jpg,1280-1289 I (1280-1283),6,90-cw,1,2024,1436,Potterie Brugge,,,1283,02,20,,0,0
224,224o.jpg,recto,1,recto,,images/pages-recto/224o.png,images/archive-original/1280-1289 I (1280-1283)/224o.jpg,1280-1289 I (1280-1283),6,90-cw,1,2024,1436,Potterie Brugge,,,1283,02,20,,0,0
225,225m.jpg,verso,0,verso,,images/pages-verso/225m.png,images/archive-original/1280-1289 I (1280-1283)/225m.jpg,1280-1289 I (1280-1283),6,90-cw,1,2024,1436,AB Mechelen,Begijnhof,,1283,06,05,,0,0
225,225o.jpg,recto,1,recto,,images/pages-recto/225o.png,images/archive-original/1280-1289 I (1280-1283)/225o.jpg,1280-1289 I (1280-1283),6,90-cw,1,2024,1436,AB Mechelen,Begijnhof,,1283,06,05,,0,0
226,226m.jpg,verso,0,verso,,images/pages-verso/226m.png,images/archive-original/1280-1289 I (1280-1283)/226m.jpg,1280-1289 I (1280-1283),6,90-cw,1,2024,1436,AB Mechelen,Begijnhof,,1283,06,27,,0,0
226,226o.jpg,recto,1,recto,,images/pages-recto/226o.png,images/archive-original/1280-1289 I (1280-1283)/226o.jpg,1280-1289 I (1280-1283),6,90-cw,1,2024,1436,AB Mechelen,Begijnhof,,1283,06,27,,0,0
227,227m.jpg,verso,0,verso,,images/pages-verso/227m.png,images/archive-original/1280-1289 I (1280-1283)/227m.jpg,1280-1289 I (1280-1283),6,90-cw,1,2024,1436,C.O.O. Brugge,Begijnhof,,1283,12,17,,0,0
227,227o.jpg,recto,1,recto,,images/pages-recto/227o.png,images/archive-original/1280-1289 I (1280-1283)/227o.jpg,1280-1289 I (1280-1283),6,90-cw,1,2024,1436,C.O.O. Brugge,Begijnhof,,1283,12,17,,0,0
228,228m.jpg,verso,0,verso,,images/pages-verso/228m.png,images/archive-original/1280-1289 I (1280-1283)/228m.jpg,1280-1289 I (1280-1283),6,90-cw,1,2024,1436,C.O.O. Brugge,Dis Sint-Salvators,,1283,10,29,,0,0
228,228o.jpg,recto,1,recto,,images/pages-recto/228o.png,images/archive-original/1280-1289 I (1280-1283)/228o.jpg,1280-1289 I (1280-1283),6,90-cw,1,2024,1436,C.O.O. Brugge,Dis Sint-Salvators,,1283,10,29,,0,0
229,229m.jpg,verso,0,verso,,images/pages-verso/229m.png,images/archive-original/1280-1289 I (1280-1283)/229m.jpg,1280-1289 I (1280-1283),6,90-cw,1,2024,1436,C.O.O. Brugge,Magdalenahospitaal,,1283,07,10,,0,0
229,229o.jpg,recto,1,recto,,images/pages-recto/229o.png,images/archive-original/1280-1289 I (1280-1283)/229o.jpg,1280-1289 I (1280-1283),6,90-cw,1,2024,1436,C.O.O. Brugge,Magdalenahospitaal,,1283,07,10,,0,0
230,230m.jpg,verso,0,verso,,images/pages-verso/230m.png,images/archive-original/1280-1289 I (1280-1283)/230m.jpg,1280-1289 I (1280-1283),6,90-cw,1,2024,1436,Spermalie Brugge,,,1283,05,29,,0,0
230,230o.jpg,recto,1,recto,,images/pages-recto/230o.png,images/archive-original/1280-1289 I (1280-1283)/230o.jpg,1280-1289 I (1280-1283),6,90-cw,1,2024,1436,Spermalie Brugge,,,1283,05,29,,0,0
231,231m.jpg,verso,0,verso,,images/pages-verso/231m.png,images/archive-original/1280-1289 I (1280-1283)/231m.jpg,1280-1289 I (1280-1283),6,90-cw,1,2024,1436,Spermalie Brugge,,,1283,04,10,,0,0
231,231o.jpg,recto,1,recto,,images/pages-recto/231o.png,images/archive-original/1280-1289 I (1280-1283)/231o.jpg,1280-1289 I (1280-1283),6,90-cw,1,2024,1436,Spermalie Brugge,,,1283,04,10,,0,0
232,232m.jpg,verso,0,verso,,images/pages-verso/232m.png,images/archive-original/1280-1289 I (1280-1283)/232m.jpg,1280-1289 I (1280-1283),6,90-cw,1,2024,1436,Spermalie Brugge,,,1282,11,20,,0,0
232,232o.jpg,recto,1,recto,,images/pages-recto/232o.png,images/archive-original/1280-1289 I (1280-1283)/232o.jpg,1280-1289 I (1280-1283),6,90-cw,1,2024,1436,Spermalie Brugge,,,1282,11,20,,0,0
233,233m.jpg,verso,0,verso,,images/pages-verso/233m.png,images/archive-original/1280-1289 I (1280-1283)/233m.jpg,1280-1289 I (1280-1283),6,90-cw,1,2024,1436,Spermalie Brugge,,,1282,11,20,,0,0
233,233o.jpg,recto,1,recto,,images/pages-recto/233o.png,images/archive-original/1280-1289 I (1280-1283)/233o.jpg,1280-1289 I (1280-1283),6,90-cw,1,2024,1436,Spermalie Brugge,,,1282,11,20,,0,0
234,234m.jpg,verso,0,verso,,images/pages-verso/234m.png,images/archive-original/1280-1289 I (1280-1283)/234m.jpg,1280-1289 I (1280-1283),6,90-cw,1,2024,1436,Groot Seminarie Brugge,Eekhout,,1282,05,23,,0,0
234,234o.jpg,recto,1,recto,,images/pages-recto/234o.png,images/archive-original/1280-1289 I (1280-1283)/234o.jpg,1280-1289 I (1280-1283),6,90-cw,1,2024,1436,Groot Seminarie Brugge,Eekhout,,1282,05,23,,0,0
235,235m.jpg,verso,0,verso,,images/pages-verso/235m.png,images/archive-original/1280-1289 I (1280-1283)/235m.jpg,1280-1289 I (1280-1283),6,90-cw,1,2024,1436,Groot Seminarie Brugge,Ter Duinen,,1282,05,02,,0,0
235,235o.jpg,recto,1,recto,,images/pages-recto/235o.png,images/archive-original/1280-1289 I (1280-1283)/235o.jpg,1280-1289 I (1280-1283),6,90-cw,1,2024,1436,Groot Seminarie Brugge,Ter Duinen,,1282,05,02,,0,0
236,236m.jpg,verso,0,verso,,images/pages-verso/236m.png,images/archive-original/1280-1289 I (1280-1283)/236m.jpg,1280-1289 I (1280-1283),6,90-cw,1,2024,1436,Groot Seminarie Brugge,Ter Duinen,,1282,04,23,,0,0
236,236o.jpg,recto,1,recto,,images/pages-recto/236o.png,images/archive-original/1280-1289 I (1280-1283)/236o.jpg,1280-1289 I (1280-1283),6,90-cw,1,2024,1436,Groot Seminarie Brugge,Ter Duinen,,1282,04,23,,0,0
237,237m.jpg,verso,0,verso,,images/pages-verso/237m.png,images/archive-original/1280-1289 I (1280-1283)/237m.jpg,1280-1289 I (1280-1283),6,90-cw,1,2024,1436,Spermalie Brugge,,,1281,12,13,,0,0
237,237o.jpg,recto,1,recto,,images/pages-recto/237o.png,images/archive-original/1280-1289 I (1280-1283)/237o.jpg,1280-1289 I (1280-1283),6,90-cw,1,2024,1436,Spermalie Brugge,,,1281,12,13,,0,0
238,238m.jpg,verso,0,verso,,images/pages-verso/238m.png,images/archive-original/1280-1289 I (1280-1283)/238m.jpg,1280-1289 I (1280-1283),6,90-cw,1,2024,1436,Spermalie Brugge,,,1281,11,29,,0,0
238,238o.jpg,recto,1,recto,,images/pages-recto/238o.png,images/archive-original/1280-1289 I (1280-1283)/238o.jpg,1280-1289 I (1280-1283),6,90-cw,1,2024,1436,Spermalie Brugge,,,1281,11,29,,0,0
239,239m.jpg,verso,0,verso,,images/pages-verso/239m.png,images/archive-original/1280-1289 I (1280-1283)/239m.jpg,1280-1289 I (1280-1283),6,90-cw,1,2024,1436,Groot Seminarie Brugge,Ter Duinen,,1281,08,16,,0,0
239,239o.jpg,recto,1,recto,,images/pages-recto/239o.png,images/archive-original/1280-1289 I (1280-1283)/239o.jpg,1280-1289 I (1280-1283),6,90-cw,1,2024,1436,Groot Seminarie Brugge,Ter Duinen,,1281,08,16,,0,0
240,240m.jpg,verso,0,verso,,images/pages-verso/240m.png,images/archive-original/1280-1289 I (1280-1283)/240m.jpg,1280-1289 I (1280-1283),6,90-cw,1,2024,1436,Groot Seminarie Brugge,Ter Duinen,,1281,08,16,,0,0
240,240o.jpg,recto,0,neardup_of=239o,,images/pages-recto/240o.png,images/archive-original/1280-1289 I (1280-1283)/240o.jpg,1280-1289 I (1280-1283),6,90-cw,1,2024,1436,Groot Seminarie Brugge,Ter Duinen,,1281,08,16,,0,0
241,241m.jpg,verso,0,verso,,images/pages-verso/241m.png,images/archive-original/1280-1289 I (1280-1283)/241m.jpg,1280-1289 I (1280-1283),6,90-cw,1,2024,1436,Spermalie Brugge,,,1280,11,30,,0,0
241,241o.jpg,recto,1,recto,,images/pages-recto/241o.png,images/archive-original/1280-1289 I (1280-1283)/241o.jpg,1280-1289 I (1280-1283),6,90-cw,1,2024,1436,Spermalie Brugge,,,1280,11,30,,0,0
242,242m.jpg,verso,0,verso,,images/pages-verso/242m.png,images/archive-original/1280-1289 I (1280-1283)/242m.jpg,1280-1289 I (1280-1283),6,90-cw,1,2024,1436,Spermalie Brugge,,,1280,03,09,,0,0
242,242o.jpg,recto,1,recto,,images/pages-recto/242o.png,images/archive-original/1280-1289 I (1280-1283)/242o.jpg,1280-1289 I (1280-1283),6,90-cw,1,2024,1436,Spermalie Brugge,,,1280,03,09,,0,0
243,243m.jpg,verso,0,verso,,images/pages-verso/243m.png,images/archive-original/1280-1289 I (1280-1283)/243m.jpg,1280-1289 I (1280-1283),6,90-cw,1,2024,1436,Spermalie Brugge,,,1280,02,09,,0,0
243,243o.jpg,recto,1,recto,,images/pages-recto/243o.png,images/archive-original/1280-1289 I (1280-1283)/243o.jpg,1280-1289 I (1280-1283),6,90-cw,1,2024,1436,Spermalie Brugge,,,1280,02,09,,0,0
244,244m.jpg,verso,0,verso,,images/pages-verso/244m.png,images/archive-original/1280-1289 I (1280-1283)/244m.jpg,1280-1289 I (1280-1283),6,90-cw,1,2024,1436,Spermalie Brugge,,,1280,02,03,,0,0
244,244o.jpg,recto,1,recto,,images/pages-recto/244o.png,images/archive-original/1280-1289 I (1280-1283)/244o.jpg,1280-1289 I (1280-1283),6,90-cw,1,2024,1436,Spermalie Brugge,,,1280,02,03,,0,0
245,245m.jpg,verso,0,verso,,images/pages-verso/245m.png,images/archive-original/1280-1289 I (1280-1283)/245m.jpg,1280-1289 I (1280-1283),6,90-cw,1,2024,1436,Bisdom Brugge,Urbanisten,,1283,03,27,,0,0
245,245o.jpg,recto,1,recto,,images/pages-recto/245o.png,images/archive-original/1280-1289 I (1280-1283)/245o.jpg,1280-1289 I (1280-1283),6,90-cw,1,2024,1436,Bisdom Brugge,Urbanisten,,1283,03,27,,0,0
246,246m.jpg,verso,0,verso,,images/pages-verso/246m.png,images/archive-original/1280-1289 I (1280-1283)/246m.jpg,1280-1289 I (1280-1283),6,90-cw,1,1654,1168,RA Ronse,hospitaal Geraardsbergen,,1283,06,21,,0,0
246,246o.jpg,recto,1,recto,,images/pages-recto/246o.png,images/archive-original/1280-1289 I (1280-1283)/246o.jpg,1280-1289 I (1280-1283),6,90-cw,1,1654,1168,RA Ronse,hospitaal Geraardsbergen,,1283,06,21,,0,0
247,247m.jpg,verso,0,verso,,images/pages-verso/247m.png,images/archive-original/1280-1289 I (1280-1283)/247m.jpg,1280-1289 I (1280-1283),6,90-cw,1,1654,1168,RA Gent,Zoetendale,,1283,04,22,,0,0
247,247o.jpg,recto,1,recto,,images/pages-recto/247o.png,images/archive-original/1280-1289 I (1280-1283)/247o.jpg,1280-1289 I (1280-1283),6,90-cw,1,1654,1168,RA Gent,Zoetendale,,1283,04,22,,0,0
248,248m.jpg,verso,0,verso,,images/pages-verso/248m.png,images/archive-original/1280-1289 I (1280-1283)/248m.jpg,1280-1289 I (1280-1283),6,90-cw,1,1654,1168,RA Gent,Rijke Gasthuis,,1283,06,17,,0,0
248,248o.jpg,recto,1,recto,,images/pages-recto/248o.png,images/archive-original/1280-1289 I (1280-1283)/248o.jpg,1280-1289 I (1280-1283),6,90-cw,1,1654,1168,RA Gent,Rijke Gasthuis,,1283,06,17,,0,0
249,249m.jpg,verso,0,verso,,images/pages-verso/249m.png,images/archive-original/1280-1289 I (1280-1283)/249m.jpg,1280-1289 I (1280-1283),6,90-cw,1,2024,1436,RA Brugge,Mélanges généraux doos 6,,1283,10,16,,0,0
249,249o.jpg,recto,1,recto,,images/pages-recto/249o.png,images/archive-original/1280-1289 I (1280-1283)/249o.jpg,1280-1289 I (1280-1283),6,90-cw,1,2024,1436,RA Brugge,Mélanges généraux doos 6,,1283,10,16,,0,0
250,250m.jpg,verso,0,verso,,images/pages-verso/250m.png,images/archive-original/1280-1289 I (1280-1283)/250m.jpg,1280-1289 I (1280-1283),1,native,0,1656,2339,Algemeen Rijksarchief Den Haag,Grafelijkheid,,1283,03,17,,0,0
250,250o.jpg,recto,1,recto,,images/pages-recto/250o.png,images/archive-original/1280-1289 I (1280-1283)/250o.jpg,1280-1289 I (1280-1283),1,native,0,2339,1656,Algemeen Rijksarchief Den Haag,Grafelijkheid,,1283,03,17,,0,0
251,251m.jpg,verso,0,verso,,images/pages-verso/251m.png,images/archive-original/1280-1289 I (1280-1283)/251m.jpg,1280-1289 I (1280-1283),6,90-cw,1,2024,1436,SA Gent,,"163, 13 v°",1281,xx,xx,,0,0
251,251o.jpg,recto,1,recto,,images/pages-recto/251o.png,images/archive-original/1280-1289 I (1280-1283)/251o.jpg,1280-1289 I (1280-1283),,missing,0,1436,2024,SA Gent,,"163, 13 v°",1281,xx,xx,,0,0
252,252m.jpg,verso,0,verso,,images/pages-verso/252m.png,images/archive-original/1280-1289 I (1280-1283)/252m.jpg,1280-1289 I (1280-1283),,missing,0,1656,2339,Algemeen Rijksarchief Den Haag,Grafelijkheid,,1281,01,24,,0,0
252,252o.jpg,recto,1,recto,,images/pages-recto/252o.png,images/archive-original/1280-1289 I (1280-1283)/252o.jpg,1280-1289 I (1280-1283),1,native,0,2339,1656,Algemeen Rijksarchief Den Haag,Grafelijkheid,,1281,01,24,,0,0
253,253m.jpg,verso,0,verso,,images/pages-verso/253m.png,images/archive-original/1280-1289 I (1280-1283)/253m.jpg,1280-1289 I (1280-1283),6,90-cw,1,2024,1436,Groot Seminarie Brugge,Ter Duinen,,1282,12,04,,0,0
253,253o.jpg,recto,1,recto,,images/pages-recto/253o.png,images/archive-original/1280-1289 I (1280-1283)/253o.jpg,1280-1289 I (1280-1283),6,90-cw,1,2024,1436,Groot Seminarie Brugge,Ter Duinen,,1282,12,04,,0,0
254,254m.jpg,verso,0,verso,,images/pages-verso/254m.png,images/archive-original/1280-1289 I (1280-1283)/254m.jpg,1280-1289 I (1280-1283),6,90-cw,1,2024,1436,Groot Seminarie Brugge,Ter Duinen,,1282,06,26,,0,0
254,254o.jpg,recto,1,recto,,images/pages-recto/254o.png,images/archive-original/1280-1289 I (1280-1283)/254o.jpg,1280-1289 I (1280-1283),6,90-cw,1,2024,1436,Groot Seminarie Brugge,Ter Duinen,,1282,06,26,,0,0
255,255m.jpg,verso,0,verso,,images/pages-verso/255m.png,images/archive-original/1280-1289 I (1280-1283)/255m.jpg,1280-1289 I (1280-1283),6,90-cw,1,2024,1436,Groot Seminarie Brugge,Ter Duinen,,1282,03,14,,0,0
255,255o.jpg,recto,1,recto,,images/pages-recto/255o.png,images/archive-original/1280-1289 I (1280-1283)/255o.jpg,1280-1289 I (1280-1283),6,90-cw,1,2024,1436,Groot Seminarie Brugge,Ter Duinen,,1282,03,14,,0,0
256,256m.jpg,verso,0,verso,,images/pages-verso/256m.png,images/archive-original/1280-1289 I (1280-1283)/256m.jpg,1280-1289 I (1280-1283),6,90-cw,1,2024,1436,privaat archief Mw. Cogels,Brussel,,128x,05,15,codicii bij testament van Gerard van Wateringen,0,0
256,256o.jpg,recto,1,recto,,images/pages-recto/256o.png,images/archive-original/1280-1289 I (1280-1283)/256o.jpg,1280-1289 I (1280-1283),6,90-cw,1,2024,1436,privaat archief Mw. Cogels,Brussel,,128x,05,15,codicii bij testament van Gerard van Wateringen,0,0
257,257m.jpg,verso,0,verso,,images/pages-verso/257m.png,images/archive-original/1280-1289 I (1280-1283)/257m.jpg,1280-1289 I (1280-1283),6,90-cw,1,2024,1436,privaat archief Mw. Cogels,Brussel,,1282,05,15,"testament van Gerard, ridder van Wateringen",0,0
257,257o.jpg,recto,1,recto,,images/pages-recto/257o.png,images/archive-original/1280-1289 I (1280-1283)/257o.jpg,1280-1289 I (1280-1283),6,90-cw,1,2024,1436,privaat archief Mw. Cogels,Brussel,,1282,05,15,"testament van Gerard, ridder van Wateringen",0,0
258,258m.jpg,verso,0,verso,,images/pages-verso/258m.png,images/archive-original/1280-1289 I (1280-1283)/258m.jpg,1280-1289 I (1280-1283),6,90-cw,1,2024,1436,RA Brugge,blauw,6757,1282,05,15,,0,0
258,258o.jpg,recto,1,recto,,images/pages-recto/258o.png,images/archive-original/1280-1289 I (1280-1283)/258o.jpg,1280-1289 I (1280-1283),6,90-cw,1,2024,1436,RA Brugge,blauw,6757,1282,05,15,,0,0
259,259m.jpg,verso,0,verso,,images/pages-verso/259m.png,images/archive-original/1280-1289 I (1280-1283)/259m.jpg,1280-1289 I (1280-1283),,missing,0,1436,2024,Sint-Janshospitaal Brugge,,,1282,05,28,,0,0
259,259o.jpg,recto,1,recto,,images/pages-recto/259o.png,images/archive-original/1280-1289 I (1280-1283)/259o.jpg,1280-1289 I (1280-1283),6,90-cw,1,2024,1436,Sint-Janshospitaal Brugge,,,1282,05,28,,0,0
260,260m.jpg,verso,0,verso,,images/pages-verso/260m.png,images/archive-original/1280-1289 I (1280-1283)/260m.jpg,1280-1289 I (1280-1283),1,native,0,1436,2024,Sint-Janshospitaal Brugge,,,1282,01,31,,0,0
260,260o.jpg,recto,1,recto,,images/pages-recto/260o.png,images/archive-original/1280-1289 I (1280-1283)/260o.jpg,1280-1289 I (1280-1283),6,90-cw,1,2024,1436,Sint-Janshospitaal Brugge,,,1282,01,31,,0,0
261,261m.jpg,verso,0,verso,,images/pages-verso/261m.png,images/archive-original/1280-1289 I (1280-1283)/261m.jpg,1280-1289 I (1280-1283),,missing,0,1436,2024,Sint-Janshospitaal Brugge,,,1282,01,23,,0,0
261,261o.jpg,recto,1,recto,,images/pages-recto/261o.png,images/archive-original/1280-1289 I (1280-1283)/261o.jpg,1280-1289 I (1280-1283),6,90-cw,1,2024,1436,Sint-Janshospitaal Brugge,,,1282,01,23,,0,0
262,262m.jpg,verso,0,verso,,images/pages-verso/262m.png,images/archive-original/1280-1289 I (1280-1283)/262m.jpg,1280-1289 I (1280-1283),6,90-cw,1,2024,1436,Potterie Brugge,,,1282,11,20,,0,0
262,262o.jpg,recto,1,recto,,images/pages-recto/262o.png,images/archive-original/1280-1289 I (1280-1283)/262o.jpg,1280-1289 I (1280-1283),6,90-cw,1,2024,1436,Potterie Brugge,,,1282,11,20,,0,0
263,263m.jpg,verso,0,verso,,images/pages-verso/263m.png,images/archive-original/1280-1289 I (1280-1283)/263m.jpg,1280-1289 I (1280-1283),6,90-cw,1,2024,1436,Potterie Brugge,,,1282,10,03,,0,0
263,263o.jpg,recto,1,recto,,images/pages-recto/263o.png,images/archive-original/1280-1289 I (1280-1283)/263o.jpg,1280-1289 I (1280-1283),6,90-cw,1,2024,1436,Potterie Brugge,,,1282,10,03,,0,0
264,264m.jpg,verso,0,verso,,images/pages-verso/264m.png,images/archive-original/1280-1289 I (1280-1283)/264m.jpg,1280-1289 I (1280-1283),6,90-cw,1,2024,1436,Potterie Brugge,,,1282,09,26,,0,0
264,264o.jpg,recto,1,recto,,images/pages-recto/264o.png,images/archive-original/1280-1289 I (1280-1283)/264o.jpg,1280-1289 I (1280-1283),6,90-cw,1,2024,1436,Potterie Brugge,,,1282,09,26,,0,0
265,265m.jpg,verso,0,verso,,images/pages-verso/265m.png,images/archive-original/1280-1289 I (1280-1283)/265m.jpg,1280-1289 I (1280-1283),6,90-cw,1,2024,1436,Potterie Brugge,,,1282,04,25,,0,0
265,265o.jpg,recto,1,recto,,images/pages-recto/265o.png,images/archive-original/1280-1289 I (1280-1283)/265o.jpg,1280-1289 I (1280-1283),6,90-cw,1,2024,1436,Potterie Brugge,,,1282,04,25,,0,0
266,266m.jpg,verso,0,verso,,images/pages-verso/266m.png,images/archive-original/1280-1289 I (1280-1283)/266m.jpg,1280-1289 I (1280-1283),6,90-cw,1,2024,1436,C.O.O. Brugge,Magdalenahospitaal,,1282,10,24,,0,0
266,266o.jpg,recto,1,recto,,images/pages-recto/266o.png,images/archive-original/1280-1289 I (1280-1283)/266o.jpg,1280-1289 I (1280-1283),6,90-cw,1,2024,1436,C.O.O. Brugge,Magdalenahospitaal,,1282,10,24,,0,0
267,267m.jpg,verso,0,verso,,images/pages-verso/267m.png,images/archive-original/1280-1289 I (1280-1283)/267m.jpg,1280-1289 I (1280-1283),6,90-cw,1,1654,1168,RA Gent,Begijnhof Aalst,,1282,04,26,,0,0
267,267o.jpg,recto,1,recto,,images/pages-recto/267o.png,images/archive-original/1280-1289 I (1280-1283)/267o.jpg,1280-1289 I (1280-1283),6,90-cw,1,1654,1168,RA Gent,Begijnhof Aalst,,1282,04,26,,0,0
268,268m.jpg,verso,0,verso,,images/pages-verso/268m.png,images/archive-original/1280-1289 I (1280-1283)/268m.jpg,1280-1289 I (1280-1283),6,90-cw,1,1654,1168,RA Gent,Begijnhof Aalst,,1282,03,06,,0,0
268,268o.jpg,recto,1,recto,,images/pages-recto/268o.png,images/archive-original/1280-1289 I (1280-1283)/268o.jpg,1280-1289 I (1280-1283),6,90-cw,1,1654,1168,RA Gent,Begijnhof Aalst,,1282,03,06,,0,0
269,269m.jpg,verso,0,verso,,images/pages-verso/269m.png,images/archive-original/1280-1289 I (1280-1283)/269m.jpg,1280-1289 I (1280-1283),6,90-cw,1,1654,1168,RA Gent,Bethlehem Deinze,,1282,10,20,,0,0
269,269o.jpg,recto,1,recto,,images/pages-recto/269o.png,images/archive-original/1280-1289 I (1280-1283)/269o.jpg,1280-1289 I (1280-1283),6,90-cw,1,1654,1168,RA Gent,Bethlehem Deinze,,1282,10,20,,0,0
270,270m.jpg,verso,0,verso,,images/pages-verso/270m.png,images/archive-original/1280-1289 I (1280-1283)/270m.jpg,1280-1289 I (1280-1283),6,90-cw,1,1654,1168,RA Gent,Rijke Gasthuis,,1282,06,21,,0,0
270,270o.jpg,recto,1,recto,,images/pages-recto/270o.png,images/archive-original/1280-1289 I (1280-1283)/270o.jpg,1280-1289 I (1280-1283),6,90-cw,1,1654,1168,RA Gent,Rijke Gasthuis,,1282,06,21,,0,0
271,271m.jpg,verso,0,verso,,images/pages-verso/271m.png,images/archive-original/1280-1289 I (1280-1283)/271m.jpg,1280-1289 I (1280-1283),6,90-cw,1,1654,1168,RA Gent,Sint-Pietersabdij,,1282,08,25,,0,0
271,271o.jpg,recto,1,recto,,images/pages-recto/271o.png,images/archive-original/1280-1289 I (1280-1283)/271o.jpg,1280-1289 I (1280-1283),6,90-cw,1,1654,1168,RA Gent,Sint-Pietersabdij,,1282,08,25,,0,0
272,272m.jpg,verso,0,verso,,images/pages-verso/272m.png,images/archive-original/1280-1289 I (1280-1283)/272m.jpg,1280-1289 I (1280-1283),6,90-cw,1,2024,1436,RA Antwerpen,Pitsenburg,,1282,10,17,,0,0
272,272o.jpg,recto,1,recto,,images/pages-recto/272o.png,images/archive-original/1280-1289 I (1280-1283)/272o.jpg,1280-1289 I (1280-1283),6,90-cw,1,2024,1436,RA Antwerpen,Pitsenburg,,1282,10,17,,0,0
273,273m.jpg,verso,0,verso,,images/pages-verso/273m.png,images/archive-original/1280-1289 I (1280-1283)/273m.jpg,1280-1289 I (1280-1283),6,90-cw,1,2024,1436,RA Antwerpen,Biezelinge,,1282,05,29,,0,0
273,273o.jpg,recto,1,recto,,images/pages-recto/273o.png,images/archive-original/1280-1289 I (1280-1283)/273o.jpg,1280-1289 I (1280-1283),6,90-cw,1,2024,1436,RA Antwerpen,Biezelinge,,1282,05,29,,0,0
274,274m.jpg,verso,0,verso,,images/pages-verso/274m.png,images/archive-original/1280-1289 I (1280-1283)/274m.jpg,1280-1289 I (1280-1283),6,90-cw,1,2024,1436,SA Gent,Stadscharters,,1282,11,15,,0,0
274,274o.jpg,recto,1,recto,,images/pages-recto/274o.png,images/archive-original/1280-1289 I (1280-1283)/274o.jpg,1280-1289 I (1280-1283),6,90-cw,1,2024,1436,SA Gent,Stadscharters,,1282,11,15,,0,0
275,275m.jpg,verso,0,verso,,images/pages-verso/275m.png,images/archive-original/1280-1289 I (1280-1283)/275m.jpg,1280-1289 I (1280-1283),6,90-cw,1,2024,1436,SA Gent,Stadscharters,,1282,10,17,,0,0
275,275o.jpg,recto,1,recto,,images/pages-recto/275o.png,images/archive-original/1280-1289 I (1280-1283)/275o.jpg,1280-1289 I (1280-1283),6,90-cw,1,2024,1436,SA Gent,Stadscharters,,1282,10,17,,0,0
276,276m.jpg,verso,0,verso,,images/pages-verso/276m.png,images/archive-original/1280-1289 I (1280-1283)/276m.jpg,1280-1289 I (1280-1283),6,90-cw,1,2024,1436,SA Gent,Stadscharters,,1282,10,17,,0,0
276,276o.jpg,recto,0,neardup_of=275o,,images/pages-recto/276o.png,images/archive-original/1280-1289 I (1280-1283)/276o.jpg,1280-1289 I (1280-1283),6,90-cw,1,2024,1436,SA Gent,Stadscharters,,1282,10,17,,0,0
277,277m.jpg,verso,0,verso,,images/pages-verso/277m.png,images/archive-original/1280-1289 I (1280-1283)/277m.jpg,1280-1289 I (1280-1283),6,90-cw,1,2024,1436,SA Gent,Stadscharters,,1282,10,17,,0,0
277,277o.jpg,recto,0,neardup_of=275o,,images/pages-recto/277o.png,images/archive-original/1280-1289 I (1280-1283)/277o.jpg,1280-1289 I (1280-1283),6,90-cw,1,2024,1436,SA Gent,Stadscharters,,1282,10,17,,0,0
278,278m.jpg,verso,0,verso,,images/pages-verso/278m.png,images/archive-original/1280-1289 I (1280-1283)/278m.jpg,1280-1289 I (1280-1283),6,90-cw,1,2024,1436,Groot Seminarie Brugge,Ter Duinen,,1281,08,16,,0,0
278,278o.jpg,recto,1,recto,,images/pages-recto/278o.png,images/archive-original/1280-1289 I (1280-1283)/278o.jpg,1280-1289 I (1280-1283),6,90-cw,1,2024,1436,Groot Seminarie Brugge,Ter Duinen,,1281,08,16,,0,0
279,279m.jpg,verso,0,verso,,images/pages-verso/279m.png,images/archive-original/1280-1289 I (1280-1283)/279m.jpg,1280-1289 I (1280-1283),6,90-cw,1,2024,1436,Klein Begijnhof Gent,,,1281,08,xx,,0,0
279,279o.jpg,recto,1,recto,,images/pages-recto/279o.png,images/archive-original/1280-1289 I (1280-1283)/279o.jpg,1280-1289 I (1280-1283),6,90-cw,1,2024,1436,Klein Begijnhof Gent,,,1281,08,xx,,0,0
280,280m.jpg,verso,0,verso,,images/pages-verso/280m.png,images/archive-original/1280-1289 I (1280-1283)/280m.jpg,1280-1289 I (1280-1283),1,native,0,1436,2024,Sint-Janshospitaal Brugge,,,1281,11,29,,0,0
280,280o.jpg,recto,1,recto,,images/pages-recto/280o.png,images/archive-original/1280-1289 I (1280-1283)/280o.jpg,1280-1289 I (1280-1283),6,90-cw,1,2024,1436,Sint-Janshospitaal Brugge,,,1281,11,29,,0,0
281,281m.jpg,verso,0,verso,,images/pages-verso/281m.png,images/archive-original/1280-1289 I (1280-1283)/281m.jpg,1280-1289 I (1280-1283),1,native,0,1436,2024,Sint-Janshospitaal Brugge,,,1281,05,10,,0,0
281,281o.jpg,recto,1,recto,,images/pages-recto/281o.png,images/archive-original/1280-1289 I (1280-1283)/281o.jpg,1280-1289 I (1280-1283),6,90-cw,1,2024,1436,Sint-Janshospitaal Brugge,,,1281,05,10,,0,0
282,282m.jpg,verso,0,verso,,images/pages-verso/282m.png,images/archive-original/1280-1289 I (1280-1283)/282m.jpg,1280-1289 I (1280-1283),,missing,0,1436,2024,Sint-Janshospitaal Brugge,,,1281,05,10,,0,0
282,282o.jpg,recto,1,recto,,images/pages-recto/282o.png,images/archive-original/1280-1289 I (1280-1283)/282o.jpg,1280-1289 I (1280-1283),6,90-cw,1,1654,1168,Sint-Janshospitaal Brugge,,,1281,05,10,,0,0
283,283m.jpg,verso,0,verso,,images/pages-verso/283m.png,images/archive-original/1280-1289 I (1280-1283)/283m.jpg,1280-1289 I (1280-1283),,missing,0,1436,2024,Sint-Janshospitaal Brugge,,,1281,05,10,,0,0
283,283o.jpg,recto,1,recto,,images/pages-recto/283o.png,images/archive-original/1280-1289 I (1280-1283)/283o.jpg,1280-1289 I (1280-1283),6,90-cw,1,2024,1436,Sint-Janshospitaal Brugge,,,1281,05,10,,0,0
284,284m.jpg,verso,0,verso,,images/pages-verso/284m.png,images/archive-original/1280-1289 I (1280-1283)/284m.jpg,1280-1289 I (1280-1283),,missing,0,1436,2024,Sint-Janshospitaal Brugge,,,1281,03,28,,0,0
284,284o.jpg,recto,1,recto,,images/pages-recto/284o.png,images/archive-original/1280-1289 I (1280-1283)/284o.jpg,1280-1289 I (1280-1283),6,90-cw,1,2024,1436,Sint-Janshospitaal Brugge,,,1281,03,28,,0,0
285,285m.jpg,verso,0,verso,,images/pages-verso/285m.png,images/archive-original/1280-1289 I (1280-1283)/285m.jpg,1280-1289 I (1280-1283),,missing,0,1436,2024,Sint-Janshospitaal Brugge,,,1281,02,14,,0,0
285,285o.jpg,recto,1,recto,,images/pages-recto/285o.png,images/archive-original/1280-1289 I (1280-1283)/285o.jpg,1280-1289 I (1280-1283),6,90-cw,1,2024,1436,Sint-Janshospitaal Brugge,,,1281,02,14,,0,0
286,286m.jpg,verso,0,verso,,images/pages-verso/286m.png,images/archive-original/1280-1289 I (1280-1283)/286m.jpg,1280-1289 I (1280-1283),,missing,0,1436,2024,Sint-Janshospitaal Brugge,,,1281,01,xx,,0,0
286,286o.jpg,recto,1,recto,,images/pages-recto/286o.png,images/archive-original/1280-1289 I (1280-1283)/286o.jpg,1280-1289 I (1280-1283),6,90-cw,1,2024,1436,Sint-Janshospitaal Brugge,,,1281,01,xx,,0,0
287,287m.jpg,verso,0,verso,,images/pages-verso/287m.png,images/archive-original/1280-1289 I (1280-1283)/287m.jpg,1280-1289 I (1280-1283),6,90-cw,1,2024,1436,Potterie Brugge,,,1281,04,25,,0,0
287,287o.jpg,recto,1,recto,,images/pages-recto/287o.png,images/archive-original/1280-1289 I (1280-1283)/287o.jpg,1280-1289 I (1280-1283),6,90-cw,1,2024,1436,Potterie Brugge,,,1281,04,25,,0,0
288,288m.jpg,verso,0,verso,,images/pages-verso/288m.png,images/archive-original/1280-1289 I (1280-1283)/288m.jpg,1280-1289 I (1280-1283),6,90-cw,1,2024,1436,C.O.O. Brugge,Begijnhof,,1281,12,xx,,0,0
288,288o.jpg,recto,1,recto,,images/pages-recto/288o.png,images/archive-original/1280-1289 I (1280-1283)/288o.jpg,1280-1289 I (1280-1283),6,90-cw,1,2024,1436,C.O.O. Brugge,Begijnhof,,1281,12,xx,,0,0
289,289m.jpg,verso,0,verso,,images/pages-verso/289m.png,images/archive-original/1280-1289 I (1280-1283)/289m.jpg,1280-1289 I (1280-1283),6,90-cw,1,2024,1436,C.O.O. Brugge,Begijnhof,,1281,10,xx,,0,0
289,289o.jpg,recto,1,recto,,images/pages-recto/289o.png,images/archive-original/1280-1289 I (1280-1283)/289o.jpg,1280-1289 I (1280-1283),6,90-cw,1,2024,1436,C.O.O. Brugge,Begijnhof,,1281,10,xx,,0,0
290,290m.jpg,verso,0,verso,,images/pages-verso/290m.png,images/archive-original/1280-1289 I (1280-1283)/290m.jpg,1280-1289 I (1280-1283),6,90-cw,1,2024,1436,C.O.O. Brugge,Begijnhof,,1281,10,11,,0,0
290,290o.jpg,recto,1,recto,,images/pages-recto/290o.png,images/archive-original/1280-1289 I (1280-1283)/290o.jpg,1280-1289 I (1280-1283),6,90-cw,1,2024,1436,C.O.O. Brugge,Begijnhof,,1281,10,11,,0,0
291,291m.jpg,verso,0,verso,,images/pages-verso/291m.png,images/archive-original/1280-1289 I (1280-1283)/291m.jpg,1280-1289 I (1280-1283),6,90-cw,1,2024,1436,C.O.O. Brugge,Begijnhof,,1281,04,26,,0,0
291,291o.jpg,recto,1,recto,,images/pages-recto/291o.png,images/archive-original/1280-1289 I (1280-1283)/291o.jpg,1280-1289 I (1280-1283),6,90-cw,1,2024,1436,C.O.O. Brugge,Begijnhof,,1281,04,26,,0,0
292,292m.jpg,verso,0,verso,,images/pages-verso/292m.png,images/archive-original/1280-1289 I (1280-1283)/292m.jpg,1280-1289 I (1280-1283),6,90-cw,1,2024,1436,Bisdom Brugge,Urbanisten,,1281,01,18,,0,0
292,292o.jpg,recto,1,recto,,images/pages-recto/292o.png,images/archive-original/1280-1289 I (1280-1283)/292o.jpg,1280-1289 I (1280-1283),6,90-cw,1,2024,1436,Bisdom Brugge,Urbanisten,,1281,01,18,,0,0
293,293m.jpg,verso,0,verso,,images/pages-verso/293m.png,images/archive-original/1280-1289 I (1280-1283)/293m.jpg,1280-1289 I (1280-1283),6,90-cw,1,2024,1436,Bisdom Brugge,Urbanisten,,1281,02,04,,0,0
293,293o.jpg,recto,1,recto,,images/pages-recto/293o.png,images/archive-original/1280-1289 I (1280-1283)/293o.jpg,1280-1289 I (1280-1283),6,90-cw,1,2024,1436,Bisdom Brugge,Urbanisten,,1281,02,04,,0,0
294,294m.jpg,verso,0,verso,,images/pages-verso/294m.png,images/archive-original/1280-1289 I (1280-1283)/294m.jpg,1280-1289 I (1280-1283),6,90-cw,1,2024,1436,Bisdom Brugge,Urbanisten,,1281,02,21,,0,0
294,294o.jpg,recto,1,recto,,images/pages-recto/294o.png,images/archive-original/1280-1289 I (1280-1283)/294o.jpg,1280-1289 I (1280-1283),6,90-cw,1,2024,1436,Bisdom Brugge,Urbanisten,,1281,02,21,,0,0
295,295m.jpg,verso,0,verso,,images/pages-verso/295m.png,images/archive-original/1280-1289 I (1280-1283)/295m.jpg,1280-1289 I (1280-1283),6,90-cw,1,2024,1436,Bisdom Brugge,Urbanisten,,1281,02,21,,0,0
295,295o.jpg,recto,1,recto,,images/pages-recto/295o.png,images/archive-original/1280-1289 I (1280-1283)/295o.jpg,1280-1289 I (1280-1283),6,90-cw,1,2024,1436,Bisdom Brugge,Urbanisten,,1281,02,21,,0,0
296,296m.jpg,verso,0,verso,,images/pages-verso/296m.png,images/archive-original/1280-1289 I (1280-1283)/296m.jpg,1280-1289 I (1280-1283),6,90-cw,1,2024,1436,Bisdom Brugge,Urbanisten,,1281,06,21,,0,0
296,296o.jpg,recto,1,recto,,images/pages-recto/296o.png,images/archive-original/1280-1289 I (1280-1283)/296o.jpg,1280-1289 I (1280-1283),6,90-cw,1,2024,1436,Bisdom Brugge,Urbanisten,,1281,06,21,,0,0
297,297m.jpg,verso,0,verso,,images/pages-verso/297m.png,images/archive-original/1280-1289 I (1280-1283)/297m.jpg,1280-1289 I (1280-1283),6,90-cw,1,1654,1168,RA Ronse,abdij Ename,,1281,07,06,,0,0
297,297o.jpg,recto,1,recto,,images/pages-recto/297o.png,images/archive-original/1280-1289 I (1280-1283)/297o.jpg,1280-1289 I (1280-1283),6,90-cw,1,1654,1168,RA Ronse,abdij Ename,,1281,07,06,,0,0
298,298m.jpg,verso,0,verso,,images/pages-verso/298m.png,images/archive-original/1280-1289 I (1280-1283)/298m.jpg,1280-1289 I (1280-1283),6,90-cw,1,1654,1168,RA Gent,chron. suppl. 113,,1281,05,xx,,0,0
298,298o.jpg,recto,1,recto,,images/pages-recto/298o.png,images/archive-original/1280-1289 I (1280-1283)/298o.jpg,1280-1289 I (1280-1283),,missing,0,1168,1654,RA Gent,chron. suppl. 113,,1281,05,xx,,0,0
299,299m.jpg,verso,0,verso,,images/pages-verso/299m.png,images/archive-original/1280-1289 I (1280-1283)/299m.jpg,1280-1289 I (1280-1283),6,90-cw,1,1654,1168,RA Gent,Saint-Genois,288,1281,05,25,,0,0
299,299o.jpg,recto,1,recto,,images/pages-recto/299o.png,images/archive-original/1280-1289 I (1280-1283)/299o.jpg,1280-1289 I (1280-1283),,missing,0,1168,1654,RA Gent,Saint-Genois,288,1281,05,25,,0,0
300,300m.jpg,verso,0,verso,,images/pages-verso/300m.png,images/archive-original/1280-1289 I (1280-1283)/300m.jpg,1280-1289 I (1280-1283),6,90-cw,1,1654,1168,RA Ronse,abdij Ename,,1281,07,06,,0,0
300,300o.jpg,recto,1,recto,,images/pages-recto/300o.png,images/archive-original/1280-1289 I (1280-1283)/300o.jpg,1280-1289 I (1280-1283),6,90-cw,1,1654,1168,RA Ronse,abdij Ename,,1281,07,06,,0,0
301,301m.jpg,verso,0,verso,,images/pages-verso/301m.png,images/archive-original/1280-1289 I (1280-1283)/301m.jpg,1280-1289 I (1280-1283),6,90-cw,1,1654,1168,RA Gent,Sint-Elizabeth,,1281,06,08,,0,0
301,301o.jpg,recto,1,recto,,images/pages-recto/301o.png,images/archive-original/1280-1289 I (1280-1283)/301o.jpg,1280-1289 I (1280-1283),6,90-cw,1,1654,1168,RA Gent,Sint-Elizabeth,,1281,06,08,,0,0
302,302m.jpg,verso,0,verso,,images/pages-verso/302m.png,images/archive-original/1280-1289 I (1280-1283)/302m.jpg,1280-1289 I (1280-1283),6,90-cw,1,1654,1168,RA Gent,Sint-Baafs,,1281,07,18,,0,0
302,302o.jpg,recto,1,recto,,images/pages-recto/302o.png,images/archive-original/1280-1289 I (1280-1283)/302o.jpg,1280-1289 I (1280-1283),6,90-cw,1,1654,1168,RA Gent,Sint-Baafs,,1281,07,18,,0,0
303,303m.jpg,verso,0,verso,,images/pages-verso/303m.png,images/archive-original/1280-1289 I (1280-1283)/303m.jpg,1280-1289 I (1280-1283),6,90-cw,1,1654,1168,RA Gent,Rijke Gasthuis,,1281,xx,xx,,0,0
303,303o.jpg,recto,1,recto,,images/pages-recto/303o.png,images/archive-original/1280-1289 I (1280-1283)/303o.jpg,1280-1289 I (1280-1283),6,90-cw,1,1654,1168,RA Gent,Rijke Gasthuis,,1281,xx,xx,,0,0
304,304m.jpg,verso,0,verso,,images/pages-verso/304m.png,images/archive-original/1280-1289 I (1280-1283)/304m.jpg,1280-1289 I (1280-1283),6,90-cw,1,1654,1168,RA Gent,Rijke Gasthuis,,1281,07,06,,0,0
304,304o.jpg,recto,1,recto,,images/pages-recto/304o.png,images/archive-original/1280-1289 I (1280-1283)/304o.jpg,1280-1289 I (1280-1283),6,90-cw,1,1654,1168,RA Gent,Rijke Gasthuis,,1281,07,06,,0,0
305,305m.jpg,verso,0,verso,,images/pages-verso/305m.png,images/archive-original/1280-1289 I (1280-1283)/305m.jpg,1280-1289 I (1280-1283),6,90-cw,1,1654,1168,RA Gent,Rijke Gasthuis,,1281,07,06,,0,0
305,305o.jpg,recto,1,recto,,images/pages-recto/305o.png,images/archive-original/1280-1289 I (1280-1283)/305o.jpg,1280-1289 I (1280-1283),6,90-cw,1,1654,1168,RA Gent,Rijke Gasthuis,,1281,07,06,,0,0
306,306m.jpg,verso,0,verso,,images/pages-verso/306m.png,images/archive-original/1280-1289 I (1280-1283)/306m.jpg,1280-1289 I (1280-1283),6,90-cw,1,1654,1168,RA Gent,Rijke Gasthuis,,1281,07,06,,0,0
306,306o.jpg,recto,1,recto,,images/pages-recto/306o.png,images/archive-original/1280-1289 I (1280-1283)/306o.jpg,1280-1289 I (1280-1283),6,90-cw,1,1654,1168,RA Gent,Rijke Gasthuis,,1281,07,06,,0,0
307,307m.jpg,verso,0,verso,,images/pages-verso/307m.png,images/archive-original/1280-1289 I (1280-1283)/307m.jpg,1280-1289 I (1280-1283),6,90-cw,1,1654,1168,RA Gent,Rijke Gasthuis,,1281,07,06,,0,0
307,307o.jpg,recto,1,recto,,images/pages-recto/307o.png,images/archive-original/1280-1289 I (1280-1283)/307o.jpg,1280-1289 I (1280-1283),6,90-cw,1,1654,1168,RA Gent,Rijke Gasthuis,,1281,07,06,,0,0
308,308m.jpg,verso,0,verso,,images/pages-verso/308m.png,images/archive-original/1280-1289 I (1280-1283)/308m.jpg,1280-1289 I (1280-1283),6,90-cw,1,1654,1168,RA Gent,Rijke Gasthuis,,1281,07,06,,0,0
308,308o.jpg,recto,1,recto,,images/pages-recto/308o.png,images/archive-original/1280-1289 I (1280-1283)/308o.jpg,1280-1289 I (1280-1283),6,90-cw,1,1654,1168,RA Gent,Rijke Gasthuis,,1281,07,06,,0,0
309,309m.jpg,verso,0,verso,,images/pages-verso/309m.png,images/archive-original/1280-1289 I (1280-1283)/309m.jpg,1280-1289 I (1280-1283),6,90-cw,1,1654,1168,RA Gent,Sint-Pietersabdij,,1281,10,17,,0,0
309,309o.jpg,recto,1,recto,,images/pages-recto/309o.png,images/archive-original/1280-1289 I (1280-1283)/309o.jpg,1280-1289 I (1280-1283),6,90-cw,1,1654,1168,RA Gent,Sint-Pietersabdij,,1281,10,17,,0,0
310,310m.jpg,verso,0,verso,,images/pages-verso/310m.png,images/archive-original/1280-1289 I (1280-1283)/310m.jpg,1280-1289 I (1280-1283),6,90-cw,1,2024,1436,RA Antwerpen,Biezelinge,,1281,07,25,,0,0
310,310o.jpg,recto,1,recto,,images/pages-recto/310o.png,images/archive-original/1280-1289 I (1280-1283)/310o.jpg,1280-1289 I (1280-1283),6,90-cw,1,2024,1436,RA Antwerpen,Biezelinge,,1281,07,25,,0,0
311,311m.jpg,verso,0,verso,,images/pages-verso/311m.png,images/archive-original/1280-1289 I (1280-1283)/311m.jpg,1280-1289 I (1280-1283),6,90-cw,1,1654,1168,RA Gent,Sint-Baafs,,12xx,xx,xx,,0,0
311,311o.jpg,recto,1,recto,,images/pages-recto/311o.png,images/archive-original/1280-1289 I (1280-1283)/311o.jpg,1280-1289 I (1280-1283),6,90-cw,1,1654,1168,RA Gent,Sint-Baafs,,12xx,xx,xx,,0,0
312,312m.jpg,verso,0,verso,,images/pages-verso/312m.png,images/archive-original/1280-1289 I (1280-1283)/312m.jpg,1280-1289 I (1280-1283),6,90-cw,1,2024,1436,ARA Brussel,Kerkelijk fonds,7015,12xx,xx,xx,,0,0
312,312o.jpg,recto,1,recto,,images/pages-recto/312o.png,images/archive-original/1280-1289 I (1280-1283)/312o.jpg,1280-1289 I (1280-1283),,missing,0,1436,2024,ARA Brussel,Kerkelijk fonds,7015,12xx,xx,xx,,0,0
313,313m.jpg,verso,0,verso,,images/pages-verso/313m.png,images/archive-original/1280-1289 I (1280-1283)/313m.jpg,1280-1289 I (1280-1283),6,90-cw,1,2024,1436,Groot Seminarie Brugge,Ter Duinen,,1280,06,28,,0,0
313,313o.jpg,recto,1,recto,,images/pages-recto/313o.png,images/archive-original/1280-1289 I (1280-1283)/313o.jpg,1280-1289 I (1280-1283),6,90-cw,1,2024,1436,Groot Seminarie Brugge,Ter Duinen,,1280,06,28,,0,0
314,314m.jpg,verso,0,verso,,images/pages-verso/314m.png,images/archive-original/1280-1289 I (1280-1283)/314m.jpg,1280-1289 I (1280-1283),6,90-cw,1,2024,1436,Groot Seminarie Brugge,Ter Duinen,,1280,03,09,,0,0
314,314o.jpg,recto,1,recto,,images/pages-recto/314o.png,images/archive-original/1280-1289 I (1280-1283)/314o.jpg,1280-1289 I (1280-1283),6,90-cw,1,2024,1436,Groot Seminarie Brugge,Ter Duinen,,1280,03,09,,0,0
315,315m.jpg,verso,0,verso,,images/pages-verso/315m.png,images/archive-original/1280-1289 I (1280-1283)/315m.jpg,1280-1289 I (1280-1283),1,native,0,1436,2024,Sint-Janshospitaal Brugge,,,1280,05,xx,,0,0
315,315o.jpg,recto,1,recto,,images/pages-recto/315o.png,images/archive-original/1280-1289 I (1280-1283)/315o.jpg,1280-1289 I (1280-1283),6,90-cw,1,2024,1436,Sint-Janshospitaal Brugge,,,1280,05,xx,,0,0
316,316m.jpg,verso,0,verso,,images/pages-verso/316m.png,images/archive-original/1280-1289 I (1280-1283)/316m.jpg,1280-1289 I (1280-1283),1,native,0,1436,2024,Sint-Janshospitaal Brugge,,,1280,02,17,,0,0
316,316o.jpg,recto,1,recto,,images/pages-recto/316o.png,images/archive-original/1280-1289 I (1280-1283)/316o.jpg,1280-1289 I (1280-1283),6,90-cw,1,2024,1436,Sint-Janshospitaal Brugge,,,1280,02,17,,0,0
317,317m.jpg,verso,0,verso,,images/pages-verso/317m.png,images/archive-original/1280-1289 I (1280-1283)/317m.jpg,1280-1289 I (1280-1283),,missing,0,1436,2024,Sint-Janshospitaal Brugge,,,1280,02,09,,0,0
317,317o.jpg,recto,1,recto,,images/pages-recto/317o.png,images/archive-original/1280-1289 I (1280-1283)/317o.jpg,1280-1289 I (1280-1283),6,90-cw,1,2024,1436,Sint-Janshospitaal Brugge,,,1280,02,09,,0,0
318,318m.jpg,verso,0,verso,,images/pages-verso/318m.png,images/archive-original/1280-1289 I (1280-1283)/318m.jpg,1280-1289 I (1280-1283),6,90-cw,1,2024,1436,Potterie Brugge,,,1280,04,13,,0,0
318,318o.jpg,recto,1,recto,,images/pages-recto/318o.png,images/archive-original/1280-1289 I (1280-1283)/318o.jpg,1280-1289 I (1280-1283),6,90-cw,1,2024,1436,Potterie Brugge,,,1280,04,13,,0,0
319,319m.jpg,verso,0,verso,,images/pages-verso/319m.png,images/archive-original/1280-1289 I (1280-1283)/319m.jpg,1280-1289 I (1280-1283),6,90-cw,1,2024,1436,C.O.O. Brugge,Magdalenahospitaal,,1280,12,07,,0,0
319,319o.jpg,recto,1,recto,,images/pages-recto/319o.png,images/archive-original/1280-1289 I (1280-1283)/319o.jpg,1280-1289 I (1280-1283),6,90-cw,1,2024,1436,C.O.O. Brugge,Magdalenahospitaal,,1280,12,07,,0,0
320,320m.jpg,verso,0,verso,,images/pages-verso/320m.png,images/archive-original/1280-1289 I (1280-1283)/320m.jpg,1280-1289 I (1280-1283),6,90-cw,1,2024,1436,C.O.O. Brugge,Magdalenahospitaal,,1280,09,21,,0,0
320,320o.jpg,recto,1,recto,,images/pages-recto/320o.png,images/archive-original/1280-1289 I (1280-1283)/320o.jpg,1280-1289 I (1280-1283),6,90-cw,1,2024,1436,C.O.O. Brugge,Magdalenahospitaal,,1280,09,21,,0,0
321,321m.jpg,verso,0,verso,,images/pages-verso/321m.png,images/archive-original/1280-1289 I (1280-1283)/321m.jpg,1280-1289 I (1280-1283),6,90-cw,1,2024,1436,C.O.O. Brugge,Magdalenahospitaal,,1280,09,19,,0,0
321,321o.jpg,recto,1,recto,,images/pages-recto/321o.png,images/archive-original/1280-1289 I (1280-1283)/321o.jpg,1280-1289 I (1280-1283),6,90-cw,1,2024,1436,C.O.O. Brugge,Magdalenahospitaal,,1280,09,19,,0,0
322,322m.jpg,verso,0,verso,,images/pages-verso/322m.png,images/archive-original/1280-1289 I (1280-1283)/322m.jpg,1280-1289 I (1280-1283),6,90-cw,1,2024,1436,C.O.O. Brugge,Magdalenahospitaal,,1280,07,05,,0,0
322,322o.jpg,recto,1,recto,,images/pages-recto/322o.png,images/archive-original/1280-1289 I (1280-1283)/322o.jpg,1280-1289 I (1280-1283),6,90-cw,1,2024,1436,C.O.O. Brugge,Magdalenahospitaal,,1280,07,05,,0,0
323,323m.jpg,verso,0,verso,,images/pages-verso/323m.png,images/archive-original/1280-1289 I (1280-1283)/323m.jpg,1280-1289 I (1280-1283),6,90-cw,1,2024,1436,Bisdom Brugge,Urbanisten,,1280,12,20,,0,0
323,323o.jpg,recto,1,recto,,images/pages-recto/323o.png,images/archive-original/1280-1289 I (1280-1283)/323o.jpg,1280-1289 I (1280-1283),6,90-cw,1,2024,1436,Bisdom Brugge,Urbanisten,,1280,12,20,,0,0
324,324m.jpg,verso,0,verso,,images/pages-verso/324m.png,images/archive-original/1280-1289 I (1280-1283)/324m.jpg,1280-1289 I (1280-1283),6,90-cw,1,1654,1168,RA Gent,Gaillard,709,1280,xx,xx,,0,0
324,324o.jpg,recto,1,recto,,images/pages-recto/324o.png,images/archive-original/1280-1289 I (1280-1283)/324o.jpg,1280-1289 I (1280-1283),1,native,0,1168,1654,RA Gent,Gaillard,709,1280,xx,xx,,0,0
325,325m.jpg,verso,0,verso,,images/pages-verso/325m.png,images/archive-original/1280-1289 I (1280-1283)/325m.jpg,1280-1289 I (1280-1283),6,90-cw,1,1654,1168,RA Gent,Saint-Genois,282,1280,xx,xx,,0,0
325,325o.jpg,recto,1,recto,,images/pages-recto/325o.png,images/archive-original/1280-1289 I (1280-1283)/325o.jpg,1280-1289 I (1280-1283),6,90-cw,1,1654,1168,RA Gent,Saint-Genois,282,1280,xx,xx,,0,0
326,326m.jpg,verso,0,verso,,images/pages-verso/326m.png,images/archive-original/1280-1289 I (1280-1283)/326m.jpg,1280-1289 I (1280-1283),6,90-cw,1,1654,1168,RA Gent,Saint-Genois,270,1280,09,28,,0,0
326,326o.jpg,recto,1,recto,,images/pages-recto/326o.png,images/archive-original/1280-1289 I (1280-1283)/326o.jpg,1280-1289 I (1280-1283),1,native,0,1168,1654,RA Gent,Saint-Genois,270,1280,09,28,,0,0
327,327m.jpg,verso,0,verso,,images/pages-verso/327m.png,images/archive-original/1280-1289 I (1280-1283)/327m.jpg,1280-1289 I (1280-1283),6,90-cw,1,1654,1168,RA Gent,priorij Poperinge,,1280,07,05,,0,0
327,327o.jpg,recto,1,recto,,images/pages-recto/327o.png,images/archive-original/1280-1289 I (1280-1283)/327o.jpg,1280-1289 I (1280-1283),6,90-cw,1,1654,1168,RA Gent,priorij Poperinge,,1280,07,05,,0,0
328,328m.jpg,verso,0,verso,,images/pages-verso/328m.png,images/archive-original/1280-1289 I (1280-1283)/328m.jpg,1280-1289 I (1280-1283),6,90-cw,1,1654,1168,RA Gent,priorij Poperinge,,1280,07,19,,0,0
328,328o.jpg,recto,1,recto,,images/pages-recto/328o.png,images/archive-original/1280-1289 I (1280-1283)/328o.jpg,1280-1289 I (1280-1283),6,90-cw,1,1654,1168,RA Gent,priorij Poperinge,,1280,07,19,,0,0
329,329m.jpg,verso,0,verso,,images/pages-verso/329m.png,images/archive-original/1280-1289 I (1280-1283)/329m.jpg,1280-1289 I (1280-1283),6,90-cw,1,1654,1168,RA Gent,priorij Poperinge,,1280,11,09,,0,0
329,329o.jpg,recto,1,recto,,images/pages-recto/329o.png,images/archive-original/1280-1289 I (1280-1283)/329o.jpg,1280-1289 I (1280-1283),6,90-cw,1,1654,1168,RA Gent,priorij Poperinge,,1280,11,09,,0,0
330,330m.jpg,verso,0,verso,,images/pages-verso/330m.png,images/archive-original/1280-1289 I (1280-1283)/330m.jpg,1280-1289 I (1280-1283),6,90-cw,1,1654,1168,RA Gent,priorij Poperinge,,1280,03,09,,0,0
330,330o.jpg,recto,1,recto,,images/pages-recto/330o.png,images/archive-original/1280-1289 I (1280-1283)/330o.jpg,1280-1289 I (1280-1283),6,90-cw,1,1654,1168,RA Gent,priorij Poperinge,,1280,03,09,,0,0
331,331m.jpg,verso,0,verso,,images/pages-verso/331m.png,images/archive-original/1280-1289 I (1280-1283)/331m.jpg,1280-1289 I (1280-1283),6,90-cw,1,1654,1168,RA Gent,Sint-Elizabeth,,1280,01,xx,,0,0
331,331o.jpg,recto,1,recto,,images/pages-recto/331o.png,images/archive-original/1280-1289 I (1280-1283)/331o.jpg,1280-1289 I (1280-1283),6,90-cw,1,1654,1168,RA Gent,Sint-Elizabeth,,1280,01,xx,,0,0
332,332m.jpg,verso,0,verso,,images/pages-verso/332m.png,images/archive-original/1280-1289 I (1280-1283)/332m.jpg,1280-1289 I (1280-1283),6,90-cw,1,1654,1168,RA Gent,Gaillard,800,12xx,xx,xx,,0,0
332,332o.jpg,recto,1,recto,,images/pages-recto/332o.png,images/archive-original/1280-1289 I (1280-1283)/332o.jpg,1280-1289 I (1280-1283),,missing,0,1168,1654,RA Gent,Gaillard,800,12xx,xx,xx,,0,0
333,333m.jpg,verso,0,verso,,images/pages-verso/333m.png,images/archive-original/1280-1289 I (1280-1283)/333m.jpg,1280-1289 I (1280-1283),6,90-cw,1,1654,1168,RA Gent,Rijke Gasthuis,,128x,xx,xx,,0,0
333,333o.jpg,recto,1,recto,,images/pages-recto/333o.png,images/archive-original/1280-1289 I (1280-1283)/333o.jpg,1280-1289 I (1280-1283),,missing,0,1168,1654,RA Gent,Rijke Gasthuis,,128x,xx,xx,,0,0
334,334m.jpg,verso,0,verso,,images/pages-verso/334m.png,images/archive-original/1280-1289 I (1280-1283)/334m.jpg,1280-1289 I (1280-1283),6,90-cw,1,2024,1436,RA Antwerpen,Nazareth Lier,,1280,05,05,,0,0
334,334o.jpg,recto,1,recto,,images/pages-recto/334o.png,images/archive-original/1280-1289 I (1280-1283)/334o.jpg,1280-1289 I (1280-1283),6,90-cw,1,2024,1436,RA Antwerpen,Nazareth Lier,,1280,05,05,,0,0
335,335m.jpg,verso,0,verso,,images/pages-verso/335m.png,images/archive-original/1280-1289 I (1280-1283)/335m.jpg,1280-1289 I (1280-1283),6,90-cw,1,2024,1436,Maria Middelares Gent,Ter Hagen,,1280,02,25,,0,0
335,335o.jpg,recto,1,recto,,images/pages-recto/335o.png,images/archive-original/1280-1289 I (1280-1283)/335o.jpg,1280-1289 I (1280-1283),6,90-cw,1,2024,1436,Maria Middelares Gent,Ter Hagen,,1280,02,25,,0,0
336,336m.jpg,verso,0,verso,,images/pages-verso/336m.png,images/archive-original/1280-1289 I (1280-1283)/336m.jpg,1280-1289 I (1280-1283),6,90-cw,1,2024,1436,SA Gent,Stadscharters,,128x,xx,xx,,0,0
336,336o.jpg,recto,1,recto,,images/pages-recto/336o.png,images/archive-original/1280-1289 I (1280-1283)/336o.jpg,1280-1289 I (1280-1283),3,180,1,1436,2024,SA Gent,Stadscharters,,128x,xx,xx,,0,0
337,337m.jpg,verso,0,verso,,images/pages-verso/337m.png,images/archive-original/1280-1289 I (1280-1283)/337m.jpg,1280-1289 I (1280-1283),6,90-cw,1,2024,1436,SA Gent,Stadscharters,,128x,xx,xx,,0,0
337,337o.jpg,recto,0,neardup_of=336o,,images/pages-recto/337o.png,images/archive-original/1280-1289 I (1280-1283)/337o.jpg,1280-1289 I (1280-1283),,missing,0,1436,2024,SA Gent,Stadscharters,,128x,xx,xx,,0,0
338,338m.jpg,verso,0,verso,,images/pages-verso/338m.png,images/archive-original/1280-1289 I (1280-1283)/338m.jpg,1280-1289 I (1280-1283),6,90-cw,1,2024,1436,SA Gent,Groot Begijnhof,,1280,04,28,,0,0
338,338o.jpg,recto,1,recto,,images/pages-recto/338o.png,images/archive-original/1280-1289 I (1280-1283)/338o.jpg,1280-1289 I (1280-1283),6,90-cw,1,2024,1436,SA Gent,Groot Begijnhof,,1280,04,28,,0,0
339,339m.jpg,verso,0,verso,339,images/pages-verso/339m.png,images/archive-original/1280-1289 I (1280-1283)/339m.jpg,1280-1289 I (1280-1283),,missing,0,1656,2339,Rijsel,B,1353/18596,1280,xx,xx,,0,0
339,339o.jpg,recto,1,series_first,339,images/pages-recto/339o.png,images/archive-original/1280-1289 I (1280-1283)/339o.jpg,1280-1289 I (1280-1283),,missing,0,1656,2339,Rijsel,B,1353/18596,1280,xx,xx,,0,0
340,340m.jpg,verso,0,verso,339,images/pages-verso/340m.png,images/archive-original/1280-1289 I (1280-1283)/340m.jpg,1280-1289 I (1280-1283),,missing,0,1656,2339,Rijsel,B,1353/18596,1280,xx,xx,,0,0
340,340o.jpg,recto,0,series_of=339o,339,images/pages-recto/340o.png,images/archive-original/1280-1289 I (1280-1283)/340o.jpg,1280-1289 I (1280-1283),,missing,0,1656,2339,Rijsel,B,1353/18596,1280,xx,xx,,0,0
341,341m.jpg,verso,0,verso,,images/pages-verso/341m.png,images/archive-original/1280-1289 I (1280-1283)/341m.jpg,1280-1289 I (1280-1283),,missing,0,1656,2339,Gemeentearchief Haarlem,,,1280,09,07,,0,0
341,341o.jpg,recto,1,recto,,images/pages-recto/341o.png,images/archive-original/1280-1289 I (1280-1283)/341o.jpg,1280-1289 I (1280-1283),6,90-cw,1,2339,1656,Gemeentearchief Haarlem,,,1280,09,07,,0,0
342,342m.jpg,verso,0,verso,,images/pages-verso/342m.png,images/archive-original/1280-1289 I (1280-1283)/342m.jpg,1280-1289 I (1280-1283),,missing,0,1656,2339,Schoonhoven,,,128x,03,24,,0,0
342,342o.jpg,recto,1,recto,,images/pages-recto/342o.png,images/archive-original/1280-1289 I (1280-1283)/342o.jpg,1280-1289 I (1280-1283),1,native,0,2339,1656,Schoonhoven,,,128x,03,24,,0,0
343,343m.jpg,verso,0,verso,,images/pages-verso/343m.png,images/archive-original/1280-1289 II (1284-85)/343m.jpg,1280-1289 II (1284-85),6,90-cw,1,2024,1436,Maria Middelares Gent,Bijloke,,1285,05,25,,0,0
343,343o.jpg,recto,1,recto,,images/pages-recto/343o.png,images/archive-original/1280-1289 II (1284-85)/343o.jpg,1280-1289 II (1284-85),6,90-cw,1,2024,1436,Maria Middelares Gent,Bijloke,,1285,05,25,,0,0
344,344m.jpg,verso,0,verso,,images/pages-verso/344m.png,images/archive-original/1280-1289 II (1284-85)/344m.jpg,1280-1289 II (1284-85),6,90-cw,1,2024,1436,O.L.V. Brugge,,,1285,04,28,,0,0
344,344o.jpg,recto,1,recto,,images/pages-recto/344o.png,images/archive-original/1280-1289 II (1284-85)/344o.jpg,1280-1289 II (1284-85),6,90-cw,1,2024,1436,O.L.V. Brugge,,,1285,04,28,,0,0
345,345m.jpg,verso,0,verso,,images/pages-verso/345m.png,images/archive-original/1280-1289 II (1284-85)/345m.jpg,1280-1289 II (1284-85),1,native,0,1656,2339,Algemeen Rijksarchief Den Haag,Grafelijkheid,,1285,11,11,,0,0
345,345o.jpg,recto,1,recto,,images/pages-recto/345o.png,images/archive-original/1280-1289 II (1284-85)/345o.jpg,1280-1289 II (1284-85),1,native,0,2339,1656,Algemeen Rijksarchief Den Haag,Grafelijkheid,,1285,11,11,,0,1
346,346m.jpg,verso,0,verso,,images/pages-verso/346m.png,images/archive-original/1280-1289 II (1284-85)/346m.jpg,1280-1289 II (1284-85),,missing,0,1656,2339,Algemeen Rijksarchief Den Haag,Grafelijkheid,,1285,10,27,,0,0
346,346o.jpg,recto,1,recto,,images/pages-recto/346o.png,images/archive-original/1280-1289 II (1284-85)/346o.jpg,1280-1289 II (1284-85),1,native,0,2339,1656,Algemeen Rijksarchief Den Haag,Grafelijkheid,,1285,10,27,,0,0
347,347m.jpg,verso,0,verso,,images/pages-verso/347m.png,images/archive-original/1280-1289 II (1284-85)/347m.jpg,1280-1289 II (1284-85),,missing,0,1656,2339,Algemeen Rijksarchief Den Haag,Grafelijkheid,,1285,10,27,,0,0
347,347o.jpg,recto,0,neardup_of=346o,,images/pages-recto/347o.png,images/archive-original/1280-1289 II (1284-85)/347o.jpg,1280-1289 II (1284-85),1,native,0,2339,1656,Algemeen Rijksarchief Den Haag,Grafelijkheid,,1285,10,27,,0,1
348,348m.jpg,verso,0,verso,,images/pages-verso/348m.png,images/archive-original/1280-1289 II (1284-85)/348m.jpg,1280-1289 II (1284-85),,missing,0,1656,2339,Algemeen Rijksarchief Den Haag,Grafelijkheid,,1285,10,27,,0,0
348,348o.jpg,recto,0,neardup_of=346o,,images/pages-recto/348o.png,images/archive-original/1280-1289 II (1284-85)/348o.jpg,1280-1289 II (1284-85),1,native,0,2339,1656,Algemeen Rijksarchief Den Haag,Grafelijkheid,,1285,10,27,,0,1
349,349m.jpg,verso,0,verso,,images/pages-verso/349m.png,images/archive-original/1280-1289 II (1284-85)/349m.jpg,1280-1289 II (1284-85),,missing,0,1656,2339,Algemeen Rijksarchief Den Haag,Grafelijkheid,,1285,10,27,,0,0
349,349o.jpg,recto,0,neardup_of=346o,,images/pages-recto/349o.png,images/archive-original/1280-1289 II (1284-85)/349o.jpg,1280-1289 II (1284-85),1,native,0,2339,1656,Algemeen Rijksarchief Den Haag,Grafelijkheid,,1285,10,27,,0,1
350,350m.jpg,verso,0,verso,,images/pages-verso/350m.png,images/archive-original/1280-1289 II (1284-85)/350m.jpg,1280-1289 II (1284-85),,missing,0,1656,2339,Algemeen Rijksarchief Den Haag,Grafelijkheid,,1285,10,27,,0,0
350,350o.jpg,recto,1,recto,,images/pages-recto/350o.png,images/archive-original/1280-1289 II (1284-85)/350o.jpg,1280-1289 II (1284-85),1,native,0,2339,1656,Algemeen Rijksarchief Den Haag,Grafelijkheid,,1285,10,27,,0,1
351,351m.jpg,verso,0,verso,,images/pages-verso/351m.png,images/archive-original/1280-1289 II (1284-85)/351m.jpg,1280-1289 II (1284-85),,missing,0,1656,2339,Algemeen Rijksarchief Den Haag,Grafelijkheid,,1285,10,27,,0,0
351,351o.jpg,recto,0,neardup_of=350o,,images/pages-recto/351o.png,images/archive-original/1280-1289 II (1284-85)/351o.jpg,1280-1289 II (1284-85),1,native,0,2339,1656,Algemeen Rijksarchief Den Haag,Grafelijkheid,,1285,10,27,,0,1
352,352m.jpg,verso,0,verso,,images/pages-verso/352m.png,images/archive-original/1280-1289 II (1284-85)/352m.jpg,1280-1289 II (1284-85),,missing,0,1656,2339,Algemeen Rijksarchief Den Haag,Grafelijkheid,,1285,10,27,,0,0
352,352o.jpg,recto,0,neardup_of=350o,,images/pages-recto/352o.png,images/archive-original/1280-1289 II (1284-85)/352o.jpg,1280-1289 II (1284-85),1,native,0,2339,1656,Algemeen Rijksarchief Den Haag,Grafelijkheid,,1285,10,27,,0,1
353,353m.jpg,verso,0,verso,,images/pages-verso/353m.png,images/archive-original/1280-1289 II (1284-85)/353m.jpg,1280-1289 II (1284-85),,missing,0,1656,2339,Algemeen Rijksarchief Den Haag,Grafelijkheid,,1285,10,27,,0,0
353,353o.jpg,recto,0,neardup_of=350o,,images/pages-recto/353o.png,images/archive-original/1280-1289 II (1284-85)/353o.jpg,1280-1289 II (1284-85),1,native,0,2339,1656,Algemeen Rijksarchief Den Haag,Grafelijkheid,,1285,10,27,,0,1
354,354m.jpg,verso,0,verso,,images/pages-verso/354m.png,images/archive-original/1280-1289 II (1284-85)/354m.jpg,1280-1289 II (1284-85),,missing,0,1656,2339,Algemeen Rijksarchief Den Haag,Grafelijkheid,,1285,10,27,,0,0
354,354o.jpg,recto,0,neardup_of=350o,,images/pages-recto/354o.png,images/archive-original/1280-1289 II (1284-85)/354o.jpg,1280-1289 II (1284-85),1,native,0,2339,1656,Algemeen Rijksarchief Den Haag,Grafelijkheid,,1285,10,27,,0,1
355,355m.jpg,verso,0,verso,,images/pages-verso/355m.png,images/archive-original/1280-1289 II (1284-85)/355m.jpg,1280-1289 II (1284-85),,missing,0,1656,2339,Rijksarchief Utrecht,Sint-Marie,,1285,10,12,falsum 2e helft 14e eeuw,0,0
355,355o.jpg,recto,1,recto,,images/pages-recto/355o.png,images/archive-original/1280-1289 II (1284-85)/355o.jpg,1280-1289 II (1284-85),6,90-cw,1,2339,1656,Rijksarchief Utrecht,Sint-Marie,,1285,10,12,falsum 2e helft 14e eeuw,0,0
356,356m.jpg,verso,0,verso,,images/pages-verso/356m.png,images/archive-original/1280-1289 II (1284-85)/356m.jpg,1280-1289 II (1284-85),6,90-cw,1,2024,1436,Groot Seminarie Brugge,Ter Duinen,,1285,10,13,,0,0
356,356o.jpg,recto,1,recto,,images/pages-recto/356o.png,images/archive-original/1280-1289 II (1284-85)/356o.jpg,1280-1289 II (1284-85),6,90-cw,1,2024,1436,Groot Seminarie Brugge,Ter Duinen,,1285,10,13,,0,0
357,357m.jpg,verso,0,verso,,images/pages-verso/357m.png,images/archive-original/1280-1289 II (1284-85)/357m.jpg,1280-1289 II (1284-85),6,90-cw,1,2024,1436,Groot Seminarie Brugge,Ter Duinen,,1285,06,02,,0,0
357,357o.jpg,recto,1,recto,,images/pages-recto/357o.png,images/archive-original/1280-1289 II (1284-85)/357o.jpg,1280-1289 II (1284-85),6,90-cw,1,2024,1436,Groot Seminarie Brugge,Ter Duinen,,1285,06,02,,0,0
358,358m.jpg,verso,0,verso,,images/pages-verso/358m.png,images/archive-original/1280-1289 II (1284-85)/358m.jpg,1280-1289 II (1284-85),6,90-cw,1,2024,1436,Groot Seminarie Brugge,Ter Duinen,,1285,05,05,,0,0
358,358o.jpg,recto,1,recto,,images/pages-recto/358o.png,images/archive-original/1280-1289 II (1284-85)/358o.jpg,1280-1289 II (1284-85),6,90-cw,1,2024,1436,Groot Seminarie Brugge,Ter Duinen,,1285,05,05,,0,0
359,359m.jpg,verso,0,verso,,images/pages-verso/359m.png,images/archive-original/1280-1289 II (1284-85)/359m.jpg,1280-1289 II (1284-85),6,90-cw,1,2024,1436,RA Brugge,blauw,6760,1285,05,16,,0,0
359,359o.jpg,recto,1,recto,,images/pages-recto/359o.png,images/archive-original/1280-1289 II (1284-85)/359o.jpg,1280-1289 II (1284-85),6,90-cw,1,2024,1436,RA Brugge,blauw,6760,1285,05,16,,0,0
360,360m.jpg,verso,0,verso,,images/pages-verso/360m.png,images/archive-original/1280-1289 II (1284-85)/360m.jpg,1280-1289 II (1284-85),,missing,0,1436,2024,Sint-Janshospitaal Brugge,,,1285,11,24,,0,0
360,360o.jpg,recto,1,recto,,images/pages-recto/360o.png,images/archive-original/1280-1289 II (1284-85)/360o.jpg,1280-1289 II (1284-85),6,90-cw,1,2024,1436,Sint-Janshospitaal Brugge,,,1285,11,24,,0,0
361,361m.jpg,verso,0,verso,,images/pages-verso/361m.png,images/archive-original/1280-1289 II (1284-85)/361m.jpg,1280-1289 II (1284-85),,missing,0,1436,2024,Sint-Janshospitaal Brugge,,,1285,11,24,,0,0
361,361o.jpg,recto,1,recto,,images/pages-recto/361o.png,images/archive-original/1280-1289 II (1284-85)/361o.jpg,1280-1289 II (1284-85),6,90-cw,1,2024,1436,Sint-Janshospitaal Brugge,,,1285,11,24,,0,0
362,362m.jpg,verso,0,verso,,images/pages-verso/362m.png,images/archive-original/1280-1289 II (1284-85)/362m.jpg,1280-1289 II (1284-85),,missing,0,1436,2024,Sint-Janshospitaal Brugge,,,1285,03,10,,0,0
362,362o.jpg,recto,1,recto,,images/pages-recto/362o.png,images/archive-original/1280-1289 II (1284-85)/362o.jpg,1280-1289 II (1284-85),6,90-cw,1,2024,1436,Sint-Janshospitaal Brugge,,,1285,03,10,,0,0
363,363m.jpg,verso,0,verso,,images/pages-verso/363m.png,images/archive-original/1280-1289 II (1284-85)/363m.jpg,1280-1289 II (1284-85),1,native,0,1436,2024,Sint-Janshospitaal Brugge,,,1285,03,04,,0,0
363,363o.jpg,recto,1,recto,,images/pages-recto/363o.png,images/archive-original/1280-1289 II (1284-85)/363o.jpg,1280-1289 II (1284-85),6,90-cw,1,2024,1436,Sint-Janshospitaal Brugge,,,1285,03,04,,0,0
364,364m.jpg,verso,0,verso,,images/pages-verso/364m.png,images/archive-original/1280-1289 II (1284-85)/364m.jpg,1280-1289 II (1284-85),,missing,0,1436,2024,Sint-Janshospitaal Brugge,,,1285,02,23,,0,0
364,364o.jpg,recto,1,recto,,images/pages-recto/364o.png,images/archive-original/1280-1289 II (1284-85)/364o.jpg,1280-1289 II (1284-85),6,90-cw,1,2024,1436,Sint-Janshospitaal Brugge,,,1285,02,23,,0,0
365,365m.jpg,verso,0,verso,,images/pages-verso/365m.png,images/archive-original/1280-1289 II (1284-85)/365m.jpg,1280-1289 II (1284-85),,missing,0,1436,2024,Sint-Janshospitaal Brugge,,,1285,02,11,,0,0
365,365o.jpg,recto,1,recto,,images/pages-recto/365o.png,images/archive-original/1280-1289 II (1284-85)/365o.jpg,1280-1289 II (1284-85),6,90-cw,1,2024,1436,Sint-Janshospitaal Brugge,,,1285,02,11,,0,0
366,366m.jpg,verso,0,verso,,images/pages-verso/366m.png,images/archive-original/1280-1289 II (1284-85)/366m.jpg,1280-1289 II (1284-85),,missing,0,1436,2024,Sint-Janshospitaal Brugge,,,1285,02,09,,0,0
366,366o.jpg,recto,1,recto,,images/pages-recto/366o.png,images/archive-original/1280-1289 II (1284-85)/366o.jpg,1280-1289 II (1284-85),6,90-cw,1,2024,1436,Sint-Janshospitaal Brugge,,,1285,02,09,,0,0
367,367m.jpg,verso,0,verso,,images/pages-verso/367m.png,images/archive-original/1280-1289 II (1284-85)/367m.jpg,1280-1289 II (1284-85),,missing,0,1436,2024,Sint-Janshospitaal Brugge,,,1285,01,13,,0,0
367,367o.jpg,recto,1,recto,,images/pages-recto/367o.png,images/archive-original/1280-1289 II (1284-85)/367o.jpg,1280-1289 II (1284-85),6,90-cw,1,2024,1436,Sint-Janshospitaal Brugge,,,1285,01,13,,0,0
368,368m.jpg,verso,0,verso,,images/pages-verso/368m.png,images/archive-original/1280-1289 II (1284-85)/368m.jpg,1280-1289 II (1284-85),6,90-cw,1,2024,1436,Potterie Brugge,,,1285,10,20,,0,0
368,368o.jpg,recto,1,recto,,images/pages-recto/368o.png,images/archive-original/1280-1289 II (1284-85)/368o.jpg,1280-1289 II (1284-85),6,90-cw,1,2024,1436,Potterie Brugge,,,1285,10,20,,0,0
369,369m.jpg,verso,0,verso,,images/pages-verso/369m.png,images/archive-original/1280-1289 II (1284-85)/369m.jpg,1280-1289 II (1284-85),6,90-cw,1,2024,1436,Potterie Brugge,,,1285,06,28,,0,0
369,369o.jpg,recto,1,recto,,images/pages-recto/369o.png,images/archive-original/1280-1289 II (1284-85)/369o.jpg,1280-1289 II (1284-85),6,90-cw,1,2024,1436,Potterie Brugge,,,1285,06,28,,0,0
370,370m.jpg,verso,0,verso,,images/pages-verso/370m.png,images/archive-original/1280-1289 II (1284-85)/370m.jpg,1280-1289 II (1284-85),6,90-cw,1,2024,1436,C.O.O. Brugge,Magdalenahospitaal,,1285,02,17,,0,0
370,370o.jpg,recto,1,recto,,images/pages-recto/370o.png,images/archive-original/1280-1289 II (1284-85)/370o.jpg,1280-1289 II (1284-85),6,90-cw,1,2024,1436,C.O.O. Brugge,Magdalenahospitaal,,1285,02,17,,0,0
371,371m.jpg,verso,0,verso,,images/pages-verso/371m.png,images/archive-original/1280-1289 II (1284-85)/371m.jpg,1280-1289 II (1284-85),6,90-cw,1,2024,1436,Groot Seminarie Brugge,Eekhout,,128x,03,3x,,0,0
371,371o.jpg,recto,1,recto,,images/pages-recto/371o.png,images/archive-original/1280-1289 II (1284-85)/371o.jpg,1280-1289 II (1284-85),6,90-cw,1,2024,1436,Groot Seminarie Brugge,Eekhout,,128x,03,3x,,0,0
372,372m.jpg,verso,0,verso,,images/pages-verso/372m.png,images/archive-original/1280-1289 II (1284-85)/372m.jpg,1280-1289 II (1284-85),6,90-cw,1,2024,1436,Groot Seminarie Brugge,Zonnebeke,,1285,11,27,,0,0
372,372o.jpg,recto,1,recto,,images/pages-recto/372o.png,images/archive-original/1280-1289 II (1284-85)/372o.jpg,1280-1289 II (1284-85),6,90-cw,1,2024,1436,Groot Seminarie Brugge,Zonnebeke,,1285,11,27,,0,0
373,373m.jpg,verso,0,verso,,images/pages-verso/373m.png,images/archive-original/1280-1289 II (1284-85)/373m.jpg,1280-1289 II (1284-85),6,90-cw,1,2024,1436,Spermalie Brugge,,,1285,10,06,,0,0
373,373o.jpg,recto,1,recto,,images/pages-recto/373o.png,images/archive-original/1280-1289 II (1284-85)/373o.jpg,1280-1289 II (1284-85),6,90-cw,1,2024,1436,Spermalie Brugge,,,1285,10,06,,0,0
374,374m.jpg,verso,0,verso,,images/pages-verso/374m.png,images/archive-original/1280-1289 II (1284-85)/374m.jpg,1280-1289 II (1284-85),6,90-cw,1,2024,1436,Spermalie Brugge,,,1285,07,07,,0,0
374,374o.jpg,recto,1,recto,,images/pages-recto/374o.png,images/archive-original/1280-1289 II (1284-85)/374o.jpg,1280-1289 II (1284-85),6,90-cw,1,2024,1436,Spermalie Brugge,,,1285,07,07,,0,0
375,375m.jpg,verso,0,verso,,images/pages-verso/375m.png,images/archive-original/1280-1289 II (1284-85)/375m.jpg,1280-1289 II (1284-85),6,90-cw,1,2024,1436,Groot Seminarie Brugge,Eekhout,,1285,05,25,,0,0
375,375o.jpg,recto,1,recto,,images/pages-recto/375o.png,images/archive-original/1280-1289 II (1284-85)/375o.jpg,1280-1289 II (1284-85),6,90-cw,1,2024,1436,Groot Seminarie Brugge,Eekhout,,1285,05,25,,0,0
376,376m.jpg,verso,0,verso,,images/pages-verso/376m.png,images/archive-original/1280-1289 II (1284-85)/376m.jpg,1280-1289 II (1284-85),6,90-cw,1,2024,1436,Groot Seminarie Brugge,Eekhout,,1285,03,03,,0,0
376,376o.jpg,recto,1,recto,,images/pages-recto/376o.png,images/archive-original/1280-1289 II (1284-85)/376o.jpg,1280-1289 II (1284-85),6,90-cw,1,2024,1436,Groot Seminarie Brugge,Eekhout,,1285,03,03,,0,0
377,377m.jpg,verso,0,verso,,images/pages-verso/377m.png,images/archive-original/1280-1289 II (1284-85)/377m.jpg,1280-1289 II (1284-85),6,90-cw,1,2024,1436,Spermalie Brugge,,,1285,02,24,,0,0
377,377o.jpg,recto,1,recto,,images/pages-recto/377o.png,images/archive-original/1280-1289 II (1284-85)/377o.jpg,1280-1289 II (1284-85),6,90-cw,1,2024,1436,Spermalie Brugge,,,1285,02,24,,0,0
378,378m.jpg,verso,0,verso,,images/pages-verso/378m.png,images/archive-original/1280-1289 II (1284-85)/378m.jpg,1280-1289 II (1284-85),6,90-cw,1,2024,1436,Groot Seminarie Brugge,Eekhout,,1285,02,23,,0,0
378,378o.jpg,recto,1,recto,,images/pages-recto/378o.png,images/archive-original/1280-1289 II (1284-85)/378o.jpg,1280-1289 II (1284-85),6,90-cw,1,2024,1436,Groot Seminarie Brugge,Eekhout,,1285,02,23,,0,0
379,379m.jpg,verso,0,verso,,images/pages-verso/379m.png,images/archive-original/1280-1289 II (1284-85)/379m.jpg,1280-1289 II (1284-85),6,90-cw,1,2024,1436,Groot Seminarie Brugge,Eekhout,,1285,01,19,,0,0
379,379o.jpg,recto,1,recto,,images/pages-recto/379o.png,images/archive-original/1280-1289 II (1284-85)/379o.jpg,1280-1289 II (1284-85),6,90-cw,1,2024,1436,Groot Seminarie Brugge,Eekhout,,1285,01,19,,0,0
380,380m.jpg,verso,0,verso,,images/pages-verso/380m.png,images/archive-original/1280-1289 II (1284-85)/380m.jpg,1280-1289 II (1284-85),6,90-cw,1,2024,1436,Groot Seminarie Brugge,Eekhout,,1285,01,13,,0,0
380,380o.jpg,recto,1,recto,,images/pages-recto/380o.png,images/archive-original/1280-1289 II (1284-85)/380o.jpg,1280-1289 II (1284-85),6,90-cw,1,2024,1436,Groot Seminarie Brugge,Eekhout,,1285,01,13,,0,0
381,381m.jpg,verso,0,verso,,images/pages-verso/381m.png,images/archive-original/1280-1289 II (1284-85)/381m.jpg,1280-1289 II (1284-85),6,90-cw,1,2024,1436,ARA Brussel,Charters van Brabant,119,1285,11,12,,0,0
381,381o.jpg,recto,1,recto,,images/pages-recto/381o.png,images/archive-original/1280-1289 II (1284-85)/381o.jpg,1280-1289 II (1284-85),6,90-cw,1,2024,1436,ARA Brussel,Charters van Brabant,119,1285,11,12,,0,0
382,382m.jpg,verso,0,verso,,images/pages-verso/382m.png,images/archive-original/1280-1289 II (1284-85)/382m.jpg,1280-1289 II (1284-85),6,90-cw,1,2024,1436,Rijksarchief Brugge,Aanwinsten,3803/57,1285,01,20,,0,0
382,382o.jpg,recto,1,recto,,images/pages-recto/382o.png,images/archive-original/1280-1289 II (1284-85)/382o.jpg,1280-1289 II (1284-85),6,90-cw,1,2024,1436,Rijksarchief Brugge,Aanwinsten,3803/57,1285,01,20,,0,0
383,383m.jpg,verso,0,verso,,images/pages-verso/383m.png,images/archive-original/1280-1289 II (1284-85)/383m.jpg,1280-1289 II (1284-85),6,90-cw,1,2024,1436,Bisdom Brugge,Urbanisten,,1285,03,03,,0,0
383,383o.jpg,recto,1,recto,,images/pages-recto/383o.png,images/archive-original/1280-1289 II (1284-85)/383o.jpg,1280-1289 II (1284-85),6,90-cw,1,2024,1436,Bisdom Brugge,Urbanisten,,1285,03,03,,0,0
384,384m.jpg,verso,0,verso,,images/pages-verso/384m.png,images/archive-original/1280-1289 II (1284-85)/384m.jpg,1280-1289 II (1284-85),6,90-cw,1,1654,1168,RA Gent,Gaillard,76,128x,xx,xx,,0,0
384,384o.jpg,recto,1,recto,,images/pages-recto/384o.png,images/archive-original/1280-1289 II (1284-85)/384o.jpg,1280-1289 II (1284-85),1,native,0,1168,1654,RA Gent,Gaillard,76,128x,xx,xx,,0,0
385,385m.jpg,verso,0,verso,,images/pages-verso/385m.png,images/archive-original/1280-1289 II (1284-85)/385m.jpg,1280-1289 II (1284-85),6,90-cw,1,1654,1168,RA Gent,Sint-Baafs,,1285,02,01,,0,0
385,385o.jpg,recto,1,recto,,images/pages-recto/385o.png,images/archive-original/1280-1289 II (1284-85)/385o.jpg,1280-1289 II (1284-85),6,90-cw,1,1654,1168,RA Gent,Sint-Baafs,,1285,02,01,,0,0
386,386m.jpg,verso,0,verso,,images/pages-verso/386m.png,images/archive-original/1280-1289 II (1284-85)/386m.jpg,1280-1289 II (1284-85),6,90-cw,1,1654,1168,RA Gent,Sint-Pietersabdij,,1285,01,20,,0,0
386,386o.jpg,recto,1,recto,,images/pages-recto/386o.png,images/archive-original/1280-1289 II (1284-85)/386o.jpg,1280-1289 II (1284-85),6,90-cw,1,1654,1168,RA Gent,Sint-Pietersabdij,,1285,01,20,,0,0
387,387m.jpg,verso,0,verso,,images/pages-verso/387m.png,images/archive-original/1280-1289 II (1284-85)/387m.jpg,1280-1289 II (1284-85),6,90-cw,1,2024,1436,RA Antwerpen,Pitsenburg,,1285,02,16,,0,0
387,387o.jpg,recto,1,recto,,images/pages-recto/387o.png,images/archive-original/1280-1289 II (1284-85)/387o.jpg,1280-1289 II (1284-85),6,90-cw,1,2024,1436,RA Antwerpen,Pitsenburg,,1285,02,16,,0,0
388,388m.jpg,verso,0,verso,,images/pages-verso/388m.png,images/archive-original/1280-1289 II (1284-85)/388m.jpg,1280-1289 II (1284-85),,missing,0,1656,2339,Algemeen Rijksarchief Den Haag,Voorne,,1284,06,25,,0,0
388,388o.jpg,recto,1,recto,,images/pages-recto/388o.png,images/archive-original/1280-1289 II (1284-85)/388o.jpg,1280-1289 II (1284-85),1,native,0,2339,1656,Algemeen Rijksarchief Den Haag,Voorne,,1284,06,25,,0,0
389,389m.jpg,verso,0,verso,,images/pages-verso/389m.png,images/archive-original/1280-1289 II (1284-85)/389m.jpg,1280-1289 II (1284-85),,missing,0,1656,2339,Vianen,,,1284,04,11,,0,0
389,389o.jpg,recto,1,recto,,images/pages-recto/389o.png,images/archive-original/1280-1289 II (1284-85)/389o.jpg,1280-1289 II (1284-85),6,90-cw,1,2339,1656,Vianen,,,1284,04,11,,0,0
390,390m.jpg,verso,0,verso,,images/pages-verso/390m.png,images/archive-original/1280-1289 II (1284-85)/390m.jpg,1280-1289 II (1284-85),,missing,0,1656,2339,Schoonhoven,,,1284,07,25,,0,0
390,390o.jpg,recto,1,recto,,images/pages-recto/390o.png,images/archive-original/1280-1289 II (1284-85)/390o.jpg,1280-1289 II (1284-85),6,90-cw,1,2339,1656,Schoonhoven,,,1284,07,25,,0,0
391,391m.jpg,verso,0,verso,,images/pages-verso/391m.png,images/archive-original/1280-1289 II (1284-85)/391m.jpg,1280-1289 II (1284-85),,missing,0,1656,2339,Schoonhoven,,,1284,07,25,,0,0
391,391o.jpg,recto,1,recto,,images/pages-recto/391o.png,images/archive-original/1280-1289 II (1284-85)/391o.jpg,1280-1289 II (1284-85),6,90-cw,1,2339,1656,Schoonhoven,,,1284,07,25,,0,0
392,392m.jpg,verso,0,verso,,images/pages-verso/392m.png,images/archive-original/1280-1289 II (1284-85)/392m.jpg,1280-1289 II (1284-85),,missing,0,1656,2339,Schoonhoven,,,1284,07,25,,0,0
392,392o.jpg,recto,1,recto,,images/pages-recto/392o.png,images/archive-original/1280-1289 II (1284-85)/392o.jpg,1280-1289 II (1284-85),6,90-cw,1,2339,1656,Schoonhoven,,,1284,07,25,,0,0
393,393m.jpg,verso,0,verso,,images/pages-verso/393m.png,images/archive-original/1280-1289 II (1284-85)/393m.jpg,1280-1289 II (1284-85),,missing,0,1656,2339,Schoonhoven,,,1284,07,25,,0,0
393,393o.jpg,recto,1,recto,,images/pages-recto/393o.png,images/archive-original/1280-1289 II (1284-85)/393o.jpg,1280-1289 II (1284-85),6,90-cw,1,2339,1656,Schoonhoven,,,1284,07,25,,0,0
394,394m.jpg,verso,0,verso,,images/pages-verso/394m.png,images/archive-original/1280-1289 II (1284-85)/394m.jpg,1280-1289 II (1284-85),1,native,0,1656,2339,Schoonhoven,,,1284,07,25,,0,0
394,394o.jpg,recto,1,recto,,images/pages-recto/394o.png,images/archive-original/1280-1289 II (1284-85)/394o.jpg,1280-1289 II (1284-85),6,90-cw,1,2339,1656,Schoonhoven,,,1284,07,25,,0,0
395,395m.jpg,verso,0,verso,,images/pages-verso/395m.png,images/archive-original/1280-1289 II (1284-85)/395m.jpg,1280-1289 II (1284-85),6,90-cw,1,2024,1436,Groot Seminarie Brugge,Ter Duinen,,1284,06,17,,0,0
395,395o.jpg,recto,1,recto,,images/pages-recto/395o.png,images/archive-original/1280-1289 II (1284-85)/395o.jpg,1280-1289 II (1284-85),6,90-cw,1,2024,1436,Groot Seminarie Brugge,Ter Duinen,,1284,06,17,,0,0
396,396m.jpg,verso,0,verso,,images/pages-verso/396m.png,images/archive-original/1280-1289 II (1284-85)/396m.jpg,1280-1289 II (1284-85),6,90-cw,1,2024,1436,Groot Seminarie Brugge,Ter Duinen,,1284,05,06,,0,0
396,396o.jpg,recto,1,recto,,images/pages-recto/396o.png,images/archive-original/1280-1289 II (1284-85)/396o.jpg,1280-1289 II (1284-85),6,90-cw,1,2024,1436,Groot Seminarie Brugge,Ter Duinen,,1284,05,06,,0,0
397,397m.jpg,verso,0,verso,,images/pages-verso/397m.png,images/archive-original/1280-1289 II (1284-85)/397m.jpg,1280-1289 II (1284-85),6,90-cw,1,2024,1436,Groot Seminarie Brugge,Ter Duinen,,1284,03,04,,0,0
397,397o.jpg,recto,1,recto,,images/pages-recto/397o.png,images/archive-original/1280-1289 II (1284-85)/397o.jpg,1280-1289 II (1284-85),6,90-cw,1,2024,1436,Groot Seminarie Brugge,Ter Duinen,,1284,03,04,,0,0
398,398m.jpg,verso,0,verso,,images/pages-verso/398m.png,images/archive-original/1280-1289 II (1284-85)/398m.jpg,1280-1289 II (1284-85),6,90-cw,1,2024,1436,Groot Seminarie Brugge,Ter Duinen,,1284,02,11,,0,0
398,398o.jpg,recto,1,recto,,images/pages-recto/398o.png,images/archive-original/1280-1289 II (1284-85)/398o.jpg,1280-1289 II (1284-85),6,90-cw,1,2024,1436,Groot Seminarie Brugge,Ter Duinen,,1284,02,11,,0,0
399,399m.jpg,verso,0,verso,,images/pages-verso/399m.png,images/archive-original/1280-1289 II (1284-85)/399m.jpg,1280-1289 II (1284-85),6,90-cw,1,2024,1436,archief Gent,Klein Begijnhof Stads,,1284,01,xx,,0,0
399,399o.jpg,recto,1,recto,,images/pages-recto/399o.png,images/archive-original/1280-1289 II (1284-85)/399o.jpg,1280-1289 II (1284-85),6,90-cw,1,2024,1436,archief Gent,Klein Begijnhof Stads,,1284,01,xx,,0,0
400,400m.jpg,verso,0,verso,,images/pages-verso/400m.png,images/archive-original/1280-1289 II (1284-85)/400m.jpg,1280-1289 II (1284-85),6,90-cw,1,2024,1436,SA Brugge,,32,1284,05,01,,0,0
400,400o.jpg,recto,1,recto,,images/pages-recto/400o.png,images/archive-original/1280-1289 II (1284-85)/400o.jpg,1280-1289 II (1284-85),6,90-cw,1,2024,1436,SA Brugge,,32,1284,05,01,,0,0
401,401m.jpg,verso,0,verso,,images/pages-verso/401m.png,images/archive-original/1280-1289 II (1284-85)/401m.jpg,1280-1289 II (1284-85),6,90-cw,1,2024,1436,SA Brugge,Bogaarden II,2,1284,02,12,,0,0
401,401o.jpg,recto,1,recto,,images/pages-recto/401o.png,images/archive-original/1280-1289 II (1284-85)/401o.jpg,1280-1289 II (1284-85),6,90-cw,1,2024,1436,SA Brugge,Bogaarden II,2,1284,02,12,,0,0
402,402m.jpg,verso,0,verso,,images/pages-verso/402m.png,images/archive-original/1280-1289 II (1284-85)/402m.jpg,1280-1289 II (1284-85),1,native,0,1436,2024,Sint-Janshospitaal Brugge,,,1284,12,15,,0,0
402,402o.jpg,recto,1,recto,,images/pages-recto/402o.png,images/archive-original/1280-1289 II (1284-85)/402o.jpg,1280-1289 II (1284-85),6,90-cw,1,2024,1436,Sint-Janshospitaal Brugge,,,1284,12,15,,0,0
403,403m.jpg,verso,0,verso,,images/pages-verso/403m.png,images/archive-original/1280-1289 II (1284-85)/403m.jpg,1280-1289 II (1284-85),1,native,0,1436,2024,Sint-Janshospitaal Brugge,,,1284,12,09,,0,0
403,403o.jpg,recto,1,recto,,images/pages-recto/403o.png,images/archive-original/1280-1289 II (1284-85)/403o.jpg,1280-1289 II (1284-85),6,90-cw,1,2024,1436,Sint-Janshospitaal Brugge,,,1284,12,09,,0,0
404,404m.jpg,verso,0,verso,,images/pages-verso/404m.png,images/archive-original/1280-1289 II (1284-85)/404m.jpg,1280-1289 II (1284-85),,missing,0,1436,2024,Sint-Janshospitaal Brugge,,,1284,11,21,,0,0
404,404o.jpg,recto,1,recto,,images/pages-recto/404o.png,images/archive-original/1280-1289 II (1284-85)/404o.jpg,1280-1289 II (1284-85),6,90-cw,1,2024,1436,Sint-Janshospitaal Brugge,,,1284,11,21,,0,0
405,405m.jpg,verso,0,verso,,images/pages-verso/405m.png,images/archive-original/1280-1289 II (1284-85)/405m.jpg,1280-1289 II (1284-85),,missing,0,1436,2024,Sint-Janshospitaal Brugge,,,1284,10,13,,0,0
405,405o.jpg,recto,1,recto,,images/pages-recto/405o.png,images/archive-original/1280-1289 II (1284-85)/405o.jpg,1280-1289 II (1284-85),6,90-cw,1,2024,1436,Sint-Janshospitaal Brugge,,,1284,10,13,,0,0
406,406m.jpg,verso,0,verso,,images/pages-verso/406m.png,images/archive-original/1280-1289 II (1284-85)/406m.jpg,1280-1289 II (1284-85),,missing,0,1436,2024,Sint-Janshospitaal Brugge,,,1284,09,09,,0,0
406,406o.jpg,recto,1,recto,,images/pages-recto/406o.png,images/archive-original/1280-1289 II (1284-85)/406o.jpg,1280-1289 II (1284-85),6,90-cw,1,2024,1436,Sint-Janshospitaal Brugge,,,1284,09,09,,0,0
407,407m.jpg,verso,0,verso,,images/pages-verso/407m.png,images/archive-original/1280-1289 II (1284-85)/407m.jpg,1280-1289 II (1284-85),,missing,0,1436,2024,Sint-Janshospitaal Brugge,,,1284,05,27,,0,0
407,407o.jpg,recto,1,recto,,images/pages-recto/407o.png,images/archive-original/1280-1289 II (1284-85)/407o.jpg,1280-1289 II (1284-85),6,90-cw,1,2024,1436,Sint-Janshospitaal Brugge,,,1284,05,27,,0,0
408,408m.jpg,verso,0,verso,,images/pages-verso/408m.png,images/archive-original/1280-1289 II (1284-85)/408m.jpg,1280-1289 II (1284-85),,missing,0,1436,2024,Sint-Janshospitaal Brugge,,,1284,04,22,,0,0
408,408o.jpg,recto,1,recto,,images/pages-recto/408o.png,images/archive-original/1280-1289 II (1284-85)/408o.jpg,1280-1289 II (1284-85),6,90-cw,1,2024,1436,Sint-Janshospitaal Brugge,,,1284,04,22,,0,0
409,409m.jpg,verso,0,verso,,images/pages-verso/409m.png,images/archive-original/1280-1289 II (1284-85)/409m.jpg,1280-1289 II (1284-85),,missing,0,1436,2024,Sint-Janshospitaal Brugge,,,1284,01,08,,0,0
409,409o.jpg,recto,1,recto,,images/pages-recto/409o.png,images/archive-original/1280-1289 II (1284-85)/409o.jpg,1280-1289 II (1284-85),6,90-cw,1,2024,1436,Sint-Janshospitaal Brugge,,,1284,01,08,,0,0
410,410m.jpg,verso,0,verso,,images/pages-verso/410m.png,images/archive-original/1280-1289 II (1284-85)/410m.jpg,1280-1289 II (1284-85),6,90-cw,1,2024,1436,Potterie Brugge,,,1284,12,15,,0,0
410,410o.jpg,recto,1,recto,,images/pages-recto/410o.png,images/archive-original/1280-1289 II (1284-85)/410o.jpg,1280-1289 II (1284-85),6,90-cw,1,2024,1436,Potterie Brugge,,,1284,12,15,,0,0
411,411m.jpg,verso,0,verso,,images/pages-verso/411m.png,images/archive-original/1280-1289 II (1284-85)/411m.jpg,1280-1289 II (1284-85),6,90-cw,1,2024,1436,Potterie Brugge,,,1284,11,18,,0,0
411,411o.jpg,recto,1,recto,,images/pages-recto/411o.png,images/archive-original/1280-1289 II (1284-85)/411o.jpg,1280-1289 II (1284-85),6,90-cw,1,2024,1436,Potterie Brugge,,,1284,11,18,,0,0
412,412m.jpg,verso,0,verso,,images/pages-verso/412m.png,images/archive-original/1280-1289 II (1284-85)/412m.jpg,1280-1289 II (1284-85),6,90-cw,1,2024,1436,Potterie Brugge,,,1284,10,07,,0,0
412,412o.jpg,recto,1,recto,,images/pages-recto/412o.png,images/archive-original/1280-1289 II (1284-85)/412o.jpg,1280-1289 II (1284-85),6,90-cw,1,2024,1436,Potterie Brugge,,,1284,10,07,,0,0
413,413m.jpg,verso,0,verso,,images/pages-verso/413m.png,images/archive-original/1280-1289 II (1284-85)/413m.jpg,1280-1289 II (1284-85),6,90-cw,1,2024,1436,Potterie Brugge,,,1284,09,02,,0,0
413,413o.jpg,recto,1,recto,,images/pages-recto/413o.png,images/archive-original/1280-1289 II (1284-85)/413o.jpg,1280-1289 II (1284-85),6,90-cw,1,2024,1436,Potterie Brugge,,,1284,09,02,,0,0
414,414m.jpg,verso,0,verso,,images/pages-verso/414m.png,images/archive-original/1280-1289 II (1284-85)/414m.jpg,1280-1289 II (1284-85),6,90-cw,1,2024,1436,Potterie Brugge,,,1284,01,22,,0,0
414,414o.jpg,recto,1,recto,,images/pages-recto/414o.png,images/archive-original/1280-1289 II (1284-85)/414o.jpg,1280-1289 II (1284-85),6,90-cw,1,2024,1436,Potterie Brugge,,,1284,01,22,,0,0
415,415m.jpg,verso,0,verso,,images/pages-verso/415m.png,images/archive-original/1280-1289 II (1284-85)/415m.jpg,1280-1289 II (1284-85),6,90-cw,1,2024,1436,SA Mechelen,Ziekelieden,,1284,11,03,,0,0
415,415o.jpg,recto,1,recto,,images/pages-recto/415o.png,images/archive-original/1280-1289 II (1284-85)/415o.jpg,1280-1289 II (1284-85),6,90-cw,1,2024,1436,SA Mechelen,Ziekelieden,,1284,11,03,,0,0
416,416m.jpg,verso,0,verso,,images/pages-verso/416m.png,images/archive-original/1280-1289 II (1284-85)/416m.jpg,1280-1289 II (1284-85),6,90-cw,1,2024,1436,C.O.O. Brugge,Magdalenahospitaal,,1284,12,09,,0,0
416,416o.jpg,recto,1,recto,,images/pages-recto/416o.png,images/archive-original/1280-1289 II (1284-85)/416o.jpg,1280-1289 II (1284-85),6,90-cw,1,2024,1436,C.O.O. Brugge,Magdalenahospitaal,,1284,12,09,,0,0
417,417m.jpg,verso,0,verso,,images/pages-verso/417m.png,images/archive-original/1280-1289 II (1284-85)/417m.jpg,1280-1289 II (1284-85),6,90-cw,1,2024,1436,C.O.O. Brugge,Magdalenahospitaal,,1284,12,09,,0,0
417,417o.jpg,recto,0,neardup_of=416o,,images/pages-recto/417o.png,images/archive-original/1280-1289 II (1284-85)/417o.jpg,1280-1289 II (1284-85),6,90-cw,1,2024,1436,C.O.O. Brugge,Magdalenahospitaal,,1284,12,09,,0,0
418,418m.jpg,verso,0,verso,,images/pages-verso/418m.png,images/archive-original/1280-1289 II (1284-85)/418m.jpg,1280-1289 II (1284-85),6,90-cw,1,2024,1436,C.O.O. Brugge,Magdalenahospitaal,,1284,10,12,,0,0
418,418o.jpg,recto,1,recto,,images/pages-recto/418o.png,images/archive-original/1280-1289 II (1284-85)/418o.jpg,1280-1289 II (1284-85),6,90-cw,1,2024,1436,C.O.O. Brugge,Magdalenahospitaal,,1284,10,12,,0,0
419,419m.jpg,verso,0,verso,,images/pages-verso/419m.png,images/archive-original/1280-1289 II (1284-85)/419m.jpg,1280-1289 II (1284-85),6,90-cw,1,2024,1436,C.O.O. Brugge,Magdalenahospitaal,,1284,09,02,,0,0
419,419o.jpg,recto,1,recto,,images/pages-recto/419o.png,images/archive-original/1280-1289 II (1284-85)/419o.jpg,1280-1289 II (1284-85),6,90-cw,1,2024,1436,C.O.O. Brugge,Magdalenahospitaal,,1284,09,02,,0,0
420,420m.jpg,verso,0,verso,,images/pages-verso/420m.png,images/archive-original/1280-1289 II (1284-85)/420m.jpg,1280-1289 II (1284-85),6,90-cw,1,2024,1436,C.O.O. Brugge,Magdalenahospitaal,,1284,08,05,,0,0
420,420o.jpg,recto,1,recto,,images/pages-recto/420o.png,images/archive-original/1280-1289 II (1284-85)/420o.jpg,1280-1289 II (1284-85),6,90-cw,1,2024,1436,C.O.O. Brugge,Magdalenahospitaal,,1284,08,05,,0,0
421,421m.jpg,verso,0,verso,,images/pages-verso/421m.png,images/archive-original/1280-1289 II (1284-85)/421m.jpg,1280-1289 II (1284-85),6,90-cw,1,2024,1436,C.O.O. Brugge,Magdalenahospitaal,,1284,05,19,,0,0
421,421o.jpg,recto,1,recto,,images/pages-recto/421o.png,images/archive-original/1280-1289 II (1284-85)/421o.jpg,1280-1289 II (1284-85),6,90-cw,1,2024,1436,C.O.O. Brugge,Magdalenahospitaal,,1284,05,19,,0,0
422,422m.jpg,verso,0,verso,,images/pages-verso/422m.png,images/archive-original/1280-1289 II (1284-85)/422m.jpg,1280-1289 II (1284-85),6,90-cw,1,2024,1436,C.O.O. Brugge,Magdalenahospitaal,,1284,04,21,,0,0
422,422o.jpg,recto,1,recto,,images/pages-recto/422o.png,images/archive-original/1280-1289 II (1284-85)/422o.jpg,1280-1289 II (1284-85),6,90-cw,1,2024,1436,C.O.O. Brugge,Magdalenahospitaal,,1284,04,21,,0,0
423,423m.jpg,verso,0,verso,,images/pages-verso/423m.png,images/archive-original/1280-1289 II (1284-85)/423m.jpg,1280-1289 II (1284-85),6,90-cw,1,2024,1436,C.O.O. Brugge,Begijnhof,,1284,04,17,,0,0
423,423o.jpg,recto,1,recto,,images/pages-recto/423o.png,images/archive-original/1280-1289 II (1284-85)/423o.jpg,1280-1289 II (1284-85),6,90-cw,1,2024,1436,C.O.O. Brugge,Begijnhof,,1284,04,17,,0,0
424,424m.jpg,verso,0,verso,,images/pages-verso/424m.png,images/archive-original/1280-1289 II (1284-85)/424m.jpg,1280-1289 II (1284-85),6,90-cw,1,2024,1436,C.O.O. Brugge,Magdalenahospitaal,,1284,04,15,,0,0
424,424o.jpg,recto,1,recto,,images/pages-recto/424o.png,images/archive-original/1280-1289 II (1284-85)/424o.jpg,1280-1289 II (1284-85),6,90-cw,1,2024,1436,C.O.O. Brugge,Magdalenahospitaal,,1284,04,15,,0,0
425,425m.jpg,verso,0,verso,,images/pages-verso/425m.png,images/archive-original/1280-1289 II (1284-85)/425m.jpg,1280-1289 II (1284-85),6,90-cw,1,2024,1436,C.O.O. Brugge,Magdalenahospitaal,,1284,03,31,,0,0
425,425o.jpg,recto,1,recto,,images/pages-recto/425o.png,images/archive-original/1280-1289 II (1284-85)/425o.jpg,1280-1289 II (1284-85),6,90-cw,1,2024,1436,C.O.O. Brugge,Magdalenahospitaal,,1284,03,31,,0,0
426,426m.jpg,verso,0,verso,,images/pages-verso/426m.png,images/archive-original/1280-1289 II (1284-85)/426m.jpg,1280-1289 II (1284-85),6,90-cw,1,2024,1436,C.O.O. Brugge,Magdalenahospitaal,,1284,02,24,,0,0
426,426o.jpg,recto,1,recto,,images/pages-recto/426o.png,images/archive-original/1280-1289 II (1284-85)/426o.jpg,1280-1289 II (1284-85),6,90-cw,1,2024,1436,C.O.O. Brugge,Magdalenahospitaal,,1284,02,24,,0,0
427,427m.jpg,verso,0,verso,,images/pages-verso/427m.png,images/archive-original/1280-1289 II (1284-85)/427m.jpg,1280-1289 II (1284-85),6,90-cw,1,2024,1436,C.O.O. Brugge,Magdalenahospitaal,,1284,02,19,,0,0
427,427o.jpg,recto,1,recto,,images/pages-recto/427o.png,images/archive-original/1280-1289 II (1284-85)/427o.jpg,1280-1289 II (1284-85),6,90-cw,1,2024,1436,C.O.O. Brugge,Magdalenahospitaal,,1284,02,19,,0,0
428,428m.jpg,verso,0,verso,,images/pages-verso/428m.png,images/archive-original/1280-1289 II (1284-85)/428m.jpg,1280-1289 II (1284-85),6,90-cw,1,2024,1436,C.O.O. Brugge,Magdalenahospitaal,,1284,01,22,,0,0
428,428o.jpg,recto,1,recto,,images/pages-recto/428o.png,images/archive-original/1280-1289 II (1284-85)/428o.jpg,1280-1289 II (1284-85),6,90-cw,1,2024,1436,C.O.O. Brugge,Magdalenahospitaal,,1284,01,22,,0,0
429,429m.jpg,verso,0,verso,,images/pages-verso/429m.png,images/archive-original/1280-1289 II (1284-85)/429m.jpg,1280-1289 II (1284-85),6,90-cw,1,2024,1436,Spermalie Brugge,,,128x,xx,xx,,0,0
429,429o.jpg,recto,1,recto,,images/pages-recto/429o.png,images/archive-original/1280-1289 II (1284-85)/429o.jpg,1280-1289 II (1284-85),6,90-cw,1,2024,1436,Spermalie Brugge,,,128x,xx,xx,,0,0
430,430m.jpg,verso,0,verso,,images/pages-verso/430m.png,images/archive-original/1280-1289 II (1284-85)/430m.jpg,1280-1289 II (1284-85),6,90-cw,1,2024,1436,Groot Seminarie Brugge,Eekhout,,1284,10,07,,0,0
430,430o.jpg,recto,1,recto,,images/pages-recto/430o.png,images/archive-original/1280-1289 II (1284-85)/430o.jpg,1280-1289 II (1284-85),6,90-cw,1,2024,1436,Groot Seminarie Brugge,Eekhout,,1284,10,07,,0,0
431,431m.jpg,verso,0,verso,,images/pages-verso/431m.png,images/archive-original/1280-1289 II (1284-85)/431m.jpg,1280-1289 II (1284-85),6,90-cw,1,2024,1436,Groot Seminarie Brugge,Ter Duinen,,1284,07,22,,0,0
431,431o.jpg,recto,1,recto,,images/pages-recto/431o.png,images/archive-original/1280-1289 II (1284-85)/431o.jpg,1280-1289 II (1284-85),6,90-cw,1,2024,1436,Groot Seminarie Brugge,Ter Duinen,,1284,07,22,,0,0
432,432m.jpg,verso,0,verso,,images/pages-verso/432m.png,images/archive-original/1280-1289 II (1284-85)/432m.jpg,1280-1289 II (1284-85),6,90-cw,1,2024,1436,Spermalie Brugge,,,1284,05,27,,0,0
432,432o.jpg,recto,1,recto,,images/pages-recto/432o.png,images/archive-original/1280-1289 II (1284-85)/432o.jpg,1280-1289 II (1284-85),6,90-cw,1,2024,1436,Spermalie Brugge,,,1284,05,27,,0,0
433,433m.jpg,verso,0,verso,,images/pages-verso/433m.png,images/archive-original/1280-1289 II (1284-85)/433m.jpg,1280-1289 II (1284-85),6,90-cw,1,2024,1436,Groot Seminarie Brugge,Ter Duinen,,1284,05,06,,0,0
433,433o.jpg,recto,1,recto,,images/pages-recto/433o.png,images/archive-original/1280-1289 II (1284-85)/433o.jpg,1280-1289 II (1284-85),6,90-cw,1,2024,1436,Groot Seminarie Brugge,Ter Duinen,,1284,05,06,,0,0
434,434m.jpg,verso,0,verso,,images/pages-verso/434m.png,images/archive-original/1280-1289 II (1284-85)/434m.jpg,1280-1289 II (1284-85),6,90-cw,1,2024,1436,Groot Seminarie Brugge,Ter Duinen,,1284,05,06,,0,0
434,434o.jpg,recto,1,recto,,images/pages-recto/434o.png,images/archive-original/1280-1289 II (1284-85)/434o.jpg,1280-1289 II (1284-85),6,90-cw,1,2024,1436,Groot Seminarie Brugge,Ter Duinen,,1284,05,06,,0,0
435,435m.jpg,verso,0,verso,,images/pages-verso/435m.png,images/archive-original/1280-1289 II (1284-85)/435m.jpg,1280-1289 II (1284-85),6,90-cw,1,2024,1436,Groot Seminarie Brugge,Eekhout,,1284,02,14,,0,0
435,435o.jpg,recto,1,recto,,images/pages-recto/435o.png,images/archive-original/1280-1289 II (1284-85)/435o.jpg,1280-1289 II (1284-85),6,90-cw,1,2024,1436,Groot Seminarie Brugge,Eekhout,,1284,02,14,,0,0
436,436m.jpg,verso,0,verso,,images/pages-verso/436m.png,images/archive-original/1280-1289 II (1284-85)/436m.jpg,1280-1289 II (1284-85),6,90-cw,1,2024,1436,Spermalie Brugge,,,1284,01,22,,0,0
436,436o.jpg,recto,1,recto,,images/pages-recto/436o.png,images/archive-original/1280-1289 II (1284-85)/436o.jpg,1280-1289 II (1284-85),6,90-cw,1,2024,1436,Spermalie Brugge,,,1284,01,22,,0,0
437,437m.jpg,verso,0,verso,,images/pages-verso/437m.png,images/archive-original/1280-1289 II (1284-85)/437m.jpg,1280-1289 II (1284-85),6,90-cw,1,2024,1436,Spermalie Brugge,,,1284,01,08,,0,0
437,437o.jpg,recto,1,recto,,images/pages-recto/437o.png,images/archive-original/1280-1289 II (1284-85)/437o.jpg,1280-1289 II (1284-85),6,90-cw,1,2024,1436,Spermalie Brugge,,,1284,01,08,,0,0
438,438m.jpg,verso,0,verso,,images/pages-verso/438m.png,images/archive-original/1280-1289 II (1284-85)/438m.jpg,1280-1289 II (1284-85),6,90-cw,1,1654,1168,RA Ronse,abdij Geraardsbergen,,1284,06,10,,0,0
438,438o.jpg,recto,1,recto,,images/pages-recto/438o.png,images/archive-original/1280-1289 II (1284-85)/438o.jpg,1280-1289 II (1284-85),1,native,0,1654,1168,RA Ronse,abdij Geraardsbergen,,1284,06,10,,0,0
439,439m.jpg,verso,0,verso,,images/pages-verso/439m.png,images/archive-original/1280-1289 III (1286-89)/439m.jpg,1280-1289 III (1286-89),6,90-cw,1,2024,1436,Groot Seminarie Brugge,Ter Duinen,,1286,09,27,,0,0
439,439o.jpg,recto,1,recto,,images/pages-recto/439o.png,images/archive-original/1280-1289 III (1286-89)/439o.jpg,1280-1289 III (1286-89),6,90-cw,1,2024,1436,Groot Seminarie Brugge,Ter Duinen,,1286,09,27,,0,0
440,440m.jpg,verso,0,verso,,images/pages-verso/440m.png,images/archive-original/1280-1289 III (1286-89)/440m.jpg,1280-1289 III (1286-89),6,90-cw,1,2024,1436,Groot Seminarie Brugge,Ter Duinen,,1286,08,07,,0,0
440,440o.jpg,recto,1,recto,,images/pages-recto/440o.png,images/archive-original/1280-1289 III (1286-89)/440o.jpg,1280-1289 III (1286-89),6,90-cw,1,2024,1436,Groot Seminarie Brugge,Ter Duinen,,1286,08,07,,0,0
441,441m.jpg,verso,0,verso,,images/pages-verso/441m.png,images/archive-original/1280-1289 III (1286-89)/441m.jpg,1280-1289 III (1286-89),6,90-cw,1,2024,1436,Groot Seminarie Brugge,Ter Duinen,,1286,07,18,,0,0
441,441o.jpg,recto,1,recto,,images/pages-recto/441o.png,images/archive-original/1280-1289 III (1286-89)/441o.jpg,1280-1289 III (1286-89),6,90-cw,1,2024,1436,Groot Seminarie Brugge,Ter Duinen,,1286,07,18,,0,0
442,442m.jpg,verso,0,verso,,images/pages-verso/442m.png,images/archive-original/1280-1289 III (1286-89)/442m.jpg,1280-1289 III (1286-89),6,90-cw,1,2024,1436,Groot Seminarie Brugge,Ter Duinen,,1286,07,06,,0,0
442,442o.jpg,recto,1,recto,,images/pages-recto/442o.png,images/archive-original/1280-1289 III (1286-89)/442o.jpg,1280-1289 III (1286-89),6,90-cw,1,2024,1436,Groot Seminarie Brugge,Ter Duinen,,1286,07,06,,0,0
443,443m.jpg,verso,0,verso,,images/pages-verso/443m.png,images/archive-original/1280-1289 III (1286-89)/443m.jpg,1280-1289 III (1286-89),6,90-cw,1,2024,1436,Groot Seminarie Brugge,Ter Duinen,,1286,05,10,,0,0
443,443o.jpg,recto,1,recto,,images/pages-recto/443o.png,images/archive-original/1280-1289 III (1286-89)/443o.jpg,1280-1289 III (1286-89),6,90-cw,1,2024,1436,Groot Seminarie Brugge,Ter Duinen,,1286,05,10,,0,0
444,444m.jpg,verso,0,verso,,images/pages-verso/444m.png,images/archive-original/1280-1289 III (1286-89)/444m.jpg,1280-1289 III (1286-89),6,90-cw,1,2024,1436,Groot Seminarie Brugge,Ter Duinen,,1286,04,24,,0,0
444,444o.jpg,recto,1,recto,,images/pages-recto/444o.png,images/archive-original/1280-1289 III (1286-89)/444o.jpg,1280-1289 III (1286-89),6,90-cw,1,2024,1436,Groot Seminarie Brugge,Ter Duinen,,1286,04,24,,0,0
445,445m.jpg,verso,0,verso,,images/pages-verso/445m.png,images/archive-original/1280-1289 III (1286-89)/445m.jpg,1280-1289 III (1286-89),6,90-cw,1,2024,1436,Groot Seminarie Brugge,Ter Duinen,,1286,04,17,,0,0
445,445o.jpg,recto,1,recto,,images/pages-recto/445o.png,images/archive-original/1280-1289 III (1286-89)/445o.jpg,1280-1289 III (1286-89),6,90-cw,1,2024,1436,Groot Seminarie Brugge,Ter Duinen,,1286,04,17,,0,0
446,446m.jpg,verso,0,verso,,images/pages-verso/446m.png,images/archive-original/1280-1289 III (1286-89)/446m.jpg,1280-1289 III (1286-89),6,90-cw,1,2024,1436,Groot Seminarie Brugge,Ter Duinen,,1286,01,24,,0,0
446,446o.jpg,recto,1,recto,,images/pages-recto/446o.png,images/archive-original/1280-1289 III (1286-89)/446o.jpg,1280-1289 III (1286-89),6,90-cw,1,2024,1436,Groot Seminarie Brugge,Ter Duinen,,1286,01,24,,0,0
447,447m.jpg,verso,0,verso,,images/pages-verso/447m.png,images/archive-original/1280-1289 III (1286-89)/447m.jpg,1280-1289 III (1286-89),1,native,0,1436,2024,Sint-Janshospitaal Brugge,,,1286,10,19,,0,0
447,447o.jpg,recto,1,recto,,images/pages-recto/447o.png,images/archive-original/1280-1289 III (1286-89)/447o.jpg,1280-1289 III (1286-89),6,90-cw,1,2024,1436,Sint-Janshospitaal Brugge,,,1286,10,19,,0,0
448,448m.jpg,verso,0,verso,,images/pages-verso/448m.png,images/archive-original/1280-1289 III (1286-89)/448m.jpg,1280-1289 III (1286-89),,missing,0,1436,2024,Sint-Janshospitaal Brugge,,,1286,10,12,,0,0
448,448o.jpg,recto,1,recto,,images/pages-recto/448o.png,images/archive-original/1280-1289 III (1286-89)/448o.jpg,1280-1289 III (1286-89),6,90-cw,1,2024,1436,Sint-Janshospitaal Brugge,,,1286,10,12,,0,0
449,449m.jpg,verso,0,verso,,images/pages-verso/449m.png,images/archive-original/1280-1289 III (1286-89)/449m.jpg,1280-1289 III (1286-89),1,native,0,1436,2024,Sint-Janshospitaal Brugge,,,1286,09,14,,0,0
449,449o.jpg,recto,1,recto,,images/pages-recto/449o.png,images/archive-original/1280-1289 III (1286-89)/449o.jpg,1280-1289 III (1286-89),6,90-cw,1,2024,1436,Sint-Janshospitaal Brugge,,,1286,09,14,,0,0
450,450m.jpg,verso,0,verso,,images/pages-verso/450m.png,images/archive-original/1280-1289 III (1286-89)/450m.jpg,1280-1289 III (1286-89),,missing,0,1436,2024,Sint-Janshospitaal Brugge,,,1286,07,27,,0,0
450,450o.jpg,recto,1,recto,,images/pages-recto/450o.png,images/archive-original/1280-1289 III (1286-89)/450o.jpg,1280-1289 III (1286-89),6,90-cw,1,2024,1436,Sint-Janshospitaal Brugge,,,1286,07,27,,0,0
451,451m.jpg,verso,0,verso,,images/pages-verso/451m.png,images/archive-original/1280-1289 III (1286-89)/451m.jpg,1280-1289 III (1286-89),,missing,0,1436,2024,Sint-Janshospitaal Brugge,,,1286,07,26,,0,0
451,451o.jpg,recto,1,recto,,images/pages-recto/451o.png,images/archive-original/1280-1289 III (1286-89)/451o.jpg,1280-1289 III (1286-89),6,90-cw,1,2024,1436,Sint-Janshospitaal Brugge,,,1286,07,26,,0,0
452,452m.jpg,verso,0,verso,,images/pages-verso/452m.png,images/archive-original/1280-1289 III (1286-89)/452m.jpg,1280-1289 III (1286-89),,missing,0,1436,2024,Sint-Janshospitaal Brugge,,,1286,05,10,,0,0
452,452o.jpg,recto,1,recto,,images/pages-recto/452o.png,images/archive-original/1280-1289 III (1286-89)/452o.jpg,1280-1289 III (1286-89),6,90-cw,1,2024,1436,Sint-Janshospitaal Brugge,,,1286,05,10,,0,0
453,453m.jpg,verso,0,verso,,images/pages-verso/453m.png,images/archive-original/1280-1289 III (1286-89)/453m.jpg,1280-1289 III (1286-89),,missing,0,1436,2024,Sint-Janshospitaal Brugge,,,1286,03,16,,0,0
453,453o.jpg,recto,1,recto,,images/pages-recto/453o.png,images/archive-original/1280-1289 III (1286-89)/453o.jpg,1280-1289 III (1286-89),6,90-cw,1,2024,1436,Sint-Janshospitaal Brugge,,,1286,03,16,,0,0
454,454m.jpg,verso,0,verso,,images/pages-verso/454m.png,images/archive-original/1280-1289 III (1286-89)/454m.jpg,1280-1289 III (1286-89),,missing,0,1436,2024,Sint-Janshospitaal Brugge,,,1286,02,15,,0,0
454,454o.jpg,recto,1,recto,,images/pages-recto/454o.png,images/archive-original/1280-1289 III (1286-89)/454o.jpg,1280-1289 III (1286-89),6,90-cw,1,2024,1436,Sint-Janshospitaal Brugge,,,1286,02,15,,0,0
455,455m.jpg,verso,0,verso,,images/pages-verso/455m.png,images/archive-original/1280-1289 III (1286-89)/455m.jpg,1280-1289 III (1286-89),,missing,0,1436,2024,Sint-Janshospitaal Brugge,,,1286,01,19,,0,0
455,455o.jpg,recto,1,recto,,images/pages-recto/455o.png,images/archive-original/1280-1289 III (1286-89)/455o.jpg,1280-1289 III (1286-89),6,90-cw,1,2024,1436,Sint-Janshospitaal Brugge,,,1286,01,19,,0,0
456,456m.jpg,verso,0,verso,,images/pages-verso/456m.png,images/archive-original/1280-1289 III (1286-89)/456m.jpg,1280-1289 III (1286-89),,missing,0,1436,2024,Sint-Janshospitaal Brugge,,,1286,01,12,,0,0
456,456o.jpg,recto,1,recto,,images/pages-recto/456o.png,images/archive-original/1280-1289 III (1286-89)/456o.jpg,1280-1289 III (1286-89),6,90-cw,1,2024,1436,Sint-Janshospitaal Brugge,,,1286,01,12,,0,0
457,457m.jpg,verso,0,verso,,images/pages-verso/457m.png,images/archive-original/1280-1289 III (1286-89)/457m.jpg,1280-1289 III (1286-89),,missing,0,1436,2024,Sint-Janshospitaal Brugge,,,1286,04,27,,0,0
457,457o.jpg,recto,1,recto,,images/pages-recto/457o.png,images/archive-original/1280-1289 III (1286-89)/457o.jpg,1280-1289 III (1286-89),6,90-cw,1,2024,1436,Sint-Janshospitaal Brugge,,,1286,04,27,,0,0
458,458m.jpg,verso,0,verso,,images/pages-verso/458m.png,images/archive-original/1280-1289 III (1286-89)/458m.jpg,1280-1289 III (1286-89),1,native,0,1436,2024,Sint-Janshospitaal Brugge,,,1286,07,06,,0,0
458,458o.jpg,recto,1,recto,,images/pages-recto/458o.png,images/archive-original/1280-1289 III (1286-89)/458o.jpg,1280-1289 III (1286-89),6,90-cw,1,2024,1436,Sint-Janshospitaal Brugge,,,1286,07,06,,0,0
459,459m.jpg,verso,0,verso,,images/pages-verso/459m.png,images/archive-original/1280-1289 III (1286-89)/459m.jpg,1280-1289 III (1286-89),,missing,0,1436,2024,Sint-Janshospitaal Brugge,,,1286,09,14,,0,0
459,459o.jpg,recto,1,recto,,images/pages-recto/459o.png,images/archive-original/1280-1289 III (1286-89)/459o.jpg,1280-1289 III (1286-89),6,90-cw,1,2024,1436,Sint-Janshospitaal Brugge,,,1286,09,14,,0,0
460,460m.jpg,verso,0,verso,,images/pages-verso/460m.png,images/archive-original/1280-1289 III (1286-89)/460m.jpg,1280-1289 III (1286-89),1,native,0,1436,2024,Sint-Janshospitaal Brugge,,,1286,10,19,,0,0
460,460o.jpg,recto,1,recto,,images/pages-recto/460o.png,images/archive-original/1280-1289 III (1286-89)/460o.jpg,1280-1289 III (1286-89),6,90-cw,1,2024,1436,Sint-Janshospitaal Brugge,,,1286,10,19,,0,0
461,461m.jpg,verso,0,verso,,images/pages-verso/461m.png,images/archive-original/1280-1289 III (1286-89)/461m.jpg,1280-1289 III (1286-89),6,90-cw,1,2024,1436,Potterie Brugge,,,1286,08,17,,0,0
461,461o.jpg,recto,1,recto,,images/pages-recto/461o.png,images/archive-original/1280-1289 III (1286-89)/461o.jpg,1280-1289 III (1286-89),6,90-cw,1,2024,1436,Potterie Brugge,,,1286,08,17,,0,0
462,462m.jpg,verso,0,verso,,images/pages-verso/462m.png,images/archive-original/1280-1289 III (1286-89)/462m.jpg,1280-1289 III (1286-89),6,90-cw,1,2024,1436,AB Mechelen,Blijdenberg,,1286,01,29,,0,0
462,462o.jpg,recto,1,recto,,images/pages-recto/462o.png,images/archive-original/1280-1289 III (1286-89)/462o.jpg,1280-1289 III (1286-89),6,90-cw,1,2024,1436,AB Mechelen,Blijdenberg,,1286,01,29,,0,0
463,463m.jpg,verso,0,verso,,images/pages-verso/463m.png,images/archive-original/1280-1289 III (1286-89)/463m.jpg,1280-1289 III (1286-89),6,90-cw,1,2024,1436,C.O.O. Brugge,Magdalenahospitaal,,1286,06,21,,0,0
463,463o.jpg,recto,1,recto,,images/pages-recto/463o.png,images/archive-original/1280-1289 III (1286-89)/463o.jpg,1280-1289 III (1286-89),6,90-cw,1,2024,1436,C.O.O. Brugge,Magdalenahospitaal,,1286,06,21,,0,0
464,464m.jpg,verso,0,verso,,images/pages-verso/464m.png,images/archive-original/1280-1289 III (1286-89)/464m.jpg,1280-1289 III (1286-89),6,90-cw,1,2024,1436,C.O.O. Brugge,rekening Watering van Blankenberge,,1286,04,17,,0,0
464,464o.jpg,recto,1,recto,,images/pages-recto/464o.png,images/archive-original/1280-1289 III (1286-89)/464o.jpg,1280-1289 III (1286-89),6,90-cw,1,2024,1436,C.O.O. Brugge,rekening Watering van Blankenberge,,1286,04,17,,0,0
465,465m.jpg,verso,0,verso,,images/pages-verso/465m.png,images/archive-original/1280-1289 III (1286-89)/465m.jpg,1280-1289 III (1286-89),6,90-cw,1,2024,1436,C.O.O. Brugge,Magdalenahospitaal,,1286,03,09,,0,0
465,465o.jpg,recto,1,recto,,images/pages-recto/465o.png,images/archive-original/1280-1289 III (1286-89)/465o.jpg,1280-1289 III (1286-89),6,90-cw,1,2024,1436,C.O.O. Brugge,Magdalenahospitaal,,1286,03,09,,0,0
466,466m.jpg,verso,0,verso,,images/pages-verso/466m.png,images/archive-original/1280-1289 III (1286-89)/466m.jpg,1280-1289 III (1286-89),6,90-cw,1,2024,1436,C.O.O. Brugge,Magdalenahospitaal,,1286,02,01,,0,0
466,466o.jpg,recto,1,recto,,images/pages-recto/466o.png,images/archive-original/1280-1289 III (1286-89)/466o.jpg,1280-1289 III (1286-89),6,90-cw,1,2024,1436,C.O.O. Brugge,Magdalenahospitaal,,1286,02,01,,0,0
467,467m.jpg,verso,0,verso,,images/pages-verso/467m.png,images/archive-original/1280-1289 III (1286-89)/467m.jpg,1280-1289 III (1286-89),6,90-cw,1,2024,1436,Groot Seminarie Brugge,Eekhout,,1286,05,11,,0,0
467,467o.jpg,recto,1,recto,,images/pages-recto/467o.png,images/archive-original/1280-1289 III (1286-89)/467o.jpg,1280-1289 III (1286-89),6,90-cw,1,2024,1436,Groot Seminarie Brugge,Eekhout,,1286,05,11,,0,0
468,468m.jpg,verso,0,verso,,images/pages-verso/468m.png,images/archive-original/1280-1289 III (1286-89)/468m.jpg,1280-1289 III (1286-89),6,90-cw,1,2024,1436,Bisdom Brugge,Urbanisten,,1286,12,06,,0,0
468,468o.jpg,recto,1,recto,,images/pages-recto/468o.png,images/archive-original/1280-1289 III (1286-89)/468o.jpg,1280-1289 III (1286-89),6,90-cw,1,2024,1436,Bisdom Brugge,Urbanisten,,1286,12,06,,0,0
469,469m.jpg,verso,0,verso,,images/pages-verso/469m.png,images/archive-original/1280-1289 III (1286-89)/469m.jpg,1280-1289 III (1286-89),6,90-cw,1,1654,1168,RA Gent,Sint-Baafs,,1286,01,05,,0,0
469,469o.jpg,recto,1,recto,,images/pages-recto/469o.png,images/archive-original/1280-1289 III (1286-89)/469o.jpg,1280-1289 III (1286-89),6,90-cw,1,1654,1168,RA Gent,Sint-Baafs,,1286,01,05,,0,0
470,470m.jpg,verso,0,verso,,images/pages-verso/470m.png,images/archive-original/1280-1289 III (1286-89)/470m.jpg,1280-1289 III (1286-89),6,90-cw,1,1654,1168,RA Gent,Rijke Gasthuis,,1286,07,13,,0,0
470,470o.jpg,recto,1,recto,,images/pages-recto/470o.png,images/archive-original/1280-1289 III (1286-89)/470o.jpg,1280-1289 III (1286-89),6,90-cw,1,1654,1168,RA Gent,Rijke Gasthuis,,1286,07,13,,0,0
471,471m.jpg,verso,0,verso,,images/pages-verso/471m.png,images/archive-original/1280-1289 III (1286-89)/471m.jpg,1280-1289 III (1286-89),6,90-cw,1,1654,1168,RA Gent,Sint-Pietersabdij,,1286,01,19,,0,0
471,471o.jpg,recto,1,recto,,images/pages-recto/471o.png,images/archive-original/1280-1289 III (1286-89)/471o.jpg,1280-1289 III (1286-89),6,90-cw,1,1654,1168,RA Gent,Sint-Pietersabdij,,1286,01,19,,0,0
472,472m.jpg,verso,0,verso,,images/pages-verso/472m.png,images/archive-original/1280-1289 III (1286-89)/472m.jpg,1280-1289 III (1286-89),6,90-cw,1,1654,1168,RA Gent,Rijke Klaren,,1286,03,20,,0,0
472,472o.jpg,recto,1,recto,,images/pages-recto/472o.png,images/archive-original/1280-1289 III (1286-89)/472o.jpg,1280-1289 III (1286-89),6,90-cw,1,1654,1168,RA Gent,Rijke Klaren,,1286,03,20,,0,0
473,473m.jpg,verso,0,verso,,images/pages-verso/473m.png,images/archive-original/1280-1289 III (1286-89)/473m.jpg,1280-1289 III (1286-89),6,90-cw,1,2024,1436,SA Gent,Bijloke,,1286,01,02,,0,0
473,473o.jpg,recto,1,recto,,images/pages-recto/473o.png,images/archive-original/1280-1289 III (1286-89)/473o.jpg,1280-1289 III (1286-89),6,90-cw,1,2024,1436,SA Gent,Bijloke,,1286,01,02,,0,0
474,474m.jpg,verso,0,verso,,images/pages-verso/474m.png,images/archive-original/1280-1289 III (1286-89)/474m.jpg,1280-1289 III (1286-89),6,90-cw,1,2024,1436,SA Gent,Stadscharters,,1286,07,13,,0,0
474,474o.jpg,recto,1,recto,,images/pages-recto/474o.png,images/archive-original/1280-1289 III (1286-89)/474o.jpg,1280-1289 III (1286-89),6,90-cw,1,2024,1436,SA Gent,Stadscharters,,1286,07,13,,0,0
475,475m.jpg,verso,0,verso,,images/pages-verso/475m.png,images/archive-original/1280-1289 III (1286-89)/475m.jpg,1280-1289 III (1286-89),1,native,0,1656,2339,Algemeen Rijksarchief Den Haag,Zeeland,,1286,04,07,,0,0
475,475o.jpg,recto,1,recto,,images/pages-recto/475o.png,images/archive-original/1280-1289 III (1286-89)/475o.jpg,1280-1289 III (1286-89),1,native,0,2339,1656,Algemeen Rijksarchief Den Haag,Zeeland,,1286,04,07,,0,1
476,476m.jpg,verso,0,verso,,images/pages-verso/476m.png,images/archive-original/1280-1289 III (1286-89)/476m.jpg,1280-1289 III (1286-89),,missing,0,1656,2339,Algemeen Rijksarchief Den Haag,Zeeland,,1286,04,07,,0,0
476,476o.jpg,recto,1,recto,,images/pages-recto/476o.png,images/archive-original/1280-1289 III (1286-89)/476o.jpg,1280-1289 III (1286-89),1,native,0,2339,1656,Algemeen Rijksarchief Den Haag,Zeeland,,1286,04,07,,0,1
477,477m.jpg,verso,0,verso,,images/pages-verso/477m.png,images/archive-original/1280-1289 III (1286-89)/477m.jpg,1280-1289 III (1286-89),,missing,0,1656,2339,Algemeen Rijksarchief Den Haag,Zeeland,,1286,01,14,,0,0
477,477o.jpg,recto,1,recto,,images/pages-recto/477o.png,images/archive-original/1280-1289 III (1286-89)/477o.jpg,1280-1289 III (1286-89),1,native,0,2339,1656,Algemeen Rijksarchief Den Haag,Zeeland,,1286,01,14,,0,0
478,478m.jpg,verso,0,verso,,images/pages-verso/478m.png,images/archive-original/1280-1289 III (1286-89)/478m.jpg,1280-1289 III (1286-89),,missing,0,1656,2339,Rijsel,,28 H 84/1703,1286,07,22,,0,0
478,478o.jpg,recto,1,recto,,images/pages-recto/478o.png,images/archive-original/1280-1289 III (1286-89)/478o.jpg,1280-1289 III (1286-89),6,90-cw,1,2339,1656,Rijsel,,28 H 84/1703,1286,07,22,,0,0
479,479m.jpg,verso,0,verso,,images/pages-verso/479m.png,images/archive-original/1280-1289 III (1286-89)/479m.jpg,1280-1289 III (1286-89),,missing,0,1656,2339,Rijsel,,28 H 84/1705,1286,07,25,,0,0
479,479o.jpg,recto,1,recto,,images/pages-recto/479o.png,images/archive-original/1280-1289 III (1286-89)/479o.jpg,1280-1289 III (1286-89),6,90-cw,1,2339,1656,Rijsel,,28 H 84/1705,1286,07,25,,0,0
480,480m.jpg,verso,0,verso,,images/pages-verso/480m.png,images/archive-original/1280-1289 III (1286-89)/480m.jpg,1280-1289 III (1286-89),,missing,0,1656,2339,Staatsarchiv Düsseldorf,Heinsberg,,1286,08,31,,0,0
480,480o.jpg,recto,1,recto,,images/pages-recto/480o.png,images/archive-original/1280-1289 III (1286-89)/480o.jpg,1280-1289 III (1286-89),6,90-cw,1,2339,1656,Staatsarchiv Düsseldorf,Heinsberg,,1286,08,31,,0,0
481,481m.jpg,verso,0,verso,,images/pages-verso/481m.png,images/archive-original/1280-1289 III (1286-89)/481m.jpg,1280-1289 III (1286-89),6,90-cw,1,2024,1436,Groot Seminarie Brugge,Ter Duinen,,1287,11,22,,0,0
481,481o.jpg,recto,1,recto,,images/pages-recto/481o.png,images/archive-original/1280-1289 III (1286-89)/481o.jpg,1280-1289 III (1286-89),6,90-cw,1,2024,1436,Groot Seminarie Brugge,Ter Duinen,,1287,11,22,,0,0
482,482m.jpg,verso,0,verso,,images/pages-verso/482m.png,images/archive-original/1280-1289 III (1286-89)/482m.jpg,1280-1289 III (1286-89),6,90-cw,1,2024,1436,Groot Seminarie Brugge,Ter Duinen,,1287,07,05,,0,0
482,482o.jpg,recto,1,recto,,images/pages-recto/482o.png,images/archive-original/1280-1289 III (1286-89)/482o.jpg,1280-1289 III (1286-89),6,90-cw,1,2024,1436,Groot Seminarie Brugge,Ter Duinen,,1287,07,05,,0,0
483,483m.jpg,verso,0,verso,,images/pages-verso/483m.png,images/archive-original/1280-1289 III (1286-89)/483m.jpg,1280-1289 III (1286-89),6,90-cw,1,2024,1436,Groot Seminarie Brugge,Ter Duinen,,1287,04,19,,0,0
483,483o.jpg,recto,1,recto,,images/pages-recto/483o.png,images/archive-original/1280-1289 III (1286-89)/483o.jpg,1280-1289 III (1286-89),6,90-cw,1,2024,1436,Groot Seminarie Brugge,Ter Duinen,,1287,04,19,,0,0
484,484m.jpg,verso,0,verso,,images/pages-verso/484m.png,images/archive-original/1280-1289 III (1286-89)/484m.jpg,1280-1289 III (1286-89),6,90-cw,1,2024,1436,Groot Seminarie Brugge,Ter Duinen,,1287,03,08,,0,0
484,484o.jpg,recto,1,recto,,images/pages-recto/484o.png,images/archive-original/1280-1289 III (1286-89)/484o.jpg,1280-1289 III (1286-89),6,90-cw,1,2024,1436,Groot Seminarie Brugge,Ter Duinen,,1287,03,08,,0,0
485,485m.jpg,verso,0,verso,,images/pages-verso/485m.png,images/archive-original/1280-1289 III (1286-89)/485m.jpg,1280-1289 III (1286-89),1,native,0,1436,2024,Sint-Janshospitaal Brugge,,,1287,03,26,,0,0
485,485o.jpg,recto,1,recto,,images/pages-recto/485o.png,images/archive-original/1280-1289 III (1286-89)/485o.jpg,1280-1289 III (1286-89),6,90-cw,1,2024,1436,Sint-Janshospitaal Brugge,,,1287,03,26,,0,0
486,486m.jpg,verso,0,verso,,images/pages-verso/486m.png,images/archive-original/1280-1289 III (1286-89)/486m.jpg,1280-1289 III (1286-89),,missing,0,1436,2024,Sint-Janshospitaal Brugge,,,1287,03,01,,0,0
486,486o.jpg,recto,1,recto,,images/pages-recto/486o.png,images/archive-original/1280-1289 III (1286-89)/486o.jpg,1280-1289 III (1286-89),6,90-cw,1,2024,1436,Sint-Janshospitaal Brugge,,,1287,03,01,,0,0
487,487m.jpg,verso,0,verso,,images/pages-verso/487m.png,images/archive-original/1280-1289 III (1286-89)/487m.jpg,1280-1289 III (1286-89),,missing,0,1436,2024,Sint-Janshospitaal Brugge,,,128xx,xx,xx,,0,0
487,487o.jpg,recto,1,recto,,images/pages-recto/487o.png,images/archive-original/1280-1289 III (1286-89)/487o.jpg,1280-1289 III (1286-89),6,90-cw,1,2024,1436,Sint-Janshospitaal Brugge,,,128xx,xx,xx,,0,0
488,488m.jpg,verso,0,verso,,images/pages-verso/488m.png,images/archive-original/1280-1289 III (1286-89)/488m.jpg,1280-1289 III (1286-89),,missing,0,1436,2024,Sint-Janshospitaal Brugge,,,1287,05,03,,0,0
488,488o.jpg,recto,1,recto,,images/pages-recto/488o.png,images/archive-original/1280-1289 III (1286-89)/488o.jpg,1280-1289 III (1286-89),6,90-cw,1,2024,1436,Sint-Janshospitaal Brugge,,,1287,05,03,,0,0
489,489m.jpg,verso,0,verso,,images/pages-verso/489m.png,images/archive-original/1280-1289 III (1286-89)/489m.jpg,1280-1289 III (1286-89),,missing,0,1436,2024,Sint-Janshospitaal Brugge,,,1287,05,xx,,0,0
489,489o.jpg,recto,1,recto,,images/pages-recto/489o.png,images/archive-original/1280-1289 III (1286-89)/489o.jpg,1280-1289 III (1286-89),6,90-cw,1,2024,1436,Sint-Janshospitaal Brugge,,,1287,05,xx,,0,0
490,490m.jpg,verso,0,verso,,images/pages-verso/490m.png,images/archive-original/1280-1289 III (1286-89)/490m.jpg,1280-1289 III (1286-89),,missing,0,1436,2024,Sint-Janshospitaal Brugge,,,1287,06,25,,0,0
490,490o.jpg,recto,1,recto,,images/pages-recto/490o.png,images/archive-original/1280-1289 III (1286-89)/490o.jpg,1280-1289 III (1286-89),6,90-cw,1,2024,1436,Sint-Janshospitaal Brugge,,,1287,06,25,,0,0
491,491m.jpg,verso,0,verso,,images/pages-verso/491m.png,images/archive-original/1280-1289 III (1286-89)/491m.jpg,1280-1289 III (1286-89),1,native,0,1436,2024,Sint-Janshospitaal Brugge,,,1287,09,06,,0,0
491,491o.jpg,recto,1,recto,,images/pages-recto/491o.png,images/archive-original/1280-1289 III (1286-89)/491o.jpg,1280-1289 III (1286-89),6,90-cw,1,2024,1436,Sint-Janshospitaal Brugge,,,1287,09,06,,0,0
492,492m.jpg,verso,0,verso,,images/pages-verso/492m.png,images/archive-original/1280-1289 III (1286-89)/492m.jpg,1280-1289 III (1286-89),,missing,0,1436,2024,Sint-Janshospitaal Brugge,,,1287,09,25,,0,0
492,492o.jpg,recto,1,recto,,images/pages-recto/492o.png,images/archive-original/1280-1289 III (1286-89)/492o.jpg,1280-1289 III (1286-89),6,90-cw,1,2024,1436,Sint-Janshospitaal Brugge,,,1287,09,25,,0,0
493,493m.jpg,verso,0,verso,,images/pages-verso/493m.png,images/archive-original/1280-1289 III (1286-89)/493m.jpg,1280-1289 III (1286-89),,missing,0,1436,2024,Sint-Janshospitaal Brugge,,,1287,10,31,,0,0
493,493o.jpg,recto,1,recto,,images/pages-recto/493o.png,images/archive-original/1280-1289 III (1286-89)/493o.jpg,1280-1289 III (1286-89),6,90-cw,1,2024,1436,Sint-Janshospitaal Brugge,,,1287,10,31,,0,0
494,494m.jpg,verso,0,verso,,images/pages-verso/494m.png,images/archive-original/1280-1289 III (1286-89)/494m.jpg,1280-1289 III (1286-89),,missing,0,1436,2024,Sint-Janshospitaal Brugge,,,1287,11,01,,0,0
494,494o.jpg,recto,1,recto,,images/pages-recto/494o.png,images/archive-original/1280-1289 III (1286-89)/494o.jpg,1280-1289 III (1286-89),6,90-cw,1,2024,1436,Sint-Janshospitaal Brugge,,,1287,11,01,,0,0
495,495m.jpg,verso,0,verso,,images/pages-verso/495m.png,images/archive-original/1280-1289 III (1286-89)/495m.jpg,1280-1289 III (1286-89),,missing,0,1436,2024,Sint-Janshospitaal Brugge,,,1287,11,15,,0,0
495,495o.jpg,recto,1,recto,,images/pages-recto/495o.png,images/archive-original/1280-1289 III (1286-89)/495o.jpg,1280-1289 III (1286-89),6,90-cw,1,2024,1436,Sint-Janshospitaal Brugge,,,1287,11,15,,0,0
496,496m.jpg,verso,0,verso,,images/pages-verso/496m.png,images/archive-original/1280-1289 III (1286-89)/496m.jpg,1280-1289 III (1286-89),6,90-cw,1,2024,1436,Potterie Brugge,,,1287,10,31,,0,0
496,496o.jpg,recto,1,recto,,images/pages-recto/496o.png,images/archive-original/1280-1289 III (1286-89)/496o.jpg,1280-1289 III (1286-89),6,90-cw,1,2024,1436,Potterie Brugge,,,1287,10,31,,0,0
497,497m.jpg,verso,0,verso,,images/pages-verso/497m.png,images/archive-original/1280-1289 III (1286-89)/497m.jpg,1280-1289 III (1286-89),6,90-cw,1,2024,1436,Potterie Brugge,,,1287,10,04,,0,0
497,497o.jpg,recto,1,recto,,images/pages-recto/497o.png,images/archive-original/1280-1289 III (1286-89)/497o.jpg,1280-1289 III (1286-89),6,90-cw,1,2024,1436,Potterie Brugge,,,1287,10,04,,0,0
498,498m.jpg,verso,0,verso,,images/pages-verso/498m.png,images/archive-original/1280-1289 III (1286-89)/498m.jpg,1280-1289 III (1286-89),6,90-cw,1,2024,1436,Potterie Brugge,,,1287,05,xx,kopie eind 13e,0,0
498,498o.jpg,recto,1,recto,,images/pages-recto/498o.png,images/archive-original/1280-1289 III (1286-89)/498o.jpg,1280-1289 III (1286-89),6,90-cw,1,2024,1436,Potterie Brugge,,,1287,05,xx,kopie eind 13e,0,0
499,499m.jpg,verso,0,verso,,images/pages-verso/499m.png,images/archive-original/1280-1289 III (1286-89)/499m.jpg,1280-1289 III (1286-89),6,90-cw,1,2024,1436,Potterie Brugge,,,1287,01,18,,0,0
499,499o.jpg,recto,1,recto,,images/pages-recto/499o.png,images/archive-original/1280-1289 III (1286-89)/499o.jpg,1280-1289 III (1286-89),6,90-cw,1,2024,1436,Potterie Brugge,,,1287,01,18,,0,0
500,500m.jpg,verso,0,verso,,images/pages-verso/500m.png,images/archive-original/1280-1289 III (1286-89)/500m.jpg,1280-1289 III (1286-89),6,90-cw,1,2024,1436,AB Mechelen,Begijnhof,,1287,11,11,,0,0
500,500o.jpg,recto,1,recto,,images/pages-recto/500o.png,images/archive-original/1280-1289 III (1286-89)/500o.jpg,1280-1289 III (1286-89),6,90-cw,1,2024,1436,AB Mechelen,Begijnhof,,1287,11,11,,0,0
501,501m.jpg,verso,0,verso,,images/pages-verso/501m.png,images/archive-original/1280-1289 III (1286-89)/501m.jpg,1280-1289 III (1286-89),6,90-cw,1,2024,1436,AB Mechelen,Blijdenberg,,1287,07,31,,0,0
501,501o.jpg,recto,1,recto,,images/pages-recto/501o.png,images/archive-original/1280-1289 III (1286-89)/501o.jpg,1280-1289 III (1286-89),6,90-cw,1,2024,1436,AB Mechelen,Blijdenberg,,1287,07,31,,0,0
502,502m.jpg,verso,0,verso,,images/pages-verso/502m.png,images/archive-original/1280-1289 III (1286-89)/502m.jpg,1280-1289 III (1286-89),6,90-cw,1,2024,1436,C.O.O. Brugge,Magdalenahospitaal,,1287,11,13,,0,0
502,502o.jpg,recto,1,recto,,images/pages-recto/502o.png,images/archive-original/1280-1289 III (1286-89)/502o.jpg,1280-1289 III (1286-89),6,90-cw,1,2024,1436,C.O.O. Brugge,Magdalenahospitaal,,1287,11,13,,0,0
503,503m.jpg,verso,0,verso,,images/pages-verso/503m.png,images/archive-original/1280-1289 III (1286-89)/503m.jpg,1280-1289 III (1286-89),6,90-cw,1,2024,1436,C.O.O. Brugge,Magdalenahospitaal,,1287,11,07,,0,0
503,503o.jpg,recto,1,recto,,images/pages-recto/503o.png,images/archive-original/1280-1289 III (1286-89)/503o.jpg,1280-1289 III (1286-89),6,90-cw,1,2024,1436,C.O.O. Brugge,Magdalenahospitaal,,1287,11,07,,0,0
504,504m.jpg,verso,0,verso,,images/pages-verso/504m.png,images/archive-original/1280-1289 III (1286-89)/504m.jpg,1280-1289 III (1286-89),6,90-cw,1,2024,1436,C.O.O. Brugge,Begijnhof,,1287,01,24,,0,0
504,504o.jpg,recto,1,recto,,images/pages-recto/504o.png,images/archive-original/1280-1289 III (1286-89)/504o.jpg,1280-1289 III (1286-89),6,90-cw,1,2024,1436,C.O.O. Brugge,Begijnhof,,1287,01,24,,0,0
505,505m.jpg,verso,0,verso,,images/pages-verso/505m.png,images/archive-original/1280-1289 III (1286-89)/505m.jpg,1280-1289 III (1286-89),6,90-cw,1,2024,1436,Spermalie Brugge,,,1287,09,12,,0,0
505,505o.jpg,recto,1,recto,,images/pages-recto/505o.png,images/archive-original/1280-1289 III (1286-89)/505o.jpg,1280-1289 III (1286-89),6,90-cw,1,2024,1436,Spermalie Brugge,,,1287,09,12,,0,0
506,506m.jpg,verso,0,verso,,images/pages-verso/506m.png,images/archive-original/1280-1289 III (1286-89)/506m.jpg,1280-1289 III (1286-89),6,90-cw,1,2024,1436,Rijksarchief Brugge,Aanwinsten,3803/91,1287,05,02,,0,0
506,506o.jpg,recto,1,recto,,images/pages-recto/506o.png,images/archive-original/1280-1289 III (1286-89)/506o.jpg,1280-1289 III (1286-89),6,90-cw,1,2024,1436,Rijksarchief Brugge,Aanwinsten,3803/91,1287,05,02,,0,0
507,507m.jpg,verso,0,verso,,images/pages-verso/507m.png,images/archive-original/1280-1289 III (1286-89)/507m.jpg,1280-1289 III (1286-89),6,90-cw,1,2024,1436,Bisdom Brugge,Urbanisten,,1287,11,22,,0,0
507,507o.jpg,recto,1,recto,,images/pages-recto/507o.png,images/archive-original/1280-1289 III (1286-89)/507o.jpg,1280-1289 III (1286-89),6,90-cw,1,2024,1436,Bisdom Brugge,Urbanisten,,1287,11,22,,0,0
508,508m.jpg,verso,0,verso,,images/pages-verso/508m.png,images/archive-original/1280-1289 III (1286-89)/508m.jpg,1280-1289 III (1286-89),6,90-cw,1,1654,1168,RA Gent,de Ghellinck-Vaernewyck,,1287,01,22,,0,0
508,508o.jpg,recto,1,recto,,images/pages-recto/508o.png,images/archive-original/1280-1289 III (1286-89)/508o.jpg,1280-1289 III (1286-89),6,90-cw,1,1654,1168,RA Gent,de Ghellinck-Vaernewyck,,1287,01,22,,0,0
509,509m.jpg,verso,0,verso,,images/pages-verso/509m.png,images/archive-original/1280-1289 III (1286-89)/509m.jpg,1280-1289 III (1286-89),6,90-cw,1,1654,1168,RA Gent,hospitaal Aalst,,1287,12,06,,0,0
509,509o.jpg,recto,1,recto,,images/pages-recto/509o.png,images/archive-original/1280-1289 III (1286-89)/509o.jpg,1280-1289 III (1286-89),1,native,0,1654,1168,RA Gent,hospitaal Aalst,,1287,12,06,,0,0
510,510m.jpg,verso,0,verso,,images/pages-verso/510m.png,images/archive-original/1280-1289 III (1286-89)/510m.jpg,1280-1289 III (1286-89),6,90-cw,1,1654,1168,RA Ronse,abdij Ninove,,1287,xx,xx,,0,0
510,510o.jpg,recto,1,recto,,images/pages-recto/510o.png,images/archive-original/1280-1289 III (1286-89)/510o.jpg,1280-1289 III (1286-89),6,90-cw,1,1654,1168,RA Ronse,abdij Ninove,,1287,xx,xx,,0,0
511,511m.jpg,verso,0,verso,,images/pages-verso/511m.png,images/archive-original/1280-1289 III (1286-89)/511m.jpg,1280-1289 III (1286-89),6,90-cw,1,1654,1168,RA Gent,Zoetendale,,1287,05,xx,,0,0
511,511o.jpg,recto,1,recto,,images/pages-recto/511o.png,images/archive-original/1280-1289 III (1286-89)/511o.jpg,1280-1289 III (1286-89),6,90-cw,1,1654,1168,RA Gent,Zoetendale,,1287,05,xx,,0,0
512,512m.jpg,verso,0,verso,,images/pages-verso/512m.png,images/archive-original/1280-1289 III (1286-89)/512m.jpg,1280-1289 III (1286-89),6,90-cw,1,1654,1168,RA Gent,Sint-Baafs,,1287,01,09,,0,0
512,512o.jpg,recto,1,recto,,images/pages-recto/512o.png,images/archive-original/1280-1289 III (1286-89)/512o.jpg,1280-1289 III (1286-89),6,90-cw,1,1654,1168,RA Gent,Sint-Baafs,,1287,01,09,,0,0
513,513m.jpg,verso,0,verso,,images/pages-verso/513m.png,images/archive-original/1280-1289 III (1286-89)/513m.jpg,1280-1289 III (1286-89),6,90-cw,1,1654,1168,RA Gent,Rijke Gasthuis,,1287,02,24,,0,0
513,513o.jpg,recto,1,recto,,images/pages-recto/513o.png,images/archive-original/1280-1289 III (1286-89)/513o.jpg,1280-1289 III (1286-89),6,90-cw,1,1654,1168,RA Gent,Rijke Gasthuis,,1287,02,24,,0,0
514,514m.jpg,verso,0,verso,,images/pages-verso/514m.png,images/archive-original/1280-1289 III (1286-89)/514m.jpg,1280-1289 III (1286-89),6,90-cw,1,1654,1168,RA Gent,Rijke Klaren,,1287,12,03,,0,0
514,514o.jpg,recto,1,recto,,images/pages-recto/514o.png,images/archive-original/1280-1289 III (1286-89)/514o.jpg,1280-1289 III (1286-89),6,90-cw,1,1654,1168,RA Gent,Rijke Klaren,,1287,12,03,,0,0
515,515m.jpg,verso,0,verso,,images/pages-verso/515m.png,images/archive-original/1280-1289 III (1286-89)/515m.jpg,1280-1289 III (1286-89),6,90-cw,1,2024,1436,SA Gent,Stadscharters,,1287,04,20,,0,0
515,515o.jpg,recto,1,recto,,images/pages-recto/515o.png,images/archive-original/1280-1289 III (1286-89)/515o.jpg,1280-1289 III (1286-89),6,90-cw,1,2024,1436,SA Gent,Stadscharters,,1287,04,20,,0,0
516,516m.jpg,verso,0,verso,,images/pages-verso/516m.png,images/archive-original/1280-1289 III (1286-89)/516m.jpg,1280-1289 III (1286-89),1,native,0,1656,2339,Algemeen Rijksarchief Den Haag,Grafelijkheid,,1287,08,28,,0,0
516,516o.jpg,recto,1,recto,,images/pages-recto/516o.png,images/archive-original/1280-1289 III (1286-89)/516o.jpg,1280-1289 III (1286-89),1,native,0,2339,1656,Algemeen Rijksarchief Den Haag,Grafelijkheid,,1287,08,28,,0,0
517,517m.jpg,verso,0,verso,,images/pages-verso/517m.png,images/archive-original/1280-1289 III (1286-89)/517m.jpg,1280-1289 III (1286-89),,missing,0,1656,2339,Algemeen Rijksarchief Den Haag,Montfoort,,1287,04,15,,0,0
517,517o.jpg,recto,1,recto,,images/pages-recto/517o.png,images/archive-original/1280-1289 III (1286-89)/517o.jpg,1280-1289 III (1286-89),1,native,0,2339,1656,Algemeen Rijksarchief Den Haag,Montfoort,,1287,04,15,,0,1
518,518m.jpg,verso,0,verso,,images/pages-verso/518m.png,images/archive-original/1280-1289 III (1286-89)/518m.jpg,1280-1289 III (1286-89),,missing,0,1656,2339,Gemeentearchief Schiedam,,,1287,01,07,,0,0
518,518o.jpg,recto,1,recto,,images/pages-recto/518o.png,images/archive-original/1280-1289 III (1286-89)/518o.jpg,1280-1289 III (1286-89),6,90-cw,1,2339,1656,Gemeentearchief Schiedam,,,1287,01,07,,0,0
519,519m.jpg,verso,0,verso,,images/pages-verso/519m.png,images/archive-original/1280-1289 III (1286-89)/519m.jpg,1280-1289 III (1286-89),,missing,0,1656,2339,Duits Huis te Utrecht,,n° 1318,1287,08,12,,0,0
519,519o.jpg,recto,1,recto,,images/pages-recto/519o.png,images/archive-original/1280-1289 III (1286-89)/519o.jpg,1280-1289 III (1286-89),6,90-cw,1,2339,1656,Duits Huis te Utrecht,,n° 1318,1287,08,12,,0,0
520,520m.jpg,verso,0,verso,,images/pages-verso/520m.png,images/archive-original/1280-1289 III (1286-89)/520m.jpg,1280-1289 III (1286-89),,missing,0,1656,2339,Rijksarchief Utrecht,Montfoort,n° 96,1287,12,12,,0,0
520,520o.jpg,recto,1,recto,,images/pages-recto/520o.png,images/archive-original/1280-1289 III (1286-89)/520o.jpg,1280-1289 III (1286-89),6,90-cw,1,2339,1656,Rijksarchief Utrecht,Montfoort,n° 96,1287,12,12,,0,0
521,521m.jpg,verso,0,verso,,images/pages-verso/521m.png,images/archive-original/1280-1289 III (1286-89)/521m.jpg,1280-1289 III (1286-89),6,90-cw,1,2024,1436,Groot Seminarie Brugge,Ter Duinen,,1288,04,03,,0,0
521,521o.jpg,recto,1,recto,,images/pages-recto/521o.png,images/archive-original/1280-1289 III (1286-89)/521o.jpg,1280-1289 III (1286-89),6,90-cw,1,2024,1436,Groot Seminarie Brugge,Ter Duinen,,1288,04,03,,0,0
522,522m.jpg,verso,0,verso,,images/pages-verso/522m.png,images/archive-original/1280-1289 III (1286-89)/522m.jpg,1280-1289 III (1286-89),6,90-cw,1,2024,1436,Groot Seminarie Brugge,Ter Duinen,,1288,01,23,,0,0
522,522o.jpg,recto,1,recto,,images/pages-recto/522o.png,images/archive-original/1280-1289 III (1286-89)/522o.jpg,1280-1289 III (1286-89),6,90-cw,1,2024,1436,Groot Seminarie Brugge,Ter Duinen,,1288,01,23,,0,0
523,523m.jpg,verso,0,verso,,images/pages-verso/523m.png,images/archive-original/1280-1289 III (1286-89)/523m.jpg,1280-1289 III (1286-89),1,native,0,1436,2024,RA Brugge,cart. O.L.Vrouwkerk,,1288,07,24,kopie ± 1293,0,0
523,523o.jpg,recto,1,recto,,images/pages-recto/523o.png,images/archive-original/1280-1289 III (1286-89)/523o.jpg,1280-1289 III (1286-89),,missing,0,1436,2024,RA Brugge,cart. O.L.Vrouwkerk,,1288,07,24,kopie ± 1293,0,0
524,524m.jpg,verso,0,verso,,images/pages-verso/524m.png,images/archive-original/1280-1289 III (1286-89)/524m.jpg,1280-1289 III (1286-89),6,90-cw,1,2024,1436,SA Brugge,Bogaarden II,3,1288,04,13,,0,0
524,524o.jpg,recto,1,recto,,images/pages-recto/524o.png,images/archive-original/1280-1289 III (1286-89)/524o.jpg,1280-1289 III (1286-89),6,90-cw,1,2024,1436,SA Brugge,Bogaarden II,3,1288,04,13,,0,0
525,525m.jpg,verso,0,verso,,images/pages-verso/525m.png,images/archive-original/1280-1289 III (1286-89)/525m.jpg,1280-1289 III (1286-89),,missing,0,1436,2024,Sint-Janshospitaal Brugge,,,1288,02,20,,0,0
525,525o.jpg,recto,1,recto,,images/pages-recto/525o.png,images/archive-original/1280-1289 III (1286-89)/525o.jpg,1280-1289 III (1286-89),6,90-cw,1,2024,1436,Sint-Janshospitaal Brugge,,,1288,02,20,,0,0
526,526m.jpg,verso,0,verso,,images/pages-verso/526m.png,images/archive-original/1280-1289 III (1286-89)/526m.jpg,1280-1289 III (1286-89),1,native,0,1436,2024,Sint-Janshospitaal Brugge,,,1288,02,20,,0,0
526,526o.jpg,recto,1,recto,,images/pages-recto/526o.png,images/archive-original/1280-1289 III (1286-89)/526o.jpg,1280-1289 III (1286-89),6,90-cw,1,2024,1436,Sint-Janshospitaal Brugge,,,1288,02,20,,0,0
527,527m.jpg,verso,0,verso,,images/pages-verso/527m.png,images/archive-original/1280-1289 III (1286-89)/527m.jpg,1280-1289 III (1286-89),,missing,0,1436,2024,Sint-Janshospitaal Brugge,,,1288,02,21,,0,0
527,527o.jpg,recto,1,recto,,images/pages-recto/527o.png,images/archive-original/1280-1289 III (1286-89)/527o.jpg,1280-1289 III (1286-89),6,90-cw,1,2024,1436,Sint-Janshospitaal Brugge,,,1288,02,21,,0,0
528,528m.jpg,verso,0,verso,,images/pages-verso/528m.png,images/archive-original/1280-1289 III (1286-89)/528m.jpg,1280-1289 III (1286-89),,missing,0,1436,2024,Sint-Janshospitaal Brugge,,,1288,xx,xx,,0,0
528,528o.jpg,recto,1,recto,,images/pages-recto/528o.png,images/archive-original/1280-1289 III (1286-89)/528o.jpg,1280-1289 III (1286-89),6,90-cw,1,2024,1436,Sint-Janshospitaal Brugge,,,1288,xx,xx,,0,0
529,529m.jpg,verso,0,verso,,images/pages-verso/529m.png,images/archive-original/1280-1289 III (1286-89)/529m.jpg,1280-1289 III (1286-89),,missing,0,1436,2024,Sint-Janshospitaal Brugge,,,1288,04,10,,0,0
529,529o.jpg,recto,1,recto,,images/pages-recto/529o.png,images/archive-original/1280-1289 III (1286-89)/529o.jpg,1280-1289 III (1286-89),6,90-cw,1,2024,1436,Sint-Janshospitaal Brugge,,,1288,04,10,,0,0
530,530m.jpg,verso,0,verso,,images/pages-verso/530m.png,images/archive-original/1280-1289 III (1286-89)/530m.jpg,1280-1289 III (1286-89),,missing,0,1436,2024,Sint-Janshospitaal Brugge,,,1288,05,01,,0,0
530,530o.jpg,recto,1,recto,,images/pages-recto/530o.png,images/archive-original/1280-1289 III (1286-89)/530o.jpg,1280-1289 III (1286-89),6,90-cw,1,2024,1436,Sint-Janshospitaal Brugge,,,1288,05,01,,0,0
531,531m.jpg,verso,0,verso,,images/pages-verso/531m.png,images/archive-original/1280-1289 III (1286-89)/531m.jpg,1280-1289 III (1286-89),,missing,0,1436,2024,Sint-Janshospitaal Brugge,,,1288,05,xx,,0,0
531,531o.jpg,recto,1,recto,,images/pages-recto/531o.png,images/archive-original/1280-1289 III (1286-89)/531o.jpg,1280-1289 III (1286-89),6,90-cw,1,2024,1436,Sint-Janshospitaal Brugge,,,1288,05,xx,,0,0
532,532m.jpg,verso,0,verso,,images/pages-verso/532m.png,images/archive-original/1280-1289 III (1286-89)/532m.jpg,1280-1289 III (1286-89),,missing,0,1436,2024,Sint-Janshospitaal Brugge,,,1288,06,12,,0,0
532,532o.jpg,recto,1,recto,,images/pages-recto/532o.png,images/archive-original/1280-1289 III (1286-89)/532o.jpg,1280-1289 III (1286-89),6,90-cw,1,2024,1436,Sint-Janshospitaal Brugge,,,1288,06,12,,0,0
533,533m.jpg,verso,0,verso,,images/pages-verso/533m.png,images/archive-original/1280-1289 III (1286-89)/533m.jpg,1280-1289 III (1286-89),,missing,0,1436,2024,Sint-Janshospitaal Brugge,,,1288,09,17,,0,0
533,533o.jpg,recto,1,recto,,images/pages-recto/533o.png,images/archive-original/1280-1289 III (1286-89)/533o.jpg,1280-1289 III (1286-89),6,90-cw,1,2024,1436,Sint-Janshospitaal Brugge,,,1288,09,17,,0,0
534,534m.jpg,verso,0,verso,,images/pages-verso/534m.png,images/archive-original/1280-1289 III (1286-89)/534m.jpg,1280-1289 III (1286-89),,missing,0,1436,2024,Sint-Janshospitaal Brugge,,,1288,10,02,,0,0
534,534o.jpg,recto,1,recto,,images/pages-recto/534o.png,images/archive-original/1280-1289 III (1286-89)/534o.jpg,1280-1289 III (1286-89),6,90-cw,1,2024,1436,Sint-Janshospitaal Brugge,,,1288,10,02,,0,0
535,535m.jpg,verso,0,verso,,images/pages-verso/535m.png,images/archive-original/1280-1289 III (1286-89)/535m.jpg,1280-1289 III (1286-89),,missing,0,1436,2024,Sint-Janshospitaal Brugge,,,1288,10,xx,,0,0
535,535o.jpg,recto,1,recto,,images/pages-recto/535o.png,images/archive-original/1280-1289 III (1286-89)/535o.jpg,1280-1289 III (1286-89),6,90-cw,1,2024,1436,Sint-Janshospitaal Brugge,,,1288,10,xx,,0,0
536,536m.jpg,verso,0,verso,,images/pages-verso/536m.png,images/archive-original/1280-1289 III (1286-89)/536m.jpg,1280-1289 III (1286-89),6,90-cw,1,2024,1436,Potterie Brugge,,,1288,11,20,,0,0
536,536o.jpg,recto,1,recto,,images/pages-recto/536o.png,images/archive-original/1280-1289 III (1286-89)/536o.jpg,1280-1289 III (1286-89),6,90-cw,1,2024,1436,Potterie Brugge,,,1288,11,20,,0,0
537,537m.jpg,verso,0,verso,,images/pages-verso/537m.png,images/archive-original/1280-1289 III (1286-89)/537m.jpg,1280-1289 III (1286-89),6,90-cw,1,2024,1436,Potterie Brugge,,,1288,10,29,,0,0
537,537o.jpg,recto,1,recto,,images/pages-recto/537o.png,images/archive-original/1280-1289 III (1286-89)/537o.jpg,1280-1289 III (1286-89),6,90-cw,1,2024,1436,Potterie Brugge,,,1288,10,29,,0,0
538,538m.jpg,verso,0,verso,,images/pages-verso/538m.png,images/archive-original/1280-1289 III (1286-89)/538m.jpg,1280-1289 III (1286-89),6,90-cw,1,2024,1436,Potterie Brugge,,,1288,06,24,kopie eind 13e,0,0
538,538o.jpg,recto,1,recto,,images/pages-recto/538o.png,images/archive-original/1280-1289 III (1286-89)/538o.jpg,1280-1289 III (1286-89),6,90-cw,1,2024,1436,Potterie Brugge,,,1288,06,24,kopie eind 13e,0,0
539,539m.jpg,verso,0,verso,,images/pages-verso/539m.png,images/archive-original/1280-1289 III (1286-89)/539m.jpg,1280-1289 III (1286-89),6,90-cw,1,2024,1436,Potterie Brugge,,,1288,06,05,,0,0
539,539o.jpg,recto,1,recto,,images/pages-recto/539o.png,images/archive-original/1280-1289 III (1286-89)/539o.jpg,1280-1289 III (1286-89),6,90-cw,1,2024,1436,Potterie Brugge,,,1288,06,05,,0,0
540,540m.jpg,verso,0,verso,,images/pages-verso/540m.png,images/archive-original/1280-1289 III (1286-89)/540m.jpg,1280-1289 III (1286-89),6,90-cw,1,2024,1436,C.O.O. Brugge,Magdalenahospitaal,,1288,05,29,,0,0
540,540o.jpg,recto,1,recto,,images/pages-recto/540o.png,images/archive-original/1280-1289 III (1286-89)/540o.jpg,1280-1289 III (1286-89),6,90-cw,1,2024,1436,C.O.O. Brugge,Magdalenahospitaal,,1288,05,29,,0,0
541,541m.jpg,verso,0,verso,,images/pages-verso/541m.png,images/archive-original/1280-1289 III (1286-89)/541m.jpg,1280-1289 III (1286-89),6,90-cw,1,2024,1436,C.O.O. Brugge,Magdalenahospitaal,,1288,05,07,,0,0
541,541o.jpg,recto,1,recto,,images/pages-recto/541o.png,images/archive-original/1280-1289 III (1286-89)/541o.jpg,1280-1289 III (1286-89),6,90-cw,1,2024,1436,C.O.O. Brugge,Magdalenahospitaal,,1288,05,07,,0,0
542,542m.jpg,verso,0,verso,,images/pages-verso/542m.png,images/archive-original/1280-1289 III (1286-89)/542m.jpg,1280-1289 III (1286-89),6,90-cw,1,2024,1436,C.O.O. Brugge,Magdalenahospitaal,,1288,02,13,,0,0
542,542o.jpg,recto,1,recto,,images/pages-recto/542o.png,images/archive-original/1280-1289 III (1286-89)/542o.jpg,1280-1289 III (1286-89),6,90-cw,1,2024,1436,C.O.O. Brugge,Magdalenahospitaal,,1288,02,13,,0,0
543,543m.jpg,verso,0,verso,,images/pages-verso/543m.png,images/archive-original/1280-1289 III (1286-89)/543m.jpg,1280-1289 III (1286-89),6,90-cw,1,2024,1436,Groot Seminarie Brugge,Eekhout,,1288,10,09,,0,0
543,543o.jpg,recto,1,recto,,images/pages-recto/543o.png,images/archive-original/1280-1289 III (1286-89)/543o.jpg,1280-1289 III (1286-89),6,90-cw,1,2024,1436,Groot Seminarie Brugge,Eekhout,,1288,10,09,,0,0
544,544m.jpg,verso,0,verso,,images/pages-verso/544m.png,images/archive-original/1280-1289 III (1286-89)/544m.jpg,1280-1289 III (1286-89),6,90-cw,1,2024,1436,Stadsarchief Mechelen,Blijdenberg,,1288,10,02,,0,0
544,544o.jpg,recto,1,recto,,images/pages-recto/544o.png,images/archive-original/1280-1289 III (1286-89)/544o.jpg,1280-1289 III (1286-89),6,90-cw,1,2024,1436,Stadsarchief Mechelen,Blijdenberg,,1288,10,02,,0,0
545,545m.jpg,verso,0,verso,,images/pages-verso/545m.png,images/archive-original/1280-1289 III (1286-89)/545m.jpg,1280-1289 III (1286-89),6,90-cw,1,2024,1436,ARA Brussel,rolrekening,1999,12xx,xx,xx,,0,0
545,545o.jpg,recto,1,recto,,images/pages-recto/545o.png,images/archive-original/1280-1289 III (1286-89)/545o.jpg,1280-1289 III (1286-89),6,90-cw,1,2024,1436,ARA Brussel,rolrekening,1999,12xx,xx,xx,,0,0
546,546m.jpg,verso,0,verso,,images/pages-verso/546m.png,images/archive-original/1280-1289 III (1286-89)/546m.jpg,1280-1289 III (1286-89),6,90-cw,1,2024,1436,ARA Brussel,rolrekening,1998,12xx,xx,xx,blad 2,0,0
546,546o.jpg,recto,0,neardup_of=545o,,images/pages-recto/546o.png,images/archive-original/1280-1289 III (1286-89)/546o.jpg,1280-1289 III (1286-89),6,90-cw,1,2024,1436,ARA Brussel,rolrekening,1998,12xx,xx,xx,blad 2,0,0
547,547m.jpg,verso,0,verso,,images/pages-verso/547m.png,images/archive-original/1280-1289 III (1286-89)/547m.jpg,1280-1289 III (1286-89),6,90-cw,1,2024,1436,Bisdom Brugge,Urbanisten,,1288,01,17,,0,0
547,547o.jpg,recto,1,recto,,images/pages-recto/547o.png,images/archive-original/1280-1289 III (1286-89)/547o.jpg,1280-1289 III (1286-89),6,90-cw,1,2024,1436,Bisdom Brugge,Urbanisten,,1288,01,17,,0,0
548,548m.jpg,verso,0,verso,,images/pages-verso/548m.png,images/archive-original/1280-1289 III (1286-89)/548m.jpg,1280-1289 III (1286-89),6,90-cw,1,2024,1436,Bisdom Brugge,Urbanisten,,1288,10,16,,0,0
548,548o.jpg,recto,1,recto,,images/pages-recto/548o.png,images/archive-original/1280-1289 III (1286-89)/548o.jpg,1280-1289 III (1286-89),6,90-cw,1,2024,1436,Bisdom Brugge,Urbanisten,,1288,10,16,,0,0
549,549m.jpg,verso,0,verso,,images/pages-verso/549m.png,images/archive-original/1280-1289 III (1286-89)/549m.jpg,1280-1289 III (1286-89),6,90-cw,1,1654,1168,RA Gent,Oosteeklo,,128x,xx,xx,,0,0
549,549o.jpg,recto,1,recto,,images/pages-recto/549o.png,images/archive-original/1280-1289 III (1286-89)/549o.jpg,1280-1289 III (1286-89),6,90-cw,1,1654,1168,RA Gent,Oosteeklo,,128x,xx,xx,,0,0
550,550m.jpg,verso,0,verso,,images/pages-verso/550m.png,images/archive-original/1280-1289 III (1286-89)/550m.jpg,1280-1289 III (1286-89),6,90-cw,1,1654,1168,RA Gent,Sint-Baafs,,1288,01,30,,0,0
550,550o.jpg,recto,1,recto,,images/pages-recto/550o.png,images/archive-original/1280-1289 III (1286-89)/550o.jpg,1280-1289 III (1286-89),6,90-cw,1,1654,1168,RA Gent,Sint-Baafs,,1288,01,30,,0,0
551,551m.jpg,verso,0,verso,,images/pages-verso/551m.png,images/archive-original/1280-1289 III (1286-89)/551m.jpg,1280-1289 III (1286-89),6,90-cw,1,1654,1168,RA Gent,Rijke Gasthuis,,1288,07,06,,0,0
551,551o.jpg,recto,1,recto,,images/pages-recto/551o.png,images/archive-original/1280-1289 III (1286-89)/551o.jpg,1280-1289 III (1286-89),6,90-cw,1,1654,1168,RA Gent,Rijke Gasthuis,,1288,07,06,,0,0
552,552m.jpg,verso,0,verso,,images/pages-verso/552m.png,images/archive-original/1280-1289 III (1286-89)/552m.jpg,1280-1289 III (1286-89),6,90-cw,1,1654,1168,RA Gent,Rijke Gasthuis,,1288,08,08,,0,0
552,552o.jpg,recto,1,recto,,images/pages-recto/552o.png,images/archive-original/1280-1289 III (1286-89)/552o.jpg,1280-1289 III (1286-89),6,90-cw,1,1654,1168,RA Gent,Rijke Gasthuis,,1288,08,08,,0,0
553,553m.jpg,verso,0,verso,,images/pages-verso/553m.png,images/archive-original/1280-1289 III (1286-89)/553m.jpg,1280-1289 III (1286-89),6,90-cw,1,1654,1168,RA Gent,Rijke Gasthuis,,1288,06,20,,0,0
553,553o.jpg,recto,1,recto,,images/pages-recto/553o.png,images/archive-original/1280-1289 III (1286-89)/553o.jpg,1280-1289 III (1286-89),6,90-cw,1,1654,1168,RA Gent,Rijke Gasthuis,,1288,06,20,,0,0
554,554m.jpg,verso,0,verso,,images/pages-verso/554m.png,images/archive-original/1280-1289 III (1286-89)/554m.jpg,1280-1289 III (1286-89),6,90-cw,1,1654,1168,RA Gent,Rijke Klaren,,1288,06,23,,0,0
554,554o.jpg,recto,0,neardup_of=556o,,images/pages-recto/554o.png,images/archive-original/1280-1289 III (1286-89)/554o.jpg,1280-1289 III (1286-89),6,90-cw,1,1654,1168,RA Gent,Rijke Klaren,,1288,06,23,,0,0
555,555m.jpg,verso,0,verso,,images/pages-verso/555m.png,images/archive-original/1280-1289 III (1286-89)/555m.jpg,1280-1289 III (1286-89),6,90-cw,1,1654,1168,RA Gent,Rijke Klaren,,1288,06,23,,0,0
555,555o.jpg,recto,0,neardup_of=556o,,images/pages-recto/555o.png,images/archive-original/1280-1289 III (1286-89)/555o.jpg,1280-1289 III (1286-89),6,90-cw,1,1654,1168,RA Gent,Rijke Klaren,,1288,06,23,,0,0
556,556m.jpg,verso,0,verso,,images/pages-verso/556m.png,images/archive-original/1280-1289 III (1286-89)/556m.jpg,1280-1289 III (1286-89),6,90-cw,1,1654,1168,RA Gent,Rijke Klaren,,1288,06,23,,0,0
556,556o.jpg,recto,1,recto,,images/pages-recto/556o.png,images/archive-original/1280-1289 III (1286-89)/556o.jpg,1280-1289 III (1286-89),6,90-cw,1,1654,1168,RA Gent,Rijke Klaren,,1288,06,23,,0,0
557,557m.jpg,verso,0,verso,,images/pages-verso/557m.png,images/archive-original/1280-1289 III (1286-89)/557m.jpg,1280-1289 III (1286-89),6,90-cw,1,1654,1168,RA Gent,Rijke Klaren,,1288,08,19,,0,0
557,557o.jpg,recto,1,recto,,images/pages-recto/557o.png,images/archive-original/1280-1289 III (1286-89)/557o.jpg,1280-1289 III (1286-89),6,90-cw,1,1654,1168,RA Gent,Rijke Klaren,,1288,08,19,,0,0
558,558m.jpg,verso,0,verso,,images/pages-verso/558m.png,images/archive-original/1280-1289 III (1286-89)/558m.jpg,1280-1289 III (1286-89),6,90-cw,1,2024,1436,SA Gent,Stadscharters,,1288,04,02,,0,0
558,558o.jpg,recto,1,recto,,images/pages-recto/558o.png,images/archive-original/1280-1289 III (1286-89)/558o.jpg,1280-1289 III (1286-89),6,90-cw,1,2024,1436,SA Gent,Stadscharters,,1288,04,02,,0,0
559,559m.jpg,verso,0,verso,,images/pages-verso/559m.png,images/archive-original/1280-1289 III (1286-89)/559m.jpg,1280-1289 III (1286-89),6,90-cw,1,2024,1436,Karmelieten Brugge,,,1288,02,18,,0,0
559,559o.jpg,recto,1,recto,,images/pages-recto/559o.png,images/archive-original/1280-1289 III (1286-89)/559o.jpg,1280-1289 III (1286-89),6,90-cw,1,2024,1436,Karmelieten Brugge,,,1288,02,18,,0,0
560,560m.jpg,verso,0,verso,,images/pages-verso/560m.png,images/archive-original/1280-1289 III (1286-89)/560m.jpg,1280-1289 III (1286-89),1,native,0,1656,2339,Algemeen Rijksarchief Den Haag,Grafelijkheid,,1288,08,16,kopie 14de eeuw,0,0
560,560o.jpg,recto,1,recto,,images/pages-recto/560o.png,images/archive-original/1280-1289 III (1286-89)/560o.jpg,1280-1289 III (1286-89),1,native,0,2339,1656,Algemeen Rijksarchief Den Haag,Grafelijkheid,,1288,08,16,kopie 14de eeuw,0,0
561,561m.jpg,verso,0,verso,,images/pages-verso/561m.png,images/archive-original/1280-1289 III (1286-89)/561m.jpg,1280-1289 III (1286-89),,missing,0,1656,2339,Algemeen Rijksarchief Den Haag,Rijnsburg,,1288,07,14,,0,0
561,561o.jpg,recto,1,recto,,images/pages-recto/561o.png,images/archive-original/1280-1289 III (1286-89)/561o.jpg,1280-1289 III (1286-89),1,native,0,2339,1656,Algemeen Rijksarchief Den Haag,Rijnsburg,,1288,07,14,,0,0
562,562m.jpg,verso,0,verso,,images/pages-verso/562m.png,images/archive-original/1280-1289 III (1286-89)/562m.jpg,1280-1289 III (1286-89),,missing,0,1656,2339,Algemeen Rijksarchief Den Haag,"Vilvoordse charters, doos Heusden",,1288,04,19,,0,0
562,562o.jpg,recto,1,recto,,images/pages-recto/562o.png,images/archive-original/1280-1289 III (1286-89)/562o.jpg,1280-1289 III (1286-89),1,native,0,2339,1656,Algemeen Rijksarchief Den Haag,"Vilvoordse charters, doos Heusden",,1288,04,19,,0,0
563,563m.jpg,verso,0,verso,563,images/pages-verso/563m.png,images/archive-original/1280-1289 III (1286-89)/563m.jpg,1280-1289 III (1286-89),,missing,0,1656,2339,Algemeen Rijksarchief Den Haag,Henegouwen,37,1288,03,21,,0,0
563,563o.jpg,recto,1,series_first,563,images/pages-recto/563o.png,images/archive-original/1280-1289 III (1286-89)/563o.jpg,1280-1289 III (1286-89),1,native,0,1656,2339,Algemeen Rijksarchief Den Haag,Henegouwen,37,1288,03,21,,0,0
564,564m.jpg,verso,0,verso,,images/pages-verso/564m.png,images/archive-original/1280-1289 III (1286-89)/564m.jpg,1280-1289 III (1286-89),,missing,0,1656,2339,Algemeen Rijksarchief Den Haag,Henegouwen,,1288,03,21,,0,0
564,564o.jpg,recto,0,neardup_of=563o,,images/pages-recto/564o.png,images/archive-original/1280-1289 III (1286-89)/564o.jpg,1280-1289 III (1286-89),1,native,0,1656,2339,Algemeen Rijksarchief Den Haag,Henegouwen,,1288,03,21,,0,0
565,565m.jpg,verso,0,verso,563,images/pages-verso/565m.png,images/archive-original/1280-1289 III (1286-89)/565m.jpg,1280-1289 III (1286-89),,missing,0,1656,2339,Algemeen Rijksarchief Den Haag,Henegouwen,37,1288,03,21,,0,0
565,565o.jpg,recto,0,series_of=563o,563,images/pages-recto/565o.png,images/archive-original/1280-1289 III (1286-89)/565o.jpg,1280-1289 III (1286-89),1,native,0,1656,2339,Algemeen Rijksarchief Den Haag,Henegouwen,37,1288,03,21,,0,0
566,566m.jpg,verso,0,verso,563,images/pages-verso/566m.png,images/archive-original/1280-1289 III (1286-89)/566m.jpg,1280-1289 III (1286-89),,missing,0,1656,2339,Algemeen Rijksarchief Den Haag,Henegouwen,37,1288,03,21,,0,0
566,566o.jpg,recto,0,series_of=563o,563,images/pages-recto/566o.png,images/archive-original/1280-1289 III (1286-89)/566o.jpg,1280-1289 III (1286-89),1,native,0,1656,2339,Algemeen Rijksarchief Den Haag,Henegouwen,37,1288,03,21,,0,0
567,567m.jpg,verso,0,verso,563,images/pages-verso/567m.png,images/archive-original/1280-1289 III (1286-89)/567m.jpg,1280-1289 III (1286-89),,missing,0,1656,2339,Algemeen Rijksarchief Den Haag,Henegouwen,37,1288,03,21,,0,0
567,567o.jpg,recto,0,series_of=563o,563,images/pages-recto/567o.png,images/archive-original/1280-1289 III (1286-89)/567o.jpg,1280-1289 III (1286-89),1,native,0,1656,2339,Algemeen Rijksarchief Den Haag,Henegouwen,37,1288,03,21,,0,0
568,568m.jpg,verso,0,verso,563,images/pages-verso/568m.png,images/archive-original/1280-1289 III (1286-89)/568m.jpg,1280-1289 III (1286-89),,missing,0,1656,2339,Algemeen Rijksarchief Den Haag,Henegouwen,37,1288,03,21,,0,0
568,568o.jpg,recto,0,series_of=563o,563,images/pages-recto/568o.png,images/archive-original/1280-1289 III (1286-89)/568o.jpg,1280-1289 III (1286-89),1,native,0,1656,2339,Algemeen Rijksarchief Den Haag,Henegouwen,37,1288,03,21,,0,0
569,569m.jpg,verso,0,verso,563,images/pages-verso/569m.png,images/archive-original/1280-1289 III (1286-89)/569m.jpg,1280-1289 III (1286-89),,missing,0,1656,2339,Algemeen Rijksarchief Den Haag,Henegouwen,37,1288,03,21,,0,0
569,569o.jpg,recto,0,series_of=563o,563,images/pages-recto/569o.png,images/archive-original/1280-1289 III (1286-89)/569o.jpg,1280-1289 III (1286-89),1,native,0,2339,1656,Algemeen Rijksarchief Den Haag,Henegouwen,37,1288,03,21,,0,0
570,570m.jpg,verso,0,verso,,images/pages-verso/570m.png,images/archive-original/1280-1289 III (1286-89)/570m.jpg,1280-1289 III (1286-89),,missing,0,1656,2339,Rijsel,,,1288,04,30,,0,0
570,570o.jpg,recto,1,recto,,images/pages-recto/570o.png,images/archive-original/1280-1289 III (1286-89)/570o.jpg,1280-1289 III (1286-89),6,90-cw,1,2339,1656,Rijsel,,,1288,04,30,,0,0
571,571m.jpg,verso,0,verso,,images/pages-verso/571m.png,images/archive-original/1280-1289 III (1286-89)/571m.jpg,1280-1289 III (1286-89),,missing,0,1656,2339,Karmelieten Brugge,,,1288,02,18,,0,0
571,571o.jpg,recto,1,recto,,images/pages-recto/571o.png,images/archive-original/1280-1289 III (1286-89)/571o.jpg,1280-1289 III (1286-89),6,90-cw,1,2339,1656,Karmelieten Brugge,,,1288,02,18,,0,0
572,572m.jpg,verso,0,verso,,images/pages-verso/572m.png,images/archive-original/1280-1289 III (1286-89)/572m.jpg,1280-1289 III (1286-89),,missing,0,1656,2339,Rijksarchief Utrecht,Montfoort,n° 97,1288,01,31,,0,0
572,572o.jpg,recto,1,recto,,images/pages-recto/572o.png,images/archive-original/1280-1289 III (1286-89)/572o.jpg,1280-1289 III (1286-89),6,90-cw,1,2339,1656,Rijksarchief Utrecht,Montfoort,n° 97,1288,01,31,,0,0
573,573m.jpg,verso,0,verso,,images/pages-verso/573m.png,images/archive-original/1280-1289 III (1286-89)/573m.jpg,1280-1289 III (1286-89),,missing,0,1656,2339,Groot Seminarie Brugge,Ter Duinen,,1288,05,07,,0,0
573,573o.jpg,recto,1,recto,,images/pages-recto/573o.png,images/archive-original/1280-1289 III (1286-89)/573o.jpg,1280-1289 III (1286-89),6,90-cw,1,2339,1656,Groot Seminarie Brugge,Ter Duinen,,1288,05,07,,0,0
574,574m.jpg,verso,0,verso,,images/pages-verso/574m.png,images/archive-original/1280-1289 III (1286-89)/574m.jpg,1280-1289 III (1286-89),,missing,0,1656,2339,Groot Seminarie Brugge,Ter Duinen,,1288,05,07,,0,0
574,574o.jpg,recto,0,neardup_of=573o,,images/pages-recto/574o.png,images/archive-original/1280-1289 III (1286-89)/574o.jpg,1280-1289 III (1286-89),6,90-cw,1,2339,1656,Groot Seminarie Brugge,Ter Duinen,,1288,05,07,,0,0
575,575m.jpg,verso,0,verso,,images/pages-verso/575m.png,images/archive-original/1280-1289 III (1286-89)/575m.jpg,1280-1289 III (1286-89),,missing,0,1656,2339,Groot Seminarie Brugge,Ter Duinen,,1288,05,07,,0,0
575,575o.jpg,recto,0,neardup_of=573o,,images/pages-recto/575o.png,images/archive-original/1280-1289 III (1286-89)/575o.jpg,1280-1289 III (1286-89),6,90-cw,1,2339,1656,Groot Seminarie Brugge,Ter Duinen,,1288,05,07,,0,0
576,576m.jpg,verso,0,verso,,images/pages-verso/576m.png,images/archive-original/1280-1289 III (1286-89)/576m.jpg,1280-1289 III (1286-89),1,native,0,1656,2339,Groot Seminarie Brugge,Ter Duinen,,1288,05,07,,0,0
576,576o.jpg,recto,0,neardup_of=573o,,images/pages-recto/576o.png,images/archive-original/1280-1289 III (1286-89)/576o.jpg,1280-1289 III (1286-89),6,90-cw,1,2339,1656,Groot Seminarie Brugge,Ter Duinen,,1288,05,07,,0,0
577,577m.jpg,verso,0,verso,,images/pages-verso/577m.png,images/archive-original/1280-1289 III (1286-89)/577m.jpg,1280-1289 III (1286-89),,missing,0,1656,2339,Groot Seminarie Brugge,Ter Duinen,,1288,05,07,,0,0
577,577o.jpg,recto,0,neardup_of=573o,,images/pages-recto/577o.png,images/archive-original/1280-1289 III (1286-89)/577o.jpg,1280-1289 III (1286-89),6,90-cw,1,2339,1656,Groot Seminarie Brugge,Ter Duinen,,1288,05,07,,0,0
578,578m.jpg,verso,0,verso,,images/pages-verso/578m.png,images/archive-original/1280-1289 III (1286-89)/578m.jpg,1280-1289 III (1286-89),,missing,0,1656,2339,Groot Seminarie Brugge,Ter Duinen,,1288,05,07,,0,0
578,578o.jpg,recto,0,neardup_of=573o,,images/pages-recto/578o.png,images/archive-original/1280-1289 III (1286-89)/578o.jpg,1280-1289 III (1286-89),6,90-cw,1,2339,1656,Groot Seminarie Brugge,Ter Duinen,,1288,05,07,,0,0
579,579m.jpg,verso,0,verso,,images/pages-verso/579m.png,images/archive-original/1280-1289 III (1286-89)/579m.jpg,1280-1289 III (1286-89),,missing,0,1656,2339,Groot Seminarie Brugge,Ter Duinen,,1288,05,07,,0,0
579,579o.jpg,recto,0,neardup_of=573o,,images/pages-recto/579o.png,images/archive-original/1280-1289 III (1286-89)/579o.jpg,1280-1289 III (1286-89),6,90-cw,1,2339,1656,Groot Seminarie Brugge,Ter Duinen,,1288,05,07,,0,0
580,580m.jpg,verso,0,verso,,images/pages-verso/580m.png,images/archive-original/1280-1289 III (1286-89)/580m.jpg,1280-1289 III (1286-89),,missing,0,1656,2339,Groot Seminarie Brugge,Ter Duinen,,1288,05,07,,0,0
580,580o.jpg,recto,0,neardup_of=573o,,images/pages-recto/580o.png,images/archive-original/1280-1289 III (1286-89)/580o.jpg,1280-1289 III (1286-89),6,90-cw,1,2339,1656,Groot Seminarie Brugge,Ter Duinen,,1288,05,07,,0,0
581,581m.jpg,verso,0,verso,,images/pages-verso/581m.png,images/archive-original/1280-1289 III (1286-89)/581m.jpg,1280-1289 III (1286-89),6,90-cw,1,2024,1436,Groot Seminarie Brugge,Ter Duinen,,1289,04,23,,0,0
581,581o.jpg,recto,1,recto,,images/pages-recto/581o.png,images/archive-original/1280-1289 III (1286-89)/581o.jpg,1280-1289 III (1286-89),6,90-cw,1,2024,1436,Groot Seminarie Brugge,Ter Duinen,,1289,04,23,,0,0
582,582m.jpg,verso,0,verso,,images/pages-verso/582m.png,images/archive-original/1280-1289 III (1286-89)/582m.jpg,1280-1289 III (1286-89),6,90-cw,1,2024,1436,Groot Seminarie Brugge,Ter Duinen,,1289,03,16,,0,0
582,582o.jpg,recto,1,recto,,images/pages-recto/582o.png,images/archive-original/1280-1289 III (1286-89)/582o.jpg,1280-1289 III (1286-89),6,90-cw,1,2024,1436,Groot Seminarie Brugge,Ter Duinen,,1289,03,16,,0,0
583,583m.jpg,verso,0,verso,,images/pages-verso/583m.png,images/archive-original/1280-1289 III (1286-89)/583m.jpg,1280-1289 III (1286-89),,missing,0,1436,2024,Sint-Janshospitaal Brugge,,,1289,03,04,,0,0
583,583o.jpg,recto,1,recto,,images/pages-recto/583o.png,images/archive-original/1280-1289 III (1286-89)/583o.jpg,1280-1289 III (1286-89),6,90-cw,1,2024,1436,Sint-Janshospitaal Brugge,,,1289,03,04,,0,0
584,584m.jpg,verso,0,verso,,images/pages-verso/584m.png,images/archive-original/1280-1289 III (1286-89)/584m.jpg,1280-1289 III (1286-89),,missing,0,1436,2024,Sint-Janshospitaal Brugge,,,1289,03,05,,0,0
584,584o.jpg,recto,1,recto,,images/pages-recto/584o.png,images/archive-original/1280-1289 III (1286-89)/584o.jpg,1280-1289 III (1286-89),6,90-cw,1,2024,1436,Sint-Janshospitaal Brugge,,,1289,03,05,,0,0
585,585m.jpg,verso,0,verso,,images/pages-verso/585m.png,images/archive-original/1280-1289 III (1286-89)/585m.jpg,1280-1289 III (1286-89),,missing,0,1436,2024,Sint-Janshospitaal Brugge,,,1289,03,26,,0,0
585,585o.jpg,recto,1,recto,,images/pages-recto/585o.png,images/archive-original/1280-1289 III (1286-89)/585o.jpg,1280-1289 III (1286-89),6,90-cw,1,2024,1436,Sint-Janshospitaal Brugge,,,1289,03,26,,0,0
586,586m.jpg,verso,0,verso,,images/pages-verso/586m.png,images/archive-original/1280-1289 III (1286-89)/586m.jpg,1280-1289 III (1286-89),,missing,0,1436,2024,Sint-Janshospitaal Brugge,,,1289,04,25,,0,0
586,586o.jpg,recto,1,recto,,images/pages-recto/586o.png,images/archive-original/1280-1289 III (1286-89)/586o.jpg,1280-1289 III (1286-89),6,90-cw,1,2024,1436,Sint-Janshospitaal Brugge,,,1289,04,25,,0,0
587,587m.jpg,verso,0,verso,,images/pages-verso/587m.png,images/archive-original/1280-1289 III (1286-89)/587m.jpg,1280-1289 III (1286-89),,missing,0,1436,2024,Sint-Janshospitaal Brugge,,,1289,04,29,,0,0
587,587o.jpg,recto,1,recto,,images/pages-recto/587o.png,images/archive-original/1280-1289 III (1286-89)/587o.jpg,1280-1289 III (1286-89),6,90-cw,1,2024,1436,Sint-Janshospitaal Brugge,,,1289,04,29,,0,0
588,588m.jpg,verso,0,verso,,images/pages-verso/588m.png,images/archive-original/1280-1289 III (1286-89)/588m.jpg,1280-1289 III (1286-89),,missing,0,1436,2024,Sint-Janshospitaal Brugge,,,1289,05,06,,0,0
588,588o.jpg,recto,1,recto,,images/pages-recto/588o.png,images/archive-original/1280-1289 III (1286-89)/588o.jpg,1280-1289 III (1286-89),6,90-cw,1,2024,1436,Sint-Janshospitaal Brugge,,,1289,05,06,,0,0
589,589m.jpg,verso,0,verso,,images/pages-verso/589m.png,images/archive-original/1280-1289 III (1286-89)/589m.jpg,1280-1289 III (1286-89),,missing,0,1436,2024,Sint-Janshospitaal Brugge,,,1289,06,11,,0,0
589,589o.jpg,recto,1,recto,,images/pages-recto/589o.png,images/archive-original/1280-1289 III (1286-89)/589o.jpg,1280-1289 III (1286-89),6,90-cw,1,2024,1436,Sint-Janshospitaal Brugge,,,1289,06,11,,0,0
590,590m.jpg,verso,0,verso,,images/pages-verso/590m.png,images/archive-original/1280-1289 III (1286-89)/590m.jpg,1280-1289 III (1286-89),,missing,0,1436,2024,Sint-Janshospitaal Brugge,,,1289,09,10,,0,0
590,590o.jpg,recto,1,recto,,images/pages-recto/590o.png,images/archive-original/1280-1289 III (1286-89)/590o.jpg,1280-1289 III (1286-89),6,90-cw,1,2024,1436,Sint-Janshospitaal Brugge,,,1289,09,10,,0,0
591,591m.jpg,verso,0,verso,,images/pages-verso/591m.png,images/archive-original/1280-1289 III (1286-89)/591m.jpg,1280-1289 III (1286-89),,missing,0,1436,2024,Sint-Janshospitaal Brugge,,,1289,09,21,,0,0
591,591o.jpg,recto,1,recto,,images/pages-recto/591o.png,images/archive-original/1280-1289 III (1286-89)/591o.jpg,1280-1289 III (1286-89),6,90-cw,1,2024,1436,Sint-Janshospitaal Brugge,,,1289,09,21,,0,0
592,592m.jpg,verso,0,verso,,images/pages-verso/592m.png,images/archive-original/1280-1289 III (1286-89)/592m.jpg,1280-1289 III (1286-89),,missing,0,1436,2024,Sint-Janshospitaal Brugge,,,1289,10,xx,,0,0
592,592o.jpg,recto,1,recto,,images/pages-recto/592o.png,images/archive-original/1280-1289 III (1286-89)/592o.jpg,1280-1289 III (1286-89),6,90-cw,1,2024,1436,Sint-Janshospitaal Brugge,,,1289,10,xx,,0,0
593,593m.jpg,verso,0,verso,,images/pages-verso/593m.png,images/archive-original/1280-1289 III (1286-89)/593m.jpg,1280-1289 III (1286-89),,missing,0,1436,2024,Sint-Janshospitaal Brugge,,,1289,11,29,,0,0
593,593o.jpg,recto,1,recto,,images/pages-recto/593o.png,images/archive-original/1280-1289 III (1286-89)/593o.jpg,1280-1289 III (1286-89),6,90-cw,1,2024,1436,Sint-Janshospitaal Brugge,,,1289,11,29,,0,0
594,594m.jpg,verso,0,verso,,images/pages-verso/594m.png,images/archive-original/1280-1289 III (1286-89)/594m.jpg,1280-1289 III (1286-89),6,90-cw,1,2024,1436,Potterie Brugge,,,1289,12,24,,0,0
594,594o.jpg,recto,1,recto,,images/pages-recto/594o.png,images/archive-original/1280-1289 III (1286-89)/594o.jpg,1280-1289 III (1286-89),6,90-cw,1,2024,1436,Potterie Brugge,,,1289,12,24,,0,0
595,595m.jpg,verso,0,verso,,images/pages-verso/595m.png,images/archive-original/1280-1289 III (1286-89)/595m.jpg,1280-1289 III (1286-89),6,90-cw,1,2024,1436,Potterie Brugge,,,1289,10,14,,0,0
595,595o.jpg,recto,1,recto,,images/pages-recto/595o.png,images/archive-original/1280-1289 III (1286-89)/595o.jpg,1280-1289 III (1286-89),6,90-cw,1,2024,1436,Potterie Brugge,,,1289,10,14,,0,0
596,596m.jpg,verso,0,verso,,images/pages-verso/596m.png,images/archive-original/1280-1289 III (1286-89)/596m.jpg,1280-1289 III (1286-89),6,90-cw,1,2024,1436,Potterie Brugge,,,1289,10,04,,0,0
596,596o.jpg,recto,1,recto,,images/pages-recto/596o.png,images/archive-original/1280-1289 III (1286-89)/596o.jpg,1280-1289 III (1286-89),6,90-cw,1,2024,1436,Potterie Brugge,,,1289,10,04,,0,0
597,597m.jpg,verso,0,verso,,images/pages-verso/597m.png,images/archive-original/1280-1289 III (1286-89)/597m.jpg,1280-1289 III (1286-89),6,90-cw,1,2024,1436,Potterie Brugge,,,1289,07,03,,0,0
597,597o.jpg,recto,1,recto,,images/pages-recto/597o.png,images/archive-original/1280-1289 III (1286-89)/597o.jpg,1280-1289 III (1286-89),6,90-cw,1,2024,1436,Potterie Brugge,,,1289,07,03,,0,0
598,598m.jpg,verso,0,verso,,images/pages-verso/598m.png,images/archive-original/1280-1289 III (1286-89)/598m.jpg,1280-1289 III (1286-89),6,90-cw,1,2024,1436,Potterie Brugge,,,1289,05,06,,0,0
598,598o.jpg,recto,1,recto,,images/pages-recto/598o.png,images/archive-original/1280-1289 III (1286-89)/598o.jpg,1280-1289 III (1286-89),6,90-cw,1,2024,1436,Potterie Brugge,,,1289,05,06,,0,0
599,599m.jpg,verso,0,verso,,images/pages-verso/599m.png,images/archive-original/1280-1289 III (1286-89)/599m.jpg,1280-1289 III (1286-89),6,90-cw,1,2024,1436,Potterie Brugge,,,1289,03,19,,0,0
599,599o.jpg,recto,1,recto,,images/pages-recto/599o.png,images/archive-original/1280-1289 III (1286-89)/599o.jpg,1280-1289 III (1286-89),6,90-cw,1,2024,1436,Potterie Brugge,,,1289,03,19,,0,0
600,600m.jpg,verso,0,verso,,images/pages-verso/600m.png,images/archive-original/1280-1289 III (1286-89)/600m.jpg,1280-1289 III (1286-89),6,90-cw,1,2024,1436,AB Mechelen,Blijdenberg,,1289,09,21,,0,0
600,600o.jpg,recto,1,recto,,images/pages-recto/600o.png,images/archive-original/1280-1289 III (1286-89)/600o.jpg,1280-1289 III (1286-89),6,90-cw,1,2024,1436,AB Mechelen,Blijdenberg,,1289,09,21,,0,0
601,601m.jpg,verso,0,verso,,images/pages-verso/601m.png,images/archive-original/1280-1289 III (1286-89)/601m.jpg,1280-1289 III (1286-89),6,90-cw,1,2024,1436,AB Mechelen,Blijdenberg,,1289,08,31,,0,0
601,601o.jpg,recto,1,recto,,images/pages-recto/601o.png,images/archive-original/1280-1289 III (1286-89)/601o.jpg,1280-1289 III (1286-89),6,90-cw,1,2024,1436,AB Mechelen,Blijdenberg,,1289,08,31,,0,0
602,602m.jpg,verso,0,verso,,images/pages-verso/602m.png,images/archive-original/1280-1289 III (1286-89)/602m.jpg,1280-1289 III (1286-89),6,90-cw,1,2024,1436,AB Mechelen,Blijdenberg,,1289,02,24,,0,0
602,602o.jpg,recto,1,recto,,images/pages-recto/602o.png,images/archive-original/1280-1289 III (1286-89)/602o.jpg,1280-1289 III (1286-89),6,90-cw,1,2024,1436,AB Mechelen,Blijdenberg,,1289,02,24,,0,0
603,603m.jpg,verso,0,verso,,images/pages-verso/603m.png,images/archive-original/1280-1289 III (1286-89)/603m.jpg,1280-1289 III (1286-89),6,90-cw,1,2024,1436,AB Mechelen,Blijdenberg,,1289,01,05,,0,0
603,603o.jpg,recto,1,recto,,images/pages-recto/603o.png,images/archive-original/1280-1289 III (1286-89)/603o.jpg,1280-1289 III (1286-89),6,90-cw,1,2024,1436,AB Mechelen,Blijdenberg,,1289,01,05,,0,0
604,604m.jpg,verso,0,verso,,images/pages-verso/604m.png,images/archive-original/1280-1289 III (1286-89)/604m.jpg,1280-1289 III (1286-89),6,90-cw,1,2024,1436,C.O.O. Brugge,Begijnhof,,1289,11,30,,0,0
604,604o.jpg,recto,1,recto,,images/pages-recto/604o.png,images/archive-original/1280-1289 III (1286-89)/604o.jpg,1280-1289 III (1286-89),6,90-cw,1,2024,1436,C.O.O. Brugge,Begijnhof,,1289,11,30,,0,0
605,605m.jpg,verso,0,verso,,images/pages-verso/605m.png,images/archive-original/1280-1289 III (1286-89)/605m.jpg,1280-1289 III (1286-89),6,90-cw,1,2024,1436,C.O.O. Brugge,Begijnhof,,1289,05,21,,0,0
605,605o.jpg,recto,1,recto,,images/pages-recto/605o.png,images/archive-original/1280-1289 III (1286-89)/605o.jpg,1280-1289 III (1286-89),6,90-cw,1,2024,1436,C.O.O. Brugge,Begijnhof,,1289,05,21,,0,0
606,606m.jpg,verso,0,verso,,images/pages-verso/606m.png,images/archive-original/1280-1289 III (1286-89)/606m.jpg,1280-1289 III (1286-89),6,90-cw,1,2024,1436,C.O.O. Brugge,Magdalenahospitaal,,1289,04,29,,0,0
606,606o.jpg,recto,1,recto,,images/pages-recto/606o.png,images/archive-original/1280-1289 III (1286-89)/606o.jpg,1280-1289 III (1286-89),6,90-cw,1,2024,1436,C.O.O. Brugge,Magdalenahospitaal,,1289,04,29,,0,0
607,607m.jpg,verso,0,verso,,images/pages-verso/607m.png,images/archive-original/1280-1289 III (1286-89)/607m.jpg,1280-1289 III (1286-89),6,90-cw,1,2024,1436,C.O.O. Brugge,Begijnhof,,1289,02,04,,0,0
607,607o.jpg,recto,1,recto,,images/pages-recto/607o.png,images/archive-original/1280-1289 III (1286-89)/607o.jpg,1280-1289 III (1286-89),6,90-cw,1,2024,1436,C.O.O. Brugge,Begijnhof,,1289,02,04,,0,0
608,608m.jpg,verso,0,verso,,images/pages-verso/608m.png,images/archive-original/1280-1289 III (1286-89)/608m.jpg,1280-1289 III (1286-89),6,90-cw,1,2024,1436,Spermalie Brugge,,,1289,12,17,,0,0
608,608o.jpg,recto,1,recto,,images/pages-recto/608o.png,images/archive-original/1280-1289 III (1286-89)/608o.jpg,1280-1289 III (1286-89),6,90-cw,1,2024,1436,Spermalie Brugge,,,1289,12,17,,0,0
609,609m.jpg,verso,0,verso,,images/pages-verso/609m.png,images/archive-original/1280-1289 III (1286-89)/609m.jpg,1280-1289 III (1286-89),6,90-cw,1,2024,1436,ARA Brussel,Kerkelijk fonds,12546,1289,12,18,,0,0
609,609o.jpg,recto,1,recto,,images/pages-recto/609o.png,images/archive-original/1280-1289 III (1286-89)/609o.jpg,1280-1289 III (1286-89),6,90-cw,1,2024,1436,ARA Brussel,Kerkelijk fonds,12546,1289,12,18,,0,0
610,610m.jpg,verso,0,verso,,images/pages-verso/610m.png,images/archive-original/1280-1289 III (1286-89)/610m.jpg,1280-1289 III (1286-89),6,90-cw,1,2024,1436,Grimbergen,,,1289,12,02,,0,0
610,610o.jpg,recto,1,recto,,images/pages-recto/610o.png,images/archive-original/1280-1289 III (1286-89)/610o.jpg,1280-1289 III (1286-89),6,90-cw,1,2024,1436,Grimbergen,,,1289,12,02,,0,0
611,611m.jpg,verso,0,verso,,images/pages-verso/611m.png,images/archive-original/1280-1289 III (1286-89)/611m.jpg,1280-1289 III (1286-89),6,90-cw,1,2024,1436,Bisdom Brugge,Urbanisten,,1289,05,14,,0,0
611,611o.jpg,recto,1,recto,,images/pages-recto/611o.png,images/archive-original/1280-1289 III (1286-89)/611o.jpg,1280-1289 III (1286-89),6,90-cw,1,2024,1436,Bisdom Brugge,Urbanisten,,1289,05,14,,0,0
612,612m.jpg,verso,0,verso,,images/pages-verso/612m.png,images/archive-original/1280-1289 III (1286-89)/612m.jpg,1280-1289 III (1286-89),6,90-cw,1,1654,1168,RA Gent,hospitaal Aalst,,1289,01,30,,0,0
612,612o.jpg,recto,1,recto,,images/pages-recto/612o.png,images/archive-original/1280-1289 III (1286-89)/612o.jpg,1280-1289 III (1286-89),6,90-cw,1,1654,1168,RA Gent,hospitaal Aalst,,1289,01,30,,0,0
613,613m.jpg,verso,0,verso,,images/pages-verso/613m.png,images/archive-original/1280-1289 III (1286-89)/613m.jpg,1280-1289 III (1286-89),6,90-cw,1,1654,1168,RA Gent,Oosteeklo,,1289,08,29,,0,0
613,613o.jpg,recto,1,recto,,images/pages-recto/613o.png,images/archive-original/1280-1289 III (1286-89)/613o.jpg,1280-1289 III (1286-89),6,90-cw,1,1654,1168,RA Gent,Oosteeklo,,1289,08,29,,0,0
614,614m.jpg,verso,0,verso,,images/pages-verso/614m.png,images/archive-original/1280-1289 III (1286-89)/614m.jpg,1280-1289 III (1286-89),6,90-cw,1,1654,1168,RA Gent,Rijke Gasthuis,,1289,03,06,,0,0
614,614o.jpg,recto,1,recto,,images/pages-recto/614o.png,images/archive-original/1280-1289 III (1286-89)/614o.jpg,1280-1289 III (1286-89),6,90-cw,1,1654,1168,RA Gent,Rijke Gasthuis,,1289,03,06,,0,0
615,615m.jpg,verso,0,verso,,images/pages-verso/615m.png,images/archive-original/1280-1289 III (1286-89)/615m.jpg,1280-1289 III (1286-89),6,90-cw,1,1654,1168,RA Gent,Sint-Baafs,,1289,06,19,,0,0
615,615o.jpg,recto,1,recto,,images/pages-recto/615o.png,images/archive-original/1280-1289 III (1286-89)/615o.jpg,1280-1289 III (1286-89),6,90-cw,1,1654,1168,RA Gent,Sint-Baafs,,1289,06,19,,0,0
616,616m.jpg,verso,0,verso,,images/pages-verso/616m.png,images/archive-original/1280-1289 III (1286-89)/616m.jpg,1280-1289 III (1286-89),6,90-cw,1,1654,1168,RA Gent,Rijke Gasthuis,,1289,02,20,,0,0
616,616o.jpg,recto,1,recto,,images/pages-recto/616o.png,images/archive-original/1280-1289 III (1286-89)/616o.jpg,1280-1289 III (1286-89),6,90-cw,1,1654,1168,RA Gent,Rijke Gasthuis,,1289,02,20,,0,0
617,617m.jpg,verso,0,verso,617,images/pages-verso/617m.png,images/archive-original/1280-1289 III (1286-89)/617m.jpg,1280-1289 III (1286-89),1,native,0,1656,2339,Algemeen Rijksarchief Den Haag,Nassause Domeinraad II,82,1289,12,30,,0,0
617,617o.jpg,recto,1,series_first,617,images/pages-recto/617o.png,images/archive-original/1280-1289 III (1286-89)/617o.jpg,1280-1289 III (1286-89),1,native,0,1656,2339,Algemeen Rijksarchief Den Haag,Nassause Domeinraad II,82,1289,12,30,,0,0
618,618m.jpg,verso,0,verso,617,images/pages-verso/618m.png,images/archive-original/1280-1289 III (1286-89)/618m.jpg,1280-1289 III (1286-89),,missing,0,1656,2339,Algemeen Rijksarchief Den Haag,Nassause Domeinraad II,82,1289,12,30,,0,0
618,618o.jpg,recto,0,series_of=617o,617,images/pages-recto/618o.png,images/archive-original/1280-1289 III (1286-89)/618o.jpg,1280-1289 III (1286-89),1,native,0,1656,2339,Algemeen Rijksarchief Den Haag,Nassause Domeinraad II,82,1289,12,30,,0,0
619,619m.jpg,verso,0,verso,617,images/pages-verso/619m.png,images/archive-original/1280-1289 III (1286-89)/619m.jpg,1280-1289 III (1286-89),,missing,0,1656,2339,Algemeen Rijksarchief Den Haag,Nassause Domeinraad II,82,1289,12,30,,0,0
619,619o.jpg,recto,0,series_of=617o,617,images/pages-recto/619o.png,images/archive-original/1280-1289 III (1286-89)/619o.jpg,1280-1289 III (1286-89),1,native,0,1656,2339,Algemeen Rijksarchief Den Haag,Nassause Domeinraad II,82,1289,12,30,,0,0
620,620m.jpg,verso,0,verso,617,images/pages-verso/620m.png,images/archive-original/1280-1289 III (1286-89)/620m.jpg,1280-1289 III (1286-89),,missing,0,1656,2339,Algemeen Rijksarchief Den Haag,Nassause Domeinraad II,82,1289,12,30,,0,0
620,620o.jpg,recto,0,series_of=617o,617,images/pages-recto/620o.png,images/archive-original/1280-1289 III (1286-89)/620o.jpg,1280-1289 III (1286-89),1,native,0,1656,2339,Algemeen Rijksarchief Den Haag,Nassause Domeinraad II,82,1289,12,30,,0,0
621,621m.jpg,verso,0,verso,,images/pages-verso/621m.png,images/archive-original/1280-1289 III (1286-89)/621m.jpg,1280-1289 III (1286-89),,missing,0,1656,2339,Algemeen Rijksarchief Den Haag,Nedersticht,,1289,xx,xx,,0,0
621,621o.jpg,recto,1,recto,,images/pages-recto/621o.png,images/archive-original/1280-1289 III (1286-89)/621o.jpg,1280-1289 III (1286-89),1,native,0,2339,1656,Algemeen Rijksarchief Den Haag,Nedersticht,,1289,xx,xx,,0,0
622,622m.jpg,verso,0,verso,,images/pages-verso/622m.png,images/archive-original/1280-1289 III (1286-89)/622m.jpg,1280-1289 III (1286-89),,missing,0,1656,2339,Algemeen Rijksarchief Den Haag,Grafelijkheid,,1289,03,01,,0,0
622,622o.jpg,recto,1,recto,,images/pages-recto/622o.png,images/archive-original/1280-1289 III (1286-89)/622o.jpg,1280-1289 III (1286-89),1,native,0,2339,1656,Algemeen Rijksarchief Den Haag,Grafelijkheid,,1289,03,01,,0,1
623,623m.jpg,verso,0,verso,,images/pages-verso/623m.png,images/archive-original/1280-1289 III (1286-89)/623m.jpg,1280-1289 III (1286-89),,missing,0,1656,2339,Algemeen Rijksarchief Den Haag,Grafelijkheid,,1289,01,20,,0,0
623,623o.jpg,recto,1,recto,,images/pages-recto/623o.png,images/archive-original/1280-1289 III (1286-89)/623o.jpg,1280-1289 III (1286-89),1,native,0,2339,1656,Algemeen Rijksarchief Den Haag,Grafelijkheid,,1289,01,20,,0,1
624,624m.jpg,verso,0,verso,,images/pages-verso/624m.png,images/archive-original/1280-1289 III (1286-89)/624m.jpg,1280-1289 III (1286-89),,missing,0,1656,2339,Algemeen Rijksarchief Den Haag,van Nispen,73,1289,08,22,,0,0
624,624o.jpg,recto,1,recto,,images/pages-recto/624o.png,images/archive-original/1280-1289 III (1286-89)/624o.jpg,1280-1289 III (1286-89),6,90-cw,1,2339,1656,Algemeen Rijksarchief Den Haag,van Nispen,73,1289,08,22,,0,0
625,625m.jpg,verso,0,verso,,images/pages-verso/625m.png,images/archive-original/1280-1289 III (1286-89)/625m.jpg,1280-1289 III (1286-89),,missing,0,1656,2339,COO Brussel,Ter Kisten,,1289,07,10,,0,0
625,625o.jpg,recto,1,recto,,images/pages-recto/625o.png,images/archive-original/1280-1289 III (1286-89)/625o.jpg,1280-1289 III (1286-89),6,90-cw,1,2339,1656,COO Brussel,Ter Kisten,,1289,07,10,,0,0
626,626m.jpg,verso,0,verso,,images/pages-verso/626m.png,images/archive-original/1280-1289 III (1286-89)/626m.jpg,1280-1289 III (1286-89),,missing,0,1656,2339,Gemeentearchief Utrecht,,n° 276,1289,12,12,,0,0
626,626o.jpg,recto,1,recto,,images/pages-recto/626o.png,images/archive-original/1280-1289 III (1286-89)/626o.jpg,1280-1289 III (1286-89),,missing,0,1656,2339,Gemeentearchief Utrecht,,n° 276,1289,12,12,,0,0
627,627m.jpg,verso,0,verso,,images/pages-verso/627m.png,images/archive-original/1280-1289 III (1286-89)/627m.jpg,1280-1289 III (1286-89),,missing,0,1656,2339,Gemeentearchief Utrecht,,n° 64,1289,12,12,,0,0
627,627o.jpg,recto,1,recto,,images/pages-recto/627o.png,images/archive-original/1280-1289 III (1286-89)/627o.jpg,1280-1289 III (1286-89),6,90-cw,1,2339,1656,Gemeentearchief Utrecht,,n° 64,1289,12,12,,0,0
628,628m.jpg,verso,0,verso,,images/pages-verso/628m.png,images/archive-original/1280-1289 III (1286-89)/628m.jpg,1280-1289 III (1286-89),,missing,0,1656,2339,Nedersticht,OB II,680,1289,11,20,Deze informatie staat op de voorzijde (628o).,0,0
628,628o.jpg,recto,1,recto,,images/pages-recto/628o.png,images/archive-original/1280-1289 III (1286-89)/628o.jpg,1280-1289 III (1286-89),1,native,0,2339,1656,Nedersticht,OB II,680,1289,11,20,Deze informatie staat op de voorzijde (628o).,0,1
1000,1000m.jpg,verso,0,verso,,images/pages-verso/1000m.png,images/archive-original/1290-1300 I/1000m.jpg,1290-1300 I,6,90-cw,1,2024,1436,C.O.O. Brugge,Magdalenahospitaal,,1290,06,01,,0,0
1000,1000o.jpg,recto,1,recto,,images/pages-recto/1000o.png,images/archive-original/1290-1300 I/1000o.jpg,1290-1300 I,6,90-cw,1,2024,1436,C.O.O. Brugge,Magdalenahospitaal,,1290,06,01,,0,0
1001,1001m.jpg,verso,0,verso,,images/pages-verso/1001m.png,images/archive-original/1290-1300 I/1001m.jpg,1290-1300 I,6,90-cw,1,2024,1436,C.O.O. Brugge,Magdalenahospitaal,,1290,03,11,,0,0
1001,1001o.jpg,recto,1,recto,,images/pages-recto/1001o.png,images/archive-original/1290-1300 I/1001o.jpg,1290-1300 I,6,90-cw,1,2024,1436,C.O.O. Brugge,Magdalenahospitaal,,1290,03,11,,0,0
1002,1002m.jpg,verso,0,verso,,images/pages-verso/1002m.png,images/archive-original/1290-1300 I/1002m.jpg,1290-1300 I,6,90-cw,1,2024,1436,C.O.O. Brugge,Begijnhof,,1290,03,04,,0,0
1002,1002o.jpg,recto,1,recto,,images/pages-recto/1002o.png,images/archive-original/1290-1300 I/1002o.jpg,1290-1300 I,6,90-cw,1,2024,1436,C.O.O. Brugge,Begijnhof,,1290,03,04,,0,0
1003,1003m.jpg,verso,0,verso,,images/pages-verso/1003m.png,images/archive-original/1290-1300 I/1003m.jpg,1290-1300 I,6,90-cw,1,2024,1436,C.O.O. Brugge,Magdalenahospitaal,,1300,08,20,,0,0
1003,1003o.jpg,recto,1,recto,,images/pages-recto/1003o.png,images/archive-original/1290-1300 I/1003o.jpg,1290-1300 I,6,90-cw,1,2024,1436,C.O.O. Brugge,Magdalenahospitaal,,1300,08,20,,0,0
1004,1004m.jpg,verso,0,verso,,images/pages-verso/1004m.png,images/archive-original/1290-1300 I/1004m.jpg,1290-1300 I,6,90-cw,1,2024,1436,SA Gent,Groot Begijnhof,,1298,02,25,,0,0
1004,1004o.jpg,recto,1,recto,,images/pages-recto/1004o.png,images/archive-original/1290-1300 I/1004o.jpg,1290-1300 I,6,90-cw,1,2024,1436,SA Gent,Groot Begijnhof,,1298,02,25,,0,0
1005,1005m.jpg,verso,0,verso,,images/pages-verso/1005m.png,images/archive-original/1290-1300 I/1005m.jpg,1290-1300 I,6,90-cw,1,2024,1436,SA Gent,Poortakker,,1296,12,13,,0,0
1005,1005o.jpg,recto,1,recto,,images/pages-recto/1005o.png,images/archive-original/1290-1300 I/1005o.jpg,1290-1300 I,6,90-cw,1,2024,1436,SA Gent,Poortakker,,1296,12,13,,0,0
1006,1006m.jpg,verso,0,verso,,images/pages-verso/1006m.png,images/archive-original/1290-1300 I/1006m.jpg,1290-1300 I,6,90-cw,1,2024,1436,SA Gent,Bijloke,,1293,06,22,,0,0
1006,1006o.jpg,recto,1,recto,,images/pages-recto/1006o.png,images/archive-original/1290-1300 I/1006o.jpg,1290-1300 I,6,90-cw,1,2024,1436,SA Gent,Bijloke,,1293,06,22,,0,0
1007,1007m.jpg,verso,0,verso,,images/pages-verso/1007m.png,images/archive-original/1290-1300 I/1007m.jpg,1290-1300 I,6,90-cw,1,2024,1436,SA Gent,Poortakker,,1292,03,xx,,0,0
1007,1007o.jpg,recto,1,recto,,images/pages-recto/1007o.png,images/archive-original/1290-1300 I/1007o.jpg,1290-1300 I,6,90-cw,1,2024,1436,SA Gent,Poortakker,,1292,03,xx,,0,0
1008,1008m.jpg,verso,0,verso,,images/pages-verso/1008m.png,images/archive-original/1290-1300 I/1008m.jpg,1290-1300 I,6,90-cw,1,2024,1436,SA Gent,Poortakker,,1291,02,26,,0,0
1008,1008o.jpg,recto,1,recto,,images/pages-recto/1008o.png,images/archive-original/1290-1300 I/1008o.jpg,1290-1300 I,6,90-cw,1,2024,1436,SA Gent,Poortakker,,1291,02,26,,0,0
1009,1009m.jpg,verso,0,verso,,images/pages-verso/1009m.png,images/archive-original/1290-1300 I/1009m.jpg,1290-1300 I,1,native,0,1436,2024,SA Gent,Hebbrechts hospitaal,,129x,xx,xx,,0,0
1009,1009o.jpg,recto,1,recto,,images/pages-recto/1009o.png,images/archive-original/1290-1300 I/1009o.jpg,1290-1300 I,6,90-cw,1,2024,1436,SA Gent,Hebbrechts hospitaal,,129x,xx,xx,,0,0
1010,1010m.jpg,verso,0,verso,,images/pages-verso/1010m.png,images/archive-original/1290-1300 I/1010m.jpg,1290-1300 I,6,90-cw,1,2024,1436,SA Antwerpen,K,1235,1299,05,02,,0,0
1010,1010o.jpg,recto,1,recto,,images/pages-recto/1010o.png,images/archive-original/1290-1300 I/1010o.jpg,1290-1300 I,6,90-cw,1,2024,1436,SA Antwerpen,K,1235,1299,05,02,,0,0
1011,1011m.jpg,verso,0,verso,,images/pages-verso/1011m.png,images/archive-original/1290-1300 I/1011m.jpg,1290-1300 I,6,90-cw,1,1654,1168,RA Gent,Sint-Pietersabdij,,1297,02,28,,0,0
1011,1011o.jpg,recto,1,recto,,images/pages-recto/1011o.png,images/archive-original/1290-1300 I/1011o.jpg,1290-1300 I,6,90-cw,1,1654,1168,RA Gent,Sint-Pietersabdij,,1297,02,28,,0,0
1012,1012m.jpg,verso,0,verso,,images/pages-verso/1012m.png,images/archive-original/1290-1300 I/1012m.jpg,1290-1300 I,6,90-cw,1,1654,1168,RA Gent,Rijke Klaren,,1292,03,18,,0,0
1012,1012o.jpg,recto,1,recto,,images/pages-recto/1012o.png,images/archive-original/1290-1300 I/1012o.jpg,1290-1300 I,6,90-cw,1,1654,1168,RA Gent,Rijke Klaren,,1292,03,18,,0,0
1013,1013m.jpg,verso,0,verso,,images/pages-verso/1013m.png,images/archive-original/1290-1300 I/1013m.jpg,1290-1300 I,6,90-cw,1,1654,1168,RA Gent,Rijke Klaren,,1293,06,01,,0,0
1013,1013o.jpg,recto,1,recto,,images/pages-recto/1013o.png,images/archive-original/1290-1300 I/1013o.jpg,1290-1300 I,6,90-cw,1,1654,1168,RA Gent,Rijke Klaren,,1293,06,01,,0,0
1014,1014m.jpg,verso,0,verso,,images/pages-verso/1014m.png,images/archive-original/1290-1300 I/1014m.jpg,1290-1300 I,6,90-cw,1,1654,1168,RA Gent,Rijke Klaren,,1293,06,04,,0,0
1014,1014o.jpg,recto,1,recto,,images/pages-recto/1014o.png,images/archive-original/1290-1300 I/1014o.jpg,1290-1300 I,6,90-cw,1,1654,1168,RA Gent,Rijke Klaren,,1293,06,04,,0,0
1015,1015m.jpg,verso,0,verso,,images/pages-verso/1015m.png,images/archive-original/1290-1300 I/1015m.jpg,1290-1300 I,6,90-cw,1,1654,1168,RA Gent,Sint-Pietersabdij,,1292,05,22,,0,0
1015,1015o.jpg,recto,1,recto,,images/pages-recto/1015o.png,images/archive-original/1290-1300 I/1015o.jpg,1290-1300 I,6,90-cw,1,1654,1168,RA Gent,Sint-Pietersabdij,,1292,05,22,,0,0
1016,1016m.jpg,verso,0,verso,,images/pages-verso/1016m.png,images/archive-original/1290-1300 I/1016m.jpg,1290-1300 I,6,90-cw,1,1654,1168,RA Gent,Sint-Niklaaskerk,,1294,10,01,,0,0
1016,1016o.jpg,recto,1,recto,,images/pages-recto/1016o.png,images/archive-original/1290-1300 I/1016o.jpg,1290-1300 I,6,90-cw,1,1654,1168,RA Gent,Sint-Niklaaskerk,,1294,10,01,,0,0
1017,1017m.jpg,verso,0,verso,,images/pages-verso/1017m.png,images/archive-original/1290-1300 I/1017m.jpg,1290-1300 I,6,90-cw,1,1654,1168,RA Gent,renteboek Sint-Niklaaskerk,,129x,xx,xx,,0,0
1017,1017o.jpg,recto,1,recto,,images/pages-recto/1017o.png,images/archive-original/1290-1300 I/1017o.jpg,1290-1300 I,1,native,0,1168,1654,RA Gent,renteboek Sint-Niklaaskerk,,129x,xx,xx,,0,0
1018,1018m.jpg,verso,0,verso,,images/pages-verso/1018m.png,images/archive-original/1290-1300 I/1018m.jpg,1290-1300 I,6,90-cw,1,1654,1168,RA Gent,Sint-Niklaaskerk,,1298,11,08,,0,0
1018,1018o.jpg,recto,1,recto,,images/pages-recto/1018o.png,images/archive-original/1290-1300 I/1018o.jpg,1290-1300 I,6,90-cw,1,1654,1168,RA Gent,Sint-Niklaaskerk,,1298,11,08,,0,0
1019,1019m.jpg,verso,0,verso,,images/pages-verso/1019m.png,images/archive-original/1290-1300 I/1019m.jpg,1290-1300 I,6,90-cw,1,1654,1168,RA Gent,Sint-Niklaaskerk,,1278,07,xx,,0,0
1019,1019o.jpg,recto,1,recto,,images/pages-recto/1019o.png,images/archive-original/1290-1300 I/1019o.jpg,1290-1300 I,6,90-cw,1,1654,1168,RA Gent,Sint-Niklaaskerk,,1278,07,xx,,0,0
1020,1020m.jpg,verso,0,verso,,images/pages-verso/1020m.png,images/archive-original/1290-1300 I/1020m.jpg,1290-1300 I,6,90-cw,1,1654,1168,RA Gent,Sint-Elizabeth,,1292,01,20,,0,0
1020,1020o.jpg,recto,1,recto,,images/pages-recto/1020o.png,images/archive-original/1290-1300 I/1020o.jpg,1290-1300 I,6,90-cw,1,1654,1168,RA Gent,Sint-Elizabeth,,1292,01,20,,0,0
1021,1021m.jpg,verso,0,verso,,images/pages-verso/1021m.png,images/archive-original/1290-1300 I/1021m.jpg,1290-1300 I,6,90-cw,1,1654,1168,RA Gent,Sint-Pietersabdij,,1298,09,10,,0,0
1021,1021o.jpg,recto,1,recto,,images/pages-recto/1021o.png,images/archive-original/1290-1300 I/1021o.jpg,1290-1300 I,6,90-cw,1,1654,1168,RA Gent,Sint-Pietersabdij,,1298,09,10,,0,0
1022,1022m.jpg,verso,0,verso,,images/pages-verso/1022m.png,images/archive-original/1290-1300 I/1022m.jpg,1290-1300 I,6,90-cw,1,1654,1168,RA Gent,Rijke Klaren,,1291,03,13,,0,0
1022,1022o.jpg,recto,1,recto,,images/pages-recto/1022o.png,images/archive-original/1290-1300 I/1022o.jpg,1290-1300 I,6,90-cw,1,1654,1168,RA Gent,Rijke Klaren,,1291,03,13,,0,0
1023,1023m.jpg,verso,0,verso,,images/pages-verso/1023m.png,images/archive-original/1290-1300 I/1023m.jpg,1290-1300 I,6,90-cw,1,1654,1168,RA Gent,Rijke Klaren,,1291,03,13,,0,0
1023,1023o.jpg,recto,1,recto,,images/pages-recto/1023o.png,images/archive-original/1290-1300 I/1023o.jpg,1290-1300 I,6,90-cw,1,1654,1168,RA Gent,Rijke Klaren,,1291,03,13,,0,0
1024,1024m.jpg,verso,0,verso,,images/pages-verso/1024m.png,images/archive-original/1290-1300 I/1024m.jpg,1290-1300 I,6,90-cw,1,1654,1168,RA Gent,Sint-Pietersabdij,,1294,10,29,,0,0
1024,1024o.jpg,recto,1,recto,,images/pages-recto/1024o.png,images/archive-original/1290-1300 I/1024o.jpg,1290-1300 I,6,90-cw,1,1654,1168,RA Gent,Sint-Pietersabdij,,1294,10,29,,0,0
1025,1025m.jpg,verso,0,verso,,images/pages-verso/1025m.png,images/archive-original/1290-1300 I/1025m.jpg,1290-1300 I,6,90-cw,1,1654,1168,RA Gent,Sint-Pietersabdij,,1297,04,16,,0,0
1025,1025o.jpg,recto,1,recto,,images/pages-recto/1025o.png,images/archive-original/1290-1300 I/1025o.jpg,1290-1300 I,6,90-cw,1,1654,1168,RA Gent,Sint-Pietersabdij,,1297,04,16,,0,0
1026,1026m.jpg,verso,0,verso,,images/pages-verso/1026m.png,images/archive-original/1290-1300 I/1026m.jpg,1290-1300 I,6,90-cw,1,1654,1168,RA Gent,Rijke Gasthuis,,1293,07,11,,0,0
1026,1026o.jpg,recto,1,recto,,images/pages-recto/1026o.png,images/archive-original/1290-1300 I/1026o.jpg,1290-1300 I,6,90-cw,1,1654,1168,RA Gent,Rijke Gasthuis,,1293,07,11,,0,0
1027,1027m.jpg,verso,0,verso,,images/pages-verso/1027m.png,images/archive-original/1290-1300 I/1027m.jpg,1290-1300 I,6,90-cw,1,1654,1168,RA Gent,Rijke Gasthuis,,129x,xx,xx,,0,0
1027,1027o.jpg,recto,1,recto,,images/pages-recto/1027o.png,images/archive-original/1290-1300 I/1027o.jpg,1290-1300 I,6,90-cw,1,1654,1168,RA Gent,Rijke Gasthuis,,129x,xx,xx,,0,0
1028,1028m.jpg,verso,0,verso,,images/pages-verso/1028m.png,images/archive-original/1290-1300 I/1028m.jpg,1290-1300 I,6,90-cw,1,1654,1168,RA Gent,Rijke Gasthuis,,1295,03,27,,0,0
1028,1028o.jpg,recto,1,recto,,images/pages-recto/1028o.png,images/archive-original/1290-1300 I/1028o.jpg,1290-1300 I,6,90-cw,1,1654,1168,RA Gent,Rijke Gasthuis,,1295,03,27,,0,0
1029,1029m.jpg,verso,0,verso,,images/pages-verso/1029m.png,images/archive-original/1290-1300 I/1029m.jpg,1290-1300 I,6,90-cw,1,1654,1168,RA Gent,Rijke Gasthuis,,1297,12,19,,0,0
1029,1029o.jpg,recto,1,recto,,images/pages-recto/1029o.png,images/archive-original/1290-1300 I/1029o.jpg,1290-1300 I,6,90-cw,1,1654,1168,RA Gent,Rijke Gasthuis,,1297,12,19,,0,0
1030,1030m.jpg,verso,0,verso,,images/pages-verso/1030m.png,images/archive-original/1290-1300 I/1030m.jpg,1290-1300 I,6,90-cw,1,1654,1168,RA Gent,Rijke Gasthuis,,1298,10,05,,0,0
1030,1030o.jpg,recto,1,recto,,images/pages-recto/1030o.png,images/archive-original/1290-1300 I/1030o.jpg,1290-1300 I,6,90-cw,1,1654,1168,RA Gent,Rijke Gasthuis,,1298,10,05,,0,0
1031,1031m.jpg,verso,0,verso,,images/pages-verso/1031m.png,images/archive-original/1290-1300 I/1031m.jpg,1290-1300 I,6,90-cw,1,1654,1168,RA Gent,Rijke Gasthuis,,1297,xx,xx,,0,0
1031,1031o.jpg,recto,1,recto,,images/pages-recto/1031o.png,images/archive-original/1290-1300 I/1031o.jpg,1290-1300 I,6,90-cw,1,1654,1168,RA Gent,Rijke Gasthuis,,1297,xx,xx,,0,0
1032,1032m.jpg,verso,0,verso,,images/pages-verso/1032m.png,images/archive-original/1290-1300 I/1032m.jpg,1290-1300 I,6,90-cw,1,1654,1168,RA Gent,Rijke Gasthuis,,1291,10,28,,0,0
1032,1032o.jpg,recto,1,recto,,images/pages-recto/1032o.png,images/archive-original/1290-1300 I/1032o.jpg,1290-1300 I,6,90-cw,1,1654,1168,RA Gent,Rijke Gasthuis,,1291,10,28,,0,0
1033,1033m.jpg,verso,0,verso,,images/pages-verso/1033m.png,images/archive-original/1290-1300 I/1033m.jpg,1290-1300 I,6,90-cw,1,1654,1168,RA Gent,Gaillard,773,12xx,xx,xx,,0,0
1033,1033o.jpg,recto,1,recto,,images/pages-recto/1033o.png,images/archive-original/1290-1300 I/1033o.jpg,1290-1300 I,6,90-cw,1,1654,1168,RA Gent,Gaillard,773,12xx,xx,xx,,0,0
1034,1034m.jpg,verso,0,verso,,images/pages-verso/1034m.png,images/archive-original/1290-1300 I/1034m.jpg,1290-1300 I,6,90-cw,1,1654,1168,RA Gent,chron. suppl. 272,,12xx,xx,xx,,0,0
1034,1034o.jpg,recto,1,recto,,images/pages-recto/1034o.png,images/archive-original/1290-1300 I/1034o.jpg,1290-1300 I,6,90-cw,1,1654,1168,RA Gent,chron. suppl. 272,,12xx,xx,xx,,0,0
1035,1035m.jpg,verso,0,verso,,images/pages-verso/1035m.png,images/archive-original/1290-1300 I/1035m.jpg,1290-1300 I,6,90-cw,1,1654,1168,RA Gent,de Ghellinck-Vaernewyck,,1292,12,10,,0,0
1035,1035o.jpg,recto,1,recto,,images/pages-recto/1035o.png,images/archive-original/1290-1300 I/1035o.jpg,1290-1300 I,6,90-cw,1,1654,1168,RA Gent,de Ghellinck-Vaernewyck,,1292,12,10,,0,0
1036,1036m.jpg,verso,0,verso,,images/pages-verso/1036m.png,images/archive-original/1290-1300 I/1036m.jpg,1290-1300 I,6,90-cw,1,1654,1168,RA Gent,Oosteeklo,,1292,11,14,,0,0
1036,1036o.jpg,recto,1,recto,,images/pages-recto/1036o.png,images/archive-original/1290-1300 I/1036o.jpg,1290-1300 I,6,90-cw,1,1654,1168,RA Gent,Oosteeklo,,1292,11,14,,0,0
1037,1037m.jpg,verso,0,verso,,images/pages-verso/1037m.png,images/archive-original/1290-1300 I/1037m.jpg,1290-1300 I,6,90-cw,1,1654,1168,RA Gent,Oosteeklo,,1292,11,15,,0,0
1037,1037o.jpg,recto,1,recto,,images/pages-recto/1037o.png,images/archive-original/1290-1300 I/1037o.jpg,1290-1300 I,6,90-cw,1,1654,1168,RA Gent,Oosteeklo,,1292,11,15,,0,0
1038,1038m.jpg,verso,0,verso,,images/pages-verso/1038m.png,images/archive-original/1290-1300 I/1038m.jpg,1290-1300 I,6,90-cw,1,1654,1168,RA Gent,Onze-Lieve-Vrouwkerk,,1292,01,11,,0,0
1038,1038o.jpg,recto,1,recto,,images/pages-recto/1038o.png,images/archive-original/1290-1300 I/1038o.jpg,1290-1300 I,6,90-cw,1,1654,1168,RA Gent,Onze-Lieve-Vrouwkerk,,1292,01,11,,0,0
1039,1039m.jpg,verso,0,verso,,images/pages-verso/1039m.png,images/archive-original/1290-1300 I/1039m.jpg,1290-1300 I,6,90-cw,1,1654,1168,RA Gent,Rijke Gasthuis,,1293,05,02,,0,0
1039,1039o.jpg,recto,1,recto,,images/pages-recto/1039o.png,images/archive-original/1290-1300 I/1039o.jpg,1290-1300 I,6,90-cw,1,1654,1168,RA Gent,Rijke Gasthuis,,1293,05,02,,0,0
1040,1040m.jpg,verso,0,verso,,images/pages-verso/1040m.png,images/archive-original/1290-1300 I/1040m.jpg,1290-1300 I,6,90-cw,1,1654,1168,RA Gent,Rijke Gasthuis,,1293,05,02,,0,0
1040,1040o.jpg,recto,1,recto,,images/pages-recto/1040o.png,images/archive-original/1290-1300 I/1040o.jpg,1290-1300 I,6,90-cw,1,1654,1168,RA Gent,Rijke Gasthuis,,1293,05,02,,0,0
1041,1041m.jpg,verso,0,verso,,images/pages-verso/1041m.png,images/archive-original/1290-1300 I/1041m.jpg,1290-1300 I,6,90-cw,1,1654,1168,RA Gent,chron. suppl. 162,,12xx,xx,xx,,0,0
1041,1041o.jpg,recto,1,recto,,images/pages-recto/1041o.png,images/archive-original/1290-1300 I/1041o.jpg,1290-1300 I,3,180,1,1168,1654,RA Gent,chron. suppl. 162,,12xx,xx,xx,,0,0
1042,1042m.jpg,verso,0,verso,,images/pages-verso/1042m.png,images/archive-original/1290-1300 I/1042m.jpg,1290-1300 I,6,90-cw,1,1654,1168,RA Gent,Saint-Genois,589,1291,04,26,,0,0
1042,1042o.jpg,recto,1,recto,,images/pages-recto/1042o.png,images/archive-original/1290-1300 I/1042o.jpg,1290-1300 I,6,90-cw,1,1654,1168,RA Gent,Saint-Genois,589,1291,04,26,,0,0
1043,1043m.jpg,verso,0,verso,,images/pages-verso/1043m.png,images/archive-original/1290-1300 I/1043m.jpg,1290-1300 I,6,90-cw,1,1654,1168,RA Gent,Saint-Genois,646,1292,08,01,,0,0
1043,1043o.jpg,recto,1,recto,,images/pages-recto/1043o.png,images/archive-original/1290-1300 I/1043o.jpg,1290-1300 I,6,90-cw,1,1654,1168,RA Gent,Saint-Genois,646,1292,08,01,,0,0
1044,1044m.jpg,verso,0,verso,,images/pages-verso/1044m.png,images/archive-original/1290-1300 I/1044m.jpg,1290-1300 I,6,90-cw,1,1654,1168,RA Gent,Gaillard,362,1293,03,06,,0,0
1044,1044o.jpg,recto,1,recto,,images/pages-recto/1044o.png,images/archive-original/1290-1300 I/1044o.jpg,1290-1300 I,6,90-cw,1,1654,1168,RA Gent,Gaillard,362,1293,03,06,,0,0
1045,1045m.jpg,verso,0,verso,,images/pages-verso/1045m.png,images/archive-original/1290-1300 I/1045m.jpg,1290-1300 I,6,90-cw,1,1654,1168,RA Gent,Gaillard,438,1294,01,13,,0,0
1045,1045o.jpg,recto,1,recto,,images/pages-recto/1045o.png,images/archive-original/1290-1300 I/1045o.jpg,1290-1300 I,6,90-cw,1,1654,1168,RA Gent,Gaillard,438,1294,01,13,,0,0
1046,1046m.jpg,verso,0,verso,,images/pages-verso/1046m.png,images/archive-original/1290-1300 I/1046m.jpg,1290-1300 I,6,90-cw,1,1654,1168,RA Gent,Saint-Genois,715,1294,04,04,,0,0
1046,1046o.jpg,recto,1,recto,,images/pages-recto/1046o.png,images/archive-original/1290-1300 I/1046o.jpg,1290-1300 I,6,90-cw,1,1654,1168,RA Gent,Saint-Genois,715,1294,04,04,,0,0
1047,1047m.jpg,verso,0,verso,,images/pages-verso/1047m.png,images/archive-original/1290-1300 I/1047m.jpg,1290-1300 I,6,90-cw,1,1654,1168,RA Gent,Sint-Veerle,,1296,08,31,,0,0
1047,1047o.jpg,recto,1,recto,,images/pages-recto/1047o.png,images/archive-original/1290-1300 I/1047o.jpg,1290-1300 I,6,90-cw,1,1654,1168,RA Gent,Sint-Veerle,,1296,08,31,,0,0
1048,1048m.jpg,verso,0,verso,,images/pages-verso/1048m.png,images/archive-original/1290-1300 I/1048m.jpg,1290-1300 I,6,90-cw,1,1654,1168,RA Gent,Sint-Veerle,,1296,09,18,,0,0
1048,1048o.jpg,recto,1,recto,,images/pages-recto/1048o.png,images/archive-original/1290-1300 I/1048o.jpg,1290-1300 I,6,90-cw,1,1654,1168,RA Gent,Sint-Veerle,,1296,09,18,,0,0
1049,1049m.jpg,verso,0,verso,,images/pages-verso/1049m.png,images/archive-original/1290-1300 I/1049m.jpg,1290-1300 I,6,90-cw,1,1654,1168,RA Gent,Sint-Veerle,,1298,12,15,,0,0
1049,1049o.jpg,recto,1,recto,,images/pages-recto/1049o.png,images/archive-original/1290-1300 I/1049o.jpg,1290-1300 I,6,90-cw,1,1654,1168,RA Gent,Sint-Veerle,,1298,12,15,,0,0
1050,1050m.jpg,verso,0,verso,,images/pages-verso/1050m.png,images/archive-original/1290-1300 I/1050m.jpg,1290-1300 I,6,90-cw,1,1654,1168,RA Gent,Sint-Veerle,,1298,10,06,,0,0
1050,1050o.jpg,recto,1,recto,,images/pages-recto/1050o.png,images/archive-original/1290-1300 I/1050o.jpg,1290-1300 I,6,90-cw,1,1654,1168,RA Gent,Sint-Veerle,,1298,10,06,,0,0
1051,1051m.jpg,verso,0,verso,,images/pages-verso/1051m.png,images/archive-original/1290-1300 I/1051m.jpg,1290-1300 I,6,90-cw,1,1654,1168,RA Gent,Sint-Veerle,,1298,10,14,,0,0
1051,1051o.jpg,recto,1,recto,,images/pages-recto/1051o.png,images/archive-original/1290-1300 I/1051o.jpg,1290-1300 I,6,90-cw,1,1654,1168,RA Gent,Sint-Veerle,,1298,10,14,,0,0
1052,1052m.jpg,verso,0,verso,,images/pages-verso/1052m.png,images/archive-original/1290-1300 I/1052m.jpg,1290-1300 I,6,90-cw,1,1654,1168,RA Gent,Nieuwenbosse,,1300,11,18,,0,0
1052,1052o.jpg,recto,1,recto,,images/pages-recto/1052o.png,images/archive-original/1290-1300 I/1052o.jpg,1290-1300 I,6,90-cw,1,1654,1168,RA Gent,Nieuwenbosse,,1300,11,18,,0,0
1053,1053m.jpg,verso,0,verso,,images/pages-verso/1053m.png,images/archive-original/1290-1300 I/1053m.jpg,1290-1300 I,6,90-cw,1,1654,1168,RA Gent,Zoetendale,,1296,12,19,,0,0
1053,1053o.jpg,recto,1,recto,,images/pages-recto/1053o.png,images/archive-original/1290-1300 I/1053o.jpg,1290-1300 I,6,90-cw,1,1654,1168,RA Gent,Zoetendale,,1296,12,19,,0,0
1054,1054m.jpg,verso,0,verso,,images/pages-verso/1054m.png,images/archive-original/1290-1300 I/1054m.jpg,1290-1300 I,6,90-cw,1,1654,1168,RA Gent,Saint-Genois,751,1295,03,08,,0,0
1054,1054o.jpg,recto,1,recto,,images/pages-recto/1054o.png,images/archive-original/1290-1300 I/1054o.jpg,1290-1300 I,6,90-cw,1,1654,1168,RA Gent,Saint-Genois,751,1295,03,08,,0,0
1055,1055m.jpg,verso,0,verso,,images/pages-verso/1055m.png,images/archive-original/1290-1300 I/1055m.jpg,1290-1300 I,6,90-cw,1,1654,1168,RA Gent,Gaillard,1065,1295,xx,xx,,0,0
1055,1055o.jpg,recto,1,recto,,images/pages-recto/1055o.png,images/archive-original/1290-1300 I/1055o.jpg,1290-1300 I,3,180,1,1168,1654,RA Gent,Gaillard,1065,1295,xx,xx,,0,0
1056,1056m.jpg,verso,0,verso,,images/pages-verso/1056m.png,images/archive-original/1290-1300 I/1056m.jpg,1290-1300 I,6,90-cw,1,1654,1168,RA Gent,Saint-Genois,1072,1295,xx,xx,,0,0
1056,1056o.jpg,recto,1,recto,,images/pages-recto/1056o.png,images/archive-original/1290-1300 I/1056o.jpg,1290-1300 I,6,90-cw,1,1654,1168,RA Gent,Saint-Genois,1072,1295,xx,xx,,0,0
1057,1057m.jpg,verso,0,verso,,images/pages-verso/1057m.png,images/archive-original/1290-1300 I/1057m.jpg,1290-1300 I,6,90-cw,1,1654,1168,RA Gent,Gaillard,82,1295,xx,xx,,0,0
1057,1057o.jpg,recto,1,recto,,images/pages-recto/1057o.png,images/archive-original/1290-1300 I/1057o.jpg,1290-1300 I,1,native,0,1168,1654,RA Gent,Gaillard,82,1295,xx,xx,,0,0
1058,1058m.jpg,verso,0,verso,,images/pages-verso/1058m.png,images/archive-original/1290-1300 I/1058m.jpg,1290-1300 I,6,90-cw,1,1654,1168,RA Gent,chron. suppl. 158,,129x,xx,xx,,0,0
1058,1058o.jpg,recto,1,recto,,images/pages-recto/1058o.png,images/archive-original/1290-1300 I/1058o.jpg,1290-1300 I,6,90-cw,1,1654,1168,RA Gent,chron. suppl. 158,,129x,xx,xx,,0,0
1059,1059m.jpg,verso,0,verso,,images/pages-verso/1059m.png,images/archive-original/1290-1300 I/1059m.jpg,1290-1300 I,6,90-cw,1,1654,1168,RA Gent,Gaillard,470,1298,05,23,,0,0
1059,1059o.jpg,recto,1,recto,,images/pages-recto/1059o.png,images/archive-original/1290-1300 I/1059o.jpg,1290-1300 I,6,90-cw,1,1654,1168,RA Gent,Gaillard,470,1298,05,23,,0,0
1060,1060m.jpg,verso,0,verso,,images/pages-verso/1060m.png,images/archive-original/1290-1300 I/1060m.jpg,1290-1300 I,6,90-cw,1,1654,1168,RA Gent,chron. suppl. 256,,1299,03,11,,0,0
1060,1060o.jpg,recto,1,recto,,images/pages-recto/1060o.png,images/archive-original/1290-1300 I/1060o.jpg,1290-1300 I,6,90-cw,1,1654,1168,RA Gent,chron. suppl. 256,,1299,03,11,,0,0
1061,1061m.jpg,verso,0,verso,,images/pages-verso/1061m.png,images/archive-original/1290-1300 I/1061m.jpg,1290-1300 I,6,90-cw,1,1654,1168,RA Gent,Saint-Genois,1001,1299,03,27,,0,0
1061,1061o.jpg,recto,1,recto,,images/pages-recto/1061o.png,images/archive-original/1290-1300 I/1061o.jpg,1290-1300 I,6,90-cw,1,1654,1168,RA Gent,Saint-Genois,1001,1299,03,27,,0,0
1062,1062m.jpg,verso,0,verso,,images/pages-verso/1062m.png,images/archive-original/1290-1300 I/1062m.jpg,1290-1300 I,6,90-cw,1,1654,1168,RA Gent,chron. suppl. 265,,1299,xx,xx,,0,0
1062,1062o.jpg,recto,1,recto,,images/pages-recto/1062o.png,images/archive-original/1290-1300 I/1062o.jpg,1290-1300 I,6,90-cw,1,1654,1168,RA Gent,chron. suppl. 265,,1299,xx,xx,,0,0
1063,1063m.jpg,verso,0,verso,1063,images/pages-verso/1063m.png,images/archive-original/1290-1300 I/1063m.jpg,1290-1300 I,6,90-cw,1,1654,1168,RA Gent,Saint-Genois,1051,1299,xx,xx,,0,0
1063,1063o.jpg,recto,1,series_first,1063,images/pages-recto/1063o.png,images/archive-original/1290-1300 I/1063o.jpg,1290-1300 I,6,90-cw,1,1654,1168,RA Gent,Saint-Genois,1051,1299,xx,xx,,0,0
1064,1064m.jpg,verso,0,verso,1063,images/pages-verso/1064m.png,images/archive-original/1290-1300 I/1064m.jpg,1290-1300 I,6,90-cw,1,1654,1168,RA Gent,Saint-Genois,1051,1299,xx,xx,,0,0
1064,1064o.jpg,recto,0,series_of=1063o,1063,images/pages-recto/1064o.png,images/archive-original/1290-1300 I/1064o.jpg,1290-1300 I,1,native,0,1168,1654,RA Gent,Saint-Genois,1051,1299,xx,xx,,0,0
1065,1065m.jpg,verso,0,verso,,images/pages-verso/1065m.png,images/archive-original/1290-1300 I/1065m.jpg,1290-1300 I,6,90-cw,1,1654,1168,RA Gent,Oosteeklo,,1295,12,09,,0,0
1065,1065o.jpg,recto,1,recto,,images/pages-recto/1065o.png,images/archive-original/1290-1300 I/1065o.jpg,1290-1300 I,6,90-cw,1,1654,1168,RA Gent,Oosteeklo,,1295,12,09,,0,0
1066,1066m.jpg,verso,0,verso,,images/pages-verso/1066m.png,images/archive-original/1290-1300 I/1066m.jpg,1290-1300 I,6,90-cw,1,1654,1168,RA Gent,Oosteeklo,,1297,02,08,,0,0
1066,1066o.jpg,recto,1,recto,,images/pages-recto/1066o.png,images/archive-original/1290-1300 I/1066o.jpg,1290-1300 I,6,90-cw,1,1654,1168,RA Gent,Oosteeklo,,1297,02,08,,0,0
1067,1067m.jpg,verso,0,verso,,images/pages-verso/1067m.png,images/archive-original/1290-1300 I/1067m.jpg,1290-1300 I,6,90-cw,1,1654,1168,RA Gent,Nieuwenbosse,,1293,04,06,,0,0
1067,1067o.jpg,recto,1,recto,,images/pages-recto/1067o.png,images/archive-original/1290-1300 I/1067o.jpg,1290-1300 I,6,90-cw,1,1654,1168,RA Gent,Nieuwenbosse,,1293,04,06,,0,0
1068,1068m.jpg,verso,0,verso,,images/pages-verso/1068m.png,images/archive-original/1290-1300 I/1068m.jpg,1290-1300 I,6,90-cw,1,1654,1168,RA Gent,Zoetendale,,1291,12,19,,0,0
1068,1068o.jpg,recto,1,recto,,images/pages-recto/1068o.png,images/archive-original/1290-1300 I/1068o.jpg,1290-1300 I,6,90-cw,1,1654,1168,RA Gent,Zoetendale,,1291,12,19,,0,0
1069,1069m.jpg,verso,0,verso,,images/pages-verso/1069m.png,images/archive-original/1290-1300 I/1069m.jpg,1290-1300 I,6,90-cw,1,1654,1168,RA Gent,Zoetendale,,1293,12,03,,0,0
1069,1069o.jpg,recto,1,recto,,images/pages-recto/1069o.png,images/archive-original/1290-1300 I/1069o.jpg,1290-1300 I,6,90-cw,1,1654,1168,RA Gent,Zoetendale,,1293,12,03,,0,0
1070,1070m.jpg,verso,0,verso,,images/pages-verso/1070m.png,images/archive-original/1290-1300 I/1070m.jpg,1290-1300 I,6,90-cw,1,1654,1168,RA Gent,Sint-Baafs,,1297,03,11,,0,0
1070,1070o.jpg,recto,1,recto,,images/pages-recto/1070o.png,images/archive-original/1290-1300 I/1070o.jpg,1290-1300 I,6,90-cw,1,1654,1168,RA Gent,Sint-Baafs,,1297,03,11,,0,0
1071,1071m.jpg,verso,0,verso,,images/pages-verso/1071m.png,images/archive-original/1290-1300 I/1071m.jpg,1290-1300 I,6,90-cw,1,1654,1168,RA Gent,Sint-Baafs,,1293,10,08,,0,0
1071,1071o.jpg,recto,1,recto,,images/pages-recto/1071o.png,images/archive-original/1290-1300 I/1071o.jpg,1290-1300 I,6,90-cw,1,1654,1168,RA Gent,Sint-Baafs,,1293,10,08,,0,0
1072,1072m.jpg,verso,0,verso,,images/pages-verso/1072m.png,images/archive-original/1290-1300 I/1072m.jpg,1290-1300 I,6,90-cw,1,1654,1168,RA Gent,Sint-Baafs,,1299,04,26,,0,0
1072,1072o.jpg,recto,1,recto,,images/pages-recto/1072o.png,images/archive-original/1290-1300 I/1072o.jpg,1290-1300 I,6,90-cw,1,1654,1168,RA Gent,Sint-Baafs,,1299,04,26,,0,0
1073,1073m.jpg,verso,0,verso,,images/pages-verso/1073m.png,images/archive-original/1290-1300 I/1073m.jpg,1290-1300 I,6,90-cw,1,1654,1168,RA Gent,Sint-Baafs,,1296,10,07,,0,0
1073,1073o.jpg,recto,1,recto,,images/pages-recto/1073o.png,images/archive-original/1290-1300 I/1073o.jpg,1290-1300 I,6,90-cw,1,1654,1168,RA Gent,Sint-Baafs,,1296,10,07,,0,0
1074,1074m.jpg,verso,0,verso,,images/pages-verso/1074m.png,images/archive-original/1290-1300 I/1074m.jpg,1290-1300 I,6,90-cw,1,1654,1168,RA Gent,Sint-Baafs,,1293,09,13,,0,0
1074,1074o.jpg,recto,1,recto,,images/pages-recto/1074o.png,images/archive-original/1290-1300 I/1074o.jpg,1290-1300 I,1,native,0,1168,1654,RA Gent,Sint-Baafs,,1293,09,13,,0,0
1075,1075m.jpg,verso,0,verso,,images/pages-verso/1075m.png,images/archive-original/1290-1300 I/1075m.jpg,1290-1300 I,6,90-cw,1,1654,1168,RA Gent,Sint-Elizabeth,,1291,01,01,,0,0
1075,1075o.jpg,recto,1,recto,,images/pages-recto/1075o.png,images/archive-original/1290-1300 I/1075o.jpg,1290-1300 I,6,90-cw,1,1654,1168,RA Gent,Sint-Elizabeth,,1291,01,01,,0,0
1076,1076m.jpg,verso,0,verso,,images/pages-verso/1076m.png,images/archive-original/1290-1300 I/1076m.jpg,1290-1300 I,6,90-cw,1,1654,1168,RA Gent,Sint-Elizabeth,,1300,10,xx,,0,0
1076,1076o.jpg,recto,1,recto,,images/pages-recto/1076o.png,images/archive-original/1290-1300 I/1076o.jpg,1290-1300 I,6,90-cw,1,1654,1168,RA Gent,Sint-Elizabeth,,1300,10,xx,,0,0
1077,1077m.jpg,verso,0,verso,,images/pages-verso/1077m.png,images/archive-original/1290-1300 I/1077m.jpg,1290-1300 I,6,90-cw,1,1654,1168,RA Gent,Sint-Elizabeth,,1296,04,24,,0,0
1077,1077o.jpg,recto,1,recto,,images/pages-recto/1077o.png,images/archive-original/1290-1300 I/1077o.jpg,1290-1300 I,6,90-cw,1,1654,1168,RA Gent,Sint-Elizabeth,,1296,04,24,,0,0
1078,1078m.jpg,verso,0,verso,,images/pages-verso/1078m.png,images/archive-original/1290-1300 I/1078m.jpg,1290-1300 I,6,90-cw,1,1654,1168,RA Gent,Sint-Elizabeth,,1297,04,04,,0,0
1078,1078o.jpg,recto,1,recto,,images/pages-recto/1078o.png,images/archive-original/1290-1300 I/1078o.jpg,1290-1300 I,6,90-cw,1,1654,1168,RA Gent,Sint-Elizabeth,,1297,04,04,,0,0
1079,1079m.jpg,verso,0,verso,,images/pages-verso/1079m.png,images/archive-original/1290-1300 I/1079m.jpg,1290-1300 I,6,90-cw,1,1654,1168,RA Beveren-Waas,Boudelo,,1298,03,xx,,0,0
1079,1079o.jpg,recto,1,recto,,images/pages-recto/1079o.png,images/archive-original/1290-1300 I/1079o.jpg,1290-1300 I,6,90-cw,1,1654,1168,RA Beveren-Waas,Boudelo,,1298,03,xx,,0,0
1080,1080m.jpg,verso,0,verso,,images/pages-verso/1080m.png,images/archive-original/1290-1300 I/1080m.jpg,1290-1300 I,6,90-cw,1,1654,1168,RA Ronse,Beaulieu Petegem,,1295,07,22,,0,0
1080,1080o.jpg,recto,1,recto,,images/pages-recto/1080o.png,images/archive-original/1290-1300 I/1080o.jpg,1290-1300 I,6,90-cw,1,1654,1168,RA Ronse,Beaulieu Petegem,,1295,07,22,,0,0
1081,1081m.jpg,verso,0,verso,,images/pages-verso/1081m.png,images/archive-original/1290-1300 I/1081m.jpg,1290-1300 I,6,90-cw,1,1654,1168,RA Ronse,abdij Ninove,,1290,05,xx,,0,0
1081,1081o.jpg,recto,1,recto,,images/pages-recto/1081o.png,images/archive-original/1290-1300 I/1081o.jpg,1290-1300 I,6,90-cw,1,1654,1168,RA Ronse,abdij Ninove,,1290,05,xx,,0,0
1082,1082m.jpg,verso,0,verso,,images/pages-verso/1082m.png,images/archive-original/1290-1300 I/1082m.jpg,1290-1300 I,6,90-cw,1,1654,1168,RA Gent,Sint-Elizabeth,,1300,12,xx,,0,0
1082,1082o.jpg,recto,1,recto,,images/pages-recto/1082o.png,images/archive-original/1290-1300 I/1082o.jpg,1290-1300 I,6,90-cw,1,1654,1168,RA Gent,Sint-Elizabeth,,1300,12,xx,,0,0
1083,1083m.jpg,verso,0,verso,,images/pages-verso/1083m.png,images/archive-original/1290-1300 I/1083m.jpg,1290-1300 I,6,90-cw,1,1654,1168,RA Ronse,abdij Ninove,,1295,05,xx,,0,0
1083,1083o.jpg,recto,1,recto,,images/pages-recto/1083o.png,images/archive-original/1290-1300 I/1083o.jpg,1290-1300 I,6,90-cw,1,1654,1168,RA Ronse,abdij Ninove,,1295,05,xx,,0,0
1084,1084m.jpg,verso,0,verso,,images/pages-verso/1084m.png,images/archive-original/1290-1300 I/1084m.jpg,1290-1300 I,6,90-cw,1,1654,1168,RA Ronse,abdij Ninove,,1299,07,05,,0,0
1084,1084o.jpg,recto,1,recto,,images/pages-recto/1084o.png,images/archive-original/1290-1300 I/1084o.jpg,1290-1300 I,6,90-cw,1,1654,1168,RA Ronse,abdij Ninove,,1299,07,05,,0,0
1085,1085m.jpg,verso,0,verso,,images/pages-verso/1085m.png,images/archive-original/1290-1300 I/1085m.jpg,1290-1300 I,1,native,0,1654,1168,RA Gent,begijnhof Aalst,,1296,08,21,,0,0
1085,1085o.jpg,recto,1,recto,,images/pages-recto/1085o.png,images/archive-original/1290-1300 I/1085o.jpg,1290-1300 I,6,90-cw,1,1654,1168,RA Gent,begijnhof Aalst,,1296,08,21,,0,0
1086,1086m.jpg,verso,0,verso,,images/pages-verso/1086m.png,images/archive-original/1290-1300 I/1086m.jpg,1290-1300 I,6,90-cw,1,1654,1168,RA Gent,hospitaal Aalst,,1292,05,28,,0,0
1086,1086o.jpg,recto,1,recto,,images/pages-recto/1086o.png,images/archive-original/1290-1300 I/1086o.jpg,1290-1300 I,1,native,0,1654,1168,RA Gent,hospitaal Aalst,,1292,05,28,,0,0
1087,1087m.jpg,verso,0,verso,,images/pages-verso/1087m.png,images/archive-original/1290-1300 I/1087m.jpg,1290-1300 I,1,native,0,1654,1168,RA Gent,hospitaal Aalst,,1291,03,21,,0,0
1087,1087o.jpg,recto,1,recto,,images/pages-recto/1087o.png,images/archive-original/1290-1300 I/1087o.jpg,1290-1300 I,1,native,0,1654,1168,RA Gent,hospitaal Aalst,,1291,03,21,,0,0
1088,1088m.jpg,verso,0,verso,,images/pages-verso/1088m.png,images/archive-original/1290-1300 I/1088m.jpg,1290-1300 I,1,native,0,1654,1168,RA Gent,begijnhof Aalst,,1300,06,20,,0,0
1088,1088o.jpg,recto,1,recto,,images/pages-recto/1088o.png,images/archive-original/1290-1300 I/1088o.jpg,1290-1300 I,1,native,0,1654,1168,RA Gent,begijnhof Aalst,,1300,06,20,,0,0
1089,1089m.jpg,verso,0,verso,,images/pages-verso/1089m.png,images/archive-original/1290-1300 I/1089m.jpg,1290-1300 I,1,native,0,1654,1168,RA Gent,begijnhof Aalst,,1295,10,08,,0,0
1089,1089o.jpg,recto,1,recto,,images/pages-recto/1089o.png,images/archive-original/1290-1300 I/1089o.jpg,1290-1300 I,1,native,0,1654,1168,RA Gent,begijnhof Aalst,,1295,10,08,,0,0
1090,1090m.jpg,verso,0,verso,,images/pages-verso/1090m.png,images/archive-original/1290-1300 I/1090m.jpg,1290-1300 I,1,native,0,1654,1168,RA Gent,begijnhof Aalst,,1291,02,17,,0,0
1090,1090o.jpg,recto,1,recto,,images/pages-recto/1090o.png,images/archive-original/1290-1300 I/1090o.jpg,1290-1300 I,1,native,0,1654,1168,RA Gent,begijnhof Aalst,,1291,02,17,,0,0
1091,1091m.jpg,verso,0,verso,,images/pages-verso/1091m.png,images/archive-original/1290-1300 I/1091m.jpg,1290-1300 I,1,native,0,1654,1168,RA Ronse,abdij Geraardsbergen,,1294,08,xx,,0,0
1091,1091o.jpg,recto,1,recto,,images/pages-recto/1091o.png,images/archive-original/1290-1300 I/1091o.jpg,1290-1300 I,1,native,0,1654,1168,RA Ronse,abdij Geraardsbergen,,1294,08,xx,,0,0
1092,1092m.jpg,verso,0,verso,,images/pages-verso/1092m.png,images/archive-original/1290-1300 I/1092m.jpg,1290-1300 I,1,native,0,1654,1168,RA Ronse,hospitaal Geraardsbergen,,1290,06,29,,0,0
1092,1092o.jpg,recto,1,recto,,images/pages-recto/1092o.png,images/archive-original/1290-1300 I/1092o.jpg,1290-1300 I,1,native,0,1654,1168,RA Ronse,hospitaal Geraardsbergen,,1290,06,29,,0,0
1093,1093m.jpg,verso,0,verso,,images/pages-verso/1093m.png,images/archive-original/1290-1300 I/1093m.jpg,1290-1300 I,1,native,0,1654,1168,RA Ronse,hospitaal Geraardsbergen,,1291,09,xx,,0,0
1093,1093o.jpg,recto,1,recto,,images/pages-recto/1093o.png,images/archive-original/1290-1300 I/1093o.jpg,1290-1300 I,1,native,0,1654,1168,RA Ronse,hospitaal Geraardsbergen,,1291,09,xx,,0,0
1094,1094m.jpg,verso,0,verso,,images/pages-verso/1094m.png,images/archive-original/1290-1300 I/1094m.jpg,1290-1300 I,1,native,0,1654,1168,RA Ronse,hospitaal Geraardsbergen,,1294,02,16,,0,0
1094,1094o.jpg,recto,1,recto,,images/pages-recto/1094o.png,images/archive-original/1290-1300 I/1094o.jpg,1290-1300 I,1,native,0,1654,1168,RA Ronse,hospitaal Geraardsbergen,,1294,02,16,,0,0
1095,1095m.jpg,verso,0,verso,,images/pages-verso/1095m.png,images/archive-original/1290-1300 I/1095m.jpg,1290-1300 I,1,native,0,1654,1168,RA Ronse,abdij Geraardsbergen,,1294,05,xx,,0,0
1095,1095o.jpg,recto,1,recto,,images/pages-recto/1095o.png,images/archive-original/1290-1300 I/1095o.jpg,1290-1300 I,1,native,0,1654,1168,RA Ronse,abdij Geraardsbergen,,1294,05,xx,,0,0
1096,1096m.jpg,verso,0,verso,,images/pages-verso/1096m.png,images/archive-original/1290-1300 I/1096m.jpg,1290-1300 I,1,native,0,1654,1168,RA Ronse,hospitaal Geraardsbergen,,1295,09,xx,,0,0
1096,1096o.jpg,recto,1,recto,,images/pages-recto/1096o.png,images/archive-original/1290-1300 I/1096o.jpg,1290-1300 I,1,native,0,1654,1168,RA Ronse,hospitaal Geraardsbergen,,1295,09,xx,,0,0
1097,1097m.jpg,verso,0,verso,,images/pages-verso/1097m.png,images/archive-original/1290-1300 I/1097m.jpg,1290-1300 I,1,native,0,1654,1168,RA Ronse,abdij Geraardsbergen,,1297,02,xx,,0,0
1097,1097o.jpg,recto,1,recto,,images/pages-recto/1097o.png,images/archive-original/1290-1300 I/1097o.jpg,1290-1300 I,1,native,0,1654,1168,RA Ronse,abdij Geraardsbergen,,1297,02,xx,,0,0
1098,1098m.jpg,verso,0,verso,,images/pages-verso/1098m.png,images/archive-original/1290-1300 I/1098m.jpg,1290-1300 I,1,native,0,1654,1168,RA Ronse,hospitaal Geraardsbergen,,129x,03,xx,,0,0
1098,1098o.jpg,recto,1,recto,,images/pages-recto/1098o.png,images/archive-original/1290-1300 I/1098o.jpg,1290-1300 I,1,native,0,1654,1168,RA Ronse,hospitaal Geraardsbergen,,129x,03,xx,,0,0
1099,1099m.jpg,verso,0,verso,,images/pages-verso/1099m.png,images/archive-original/1290-1300 I/1099m.jpg,1290-1300 I,1,native,0,1654,1168,RA Ronse,Beaupré,,1296,05,xx,,0,0
1099,1099o.jpg,recto,1,recto,,images/pages-recto/1099o.png,images/archive-original/1290-1300 I/1099o.jpg,1290-1300 I,1,native,0,1654,1168,RA Ronse,Beaupré,,1296,05,xx,,0,0
1100,1100m.jpg,verso,0,verso,,images/pages-verso/1100m.png,images/archive-original/1290-1300 I/1100m.jpg,1290-1300 I,1,native,0,1654,1168,RA Ronse,hospitaal Geraardsbergen,,1291,11,xx,,0,0
1100,1100o.jpg,recto,1,recto,,images/pages-recto/1100o.png,images/archive-original/1290-1300 I/1100o.jpg,1290-1300 I,1,native,0,1654,1168,RA Ronse,hospitaal Geraardsbergen,,1291,11,xx,,0,0
1101,1101m.jpg,verso,0,verso,,images/pages-verso/1101m.png,images/archive-original/1290-1300 I/1101m.jpg,1290-1300 I,1,native,0,1654,1168,RA Ronse,hospitaal Geraardsbergen,,1294,02,15,,0,0
1101,1101o.jpg,recto,1,recto,,images/pages-recto/1101o.png,images/archive-original/1290-1300 I/1101o.jpg,1290-1300 I,1,native,0,1654,1168,RA Ronse,hospitaal Geraardsbergen,,1294,02,15,,0,0
1102,1102m.jpg,verso,0,verso,,images/pages-verso/1102m.png,images/archive-original/1290-1300 I/1102m.jpg,1290-1300 I,1,native,0,2024,1436,Rijksarchief Brugge,Aanwinsten,4681 VIII,1297,05,31,,0,0
1102,1102o.jpg,recto,1,recto,,images/pages-recto/1102o.png,images/archive-original/1290-1300 I/1102o.jpg,1290-1300 I,1,native,0,2024,1436,Rijksarchief Brugge,Aanwinsten,4681 VIII,1297,05,31,,0,0
1103,1103m.jpg,verso,0,verso,,images/pages-verso/1103m.png,images/archive-original/1290-1300 I/1103m.jpg,1290-1300 I,1,native,0,2024,1436,Bisdom Brugge,Urbanisten,,1293,05,09,,0,0
1103,1103o.jpg,recto,1,recto,,images/pages-recto/1103o.png,images/archive-original/1290-1300 I/1103o.jpg,1290-1300 I,1,native,0,2024,1436,Bisdom Brugge,Urbanisten,,1293,05,09,,0,0
1104,1104m.jpg,verso,0,verso,,images/pages-verso/1104m.png,images/archive-original/1290-1300 I/1104m.jpg,1290-1300 I,1,native,0,2024,1436,Bisdom Brugge,Urbanisten,,1294,03,13,,0,0
1104,1104o.jpg,recto,1,recto,,images/pages-recto/1104o.png,images/archive-original/1290-1300 I/1104o.jpg,1290-1300 I,1,native,0,2024,1436,Bisdom Brugge,Urbanisten,,1294,03,13,,0,0
1105,1105m.jpg,verso,0,verso,,images/pages-verso/1105m.png,images/archive-original/1290-1300 I/1105m.jpg,1290-1300 I,1,native,0,2024,1436,Bisdom Brugge,Urbanisten,,1293,05,09,,0,0
1105,1105o.jpg,recto,1,recto,,images/pages-recto/1105o.png,images/archive-original/1290-1300 I/1105o.jpg,1290-1300 I,1,native,0,2024,1436,Bisdom Brugge,Urbanisten,,1293,05,09,,0,0
1106,1106m.jpg,verso,0,verso,,images/pages-verso/1106m.png,images/archive-original/1290-1300 I/1106m.jpg,1290-1300 I,1,native,0,2024,1436,Rijksarchief Brugge,Aanwinsten,4682 II,1291,09,11,,0,0
1106,1106o.jpg,recto,1,recto,,images/pages-recto/1106o.png,images/archive-original/1290-1300 I/1106o.jpg,1290-1300 I,1,native,0,2024,1436,Rijksarchief Brugge,Aanwinsten,4682 II,1291,09,11,,0,0
1107,1107m.jpg,verso,0,verso,,images/pages-verso/1107m.png,images/archive-original/1290-1300 I/1107m.jpg,1290-1300 I,1,native,0,2024,1436,Rijksarchief Brugge,Aanwinsten,1906/13,1291,05,27,rekening Sint-Janshospitaal Brugge,0,0
1107,1107o.jpg,recto,1,recto,,images/pages-recto/1107o.png,images/archive-original/1290-1300 I/1107o.jpg,1290-1300 I,1,native,0,2024,1436,Rijksarchief Brugge,Aanwinsten,1906/13,1291,05,27,rekening Sint-Janshospitaal Brugge,0,0
1108,1108m.jpg,verso,0,verso,,images/pages-verso/1108m.png,images/archive-original/1290-1300 I/1108m.jpg,1290-1300 I,1,native,0,2024,1436,Bisdom Brugge,Urbanisten,,1290,12,02,,0,0
1108,1108o.jpg,recto,1,recto,,images/pages-recto/1108o.png,images/archive-original/1290-1300 I/1108o.jpg,1290-1300 I,1,native,0,2024,1436,Bisdom Brugge,Urbanisten,,1290,12,02,,0,0
1109,1109m.jpg,verso,0,verso,,images/pages-verso/1109m.png,images/archive-original/1290-1300 I/1109m.jpg,1290-1300 I,1,native,0,2024,1436,Bisdom Brugge,Urbanisten,,1290,10,06,,0,0
1109,1109o.jpg,recto,1,recto,,images/pages-recto/1109o.png,images/archive-original/1290-1300 I/1109o.jpg,1290-1300 I,1,native,0,2024,1436,Bisdom Brugge,Urbanisten,,1290,10,06,,0,0
1110,1110m.jpg,verso,0,verso,,images/pages-verso/1110m.png,images/archive-original/1290-1300 I/1110m.jpg,1290-1300 I,1,native,0,2024,1436,Rijksarchief Brugge,Aanwinsten,3803/58,1290,06,17,,0,0
1110,1110o.jpg,recto,1,recto,,images/pages-recto/1110o.png,images/archive-original/1290-1300 I/1110o.jpg,1290-1300 I,1,native,0,2024,1436,Rijksarchief Brugge,Aanwinsten,3803/58,1290,06,17,,0,0
1111,1111m.jpg,verso,0,verso,,images/pages-verso/1111m.png,images/archive-original/1290-1300 I/1111m.jpg,1290-1300 I,1,native,0,2024,1436,Grimbergen,,,1290,05,22,,0,0
1111,1111o.jpg,recto,1,recto,,images/pages-recto/1111o.png,images/archive-original/1290-1300 I/1111o.jpg,1290-1300 I,1,native,0,2024,1436,Grimbergen,,,1290,05,22,,0,0
1112,1112m.jpg,verso,0,verso,,images/pages-verso/1112m.png,images/archive-original/1290-1300 I/1112m.jpg,1290-1300 I,1,native,0,2024,1436,Grimbergen,,,1290,09,08,,0,0
1112,1112o.jpg,recto,1,recto,,images/pages-recto/1112o.png,images/archive-original/1290-1300 I/1112o.jpg,1290-1300 I,1,native,0,2024,1436,Grimbergen,,,1290,09,08,,0,0
1113,1113m.jpg,verso,0,verso,,images/pages-verso/1113m.png,images/archive-original/1290-1300 I/1113m.jpg,1290-1300 I,1,native,0,2024,1436,Grimbergen,,,1291,11,30,,0,0
1113,1113o.jpg,recto,1,recto,,images/pages-recto/1113o.png,images/archive-original/1290-1300 I/1113o.jpg,1290-1300 I,1,native,0,2024,1436,Grimbergen,,,1291,11,30,,0,0
1114,1114m.jpg,verso,0,verso,,images/pages-verso/1114m.png,images/archive-original/1290-1300 I/1114m.jpg,1290-1300 I,1,native,0,2024,1436,Grimbergen,,,1293,03,xx,,0,0
1114,1114o.jpg,recto,1,recto,,images/pages-recto/1114o.png,images/archive-original/1290-1300 I/1114o.jpg,1290-1300 I,1,native,0,2024,1436,Grimbergen,,,1293,03,xx,,0,0
1115,1115m.jpg,verso,0,verso,,images/pages-verso/1115m.png,images/archive-original/1290-1300 I/1115m.jpg,1290-1300 I,1,native,0,2024,1436,Grimbergen,,,1294,11,25,,0,0
1115,1115o.jpg,recto,1,recto,,images/pages-recto/1115o.png,images/archive-original/1290-1300 I/1115o.jpg,1290-1300 I,1,native,0,2024,1436,Grimbergen,,,1294,11,25,,0,0
1116,1116m.jpg,verso,0,verso,,images/pages-verso/1116m.png,images/archive-original/1290-1300 I/1116m.jpg,1290-1300 I,1,native,0,2024,1436,Grimbergen,,,1296,05,13,,0,0
1116,1116o.jpg,recto,1,recto,,images/pages-recto/1116o.png,images/archive-original/1290-1300 I/1116o.jpg,1290-1300 I,1,native,0,2024,1436,Grimbergen,,,1296,05,13,,0,0
1117,1117m.jpg,verso,0,verso,,images/pages-verso/1117m.png,images/archive-original/1290-1300 I/1117m.jpg,1290-1300 I,1,native,0,2024,1436,Grimbergen,,,1296,11,13,,0,0
1117,1117o.jpg,recto,1,recto,,images/pages-recto/1117o.png,images/archive-original/1290-1300 I/1117o.jpg,1290-1300 I,1,native,0,2024,1436,Grimbergen,,,1296,11,13,,0,0
1118,1118m.jpg,verso,0,verso,,images/pages-verso/1118m.png,images/archive-original/1290-1300 I/1118m.jpg,1290-1300 I,1,native,0,2024,1436,Grimbergen,,,1298,01,20,,0,0
1118,1118o.jpg,recto,1,recto,,images/pages-recto/1118o.png,images/archive-original/1290-1300 I/1118o.jpg,1290-1300 I,1,native,0,2024,1436,Grimbergen,,,1298,01,20,,0,0
1119,1119m.jpg,verso,0,verso,,images/pages-verso/1119m.png,images/archive-original/1290-1300 I/1119m.jpg,1290-1300 I,1,native,0,2024,1436,Grimbergen,,,1299,06,08,,0,0
1119,1119o.jpg,recto,1,recto,,images/pages-recto/1119o.png,images/archive-original/1290-1300 I/1119o.jpg,1290-1300 I,1,native,0,2024,1436,Grimbergen,,,1299,06,08,,0,0
1120,1120m.jpg,verso,0,verso,,images/pages-verso/1120m.png,images/archive-original/1290-1300 I/1120m.jpg,1290-1300 I,1,native,0,2024,1436,ARA Brussel,Kerkelijk fonds,5577,1291,06,03,,0,0
1120,1120o.jpg,recto,1,recto,,images/pages-recto/1120o.png,images/archive-original/1290-1300 I/1120o.jpg,1290-1300 I,1,native,0,2024,1436,ARA Brussel,Kerkelijk fonds,5577,1291,06,03,,0,0
1121,1121m.jpg,verso,0,verso,,images/pages-verso/1121m.png,images/archive-original/1290-1300 I/1121m.jpg,1290-1300 I,1,native,0,2024,1436,ARA Brussel,rolrekening,2903,1293,07,28,,0,0
1121,1121o.jpg,recto,1,recto,,images/pages-recto/1121o.png,images/archive-original/1290-1300 I/1121o.jpg,1290-1300 I,1,native,0,2024,1436,ARA Brussel,rolrekening,2903,1293,07,28,,0,0
1122,1122m.jpg,verso,0,verso,,images/pages-verso/1122m.png,images/archive-original/1290-1300 I/1122m.jpg,1290-1300 I,1,native,0,2024,1436,ARA Brussel,Kerkelijk fonds,5577,1294,xx,xx,,0,0
1122,1122o.jpg,recto,1,recto,,images/pages-recto/1122o.png,images/archive-original/1290-1300 I/1122o.jpg,1290-1300 I,1,native,0,2024,1436,ARA Brussel,Kerkelijk fonds,5577,1294,xx,xx,,0,0
1123,1123m.jpg,verso,0,verso,,images/pages-verso/1123m.png,images/archive-original/1290-1300 I/1123m.jpg,1290-1300 I,1,native,0,2024,1436,ARA Brussel,Kerkelijk fonds,5577,1297,05,xx,,0,0
1123,1123o.jpg,recto,1,recto,,images/pages-recto/1123o.png,images/archive-original/1290-1300 I/1123o.jpg,1290-1300 I,1,native,0,2024,1436,ARA Brussel,Kerkelijk fonds,5577,1297,05,xx,,0,0
1124,1124m.jpg,verso,0,verso,,images/pages-verso/1124m.png,images/archive-original/1290-1300 I/1124m.jpg,1290-1300 I,1,native,0,2024,1436,ARA Brussel,Kerkelijk fonds,5577,1297,06,18,,0,0
1124,1124o.jpg,recto,1,recto,,images/pages-recto/1124o.png,images/archive-original/1290-1300 I/1124o.jpg,1290-1300 I,1,native,0,2024,1436,ARA Brussel,Kerkelijk fonds,5577,1297,06,18,,0,0
1125,1125m.jpg,verso,0,verso,,images/pages-verso/1125m.png,images/archive-original/1290-1300 I/1125m.jpg,1290-1300 I,1,native,0,2024,1436,ARA Brussel,Kerkelijk fonds,5577,1297,06,23,,0,0
1125,1125o.jpg,recto,1,recto,,images/pages-recto/1125o.png,images/archive-original/1290-1300 I/1125o.jpg,1290-1300 I,1,native,0,2024,1436,ARA Brussel,Kerkelijk fonds,5577,1297,06,23,,0,0
1126,1126m.jpg,verso,0,verso,,images/pages-verso/1126m.png,images/archive-original/1290-1300 I/1126m.jpg,1290-1300 I,1,native,0,2024,1436,ARA Brussel,Kerkelijk fonds,5578,1298,03,25,,0,0
1126,1126o.jpg,recto,1,recto,,images/pages-recto/1126o.png,images/archive-original/1290-1300 I/1126o.jpg,1290-1300 I,1,native,0,2024,1436,ARA Brussel,Kerkelijk fonds,5578,1298,03,25,,0,0
1127,1127m.jpg,verso,0,verso,,images/pages-verso/1127m.png,images/archive-original/1290-1300 I/1127m.jpg,1290-1300 I,1,native,0,2024,1436,ARA Brussel,Kerkelijk fonds,5886,1298,12,21,,0,0
1127,1127o.jpg,recto,1,recto,,images/pages-recto/1127o.png,images/archive-original/1290-1300 I/1127o.jpg,1290-1300 I,1,native,0,2024,1436,ARA Brussel,Kerkelijk fonds,5886,1298,12,21,,0,0
1128,1128m.jpg,verso,0,verso,,images/pages-verso/1128m.png,images/archive-original/1290-1300 I/1128m.jpg,1290-1300 I,1,native,0,2024,1436,ARA Brussel,Kerkelijk fonds,19851,1299,03,22,,0,0
1128,1128o.jpg,recto,1,recto,,images/pages-recto/1128o.png,images/archive-original/1290-1300 I/1128o.jpg,1290-1300 I,1,native,0,2024,1436,ARA Brussel,Kerkelijk fonds,19851,1299,03,22,,0,0
1129,1129m.jpg,verso,0,verso,,images/pages-verso/1129m.png,images/archive-original/1290-1300 I/1129m.jpg,1290-1300 I,1,native,0,2024,1436,ARA Brussel,Charters van Vlaanderen II,48,1299,03,27,,0,0
1129,1129o.jpg,recto,1,recto,,images/pages-recto/1129o.png,images/archive-original/1290-1300 I/1129o.jpg,1290-1300 I,1,native,0,2024,1436,ARA Brussel,Charters van Vlaanderen II,48,1299,03,27,,0,0
1130,1130m.jpg,verso,0,verso,,images/pages-verso/1130m.png,images/archive-original/1290-1300 I/1130m.jpg,1290-1300 I,1,native,0,2024,1436,ARA Brussel,Kerkelijk fonds,5578,1299,10,25,,0,0
1130,1130o.jpg,recto,1,recto,,images/pages-recto/1130o.png,images/archive-original/1290-1300 I/1130o.jpg,1290-1300 I,1,native,0,2024,1436,ARA Brussel,Kerkelijk fonds,5578,1299,10,25,,0,0
1131,1131m.jpg,verso,0,verso,,images/pages-verso/1131m.png,images/archive-original/1290-1300 I/1131m.jpg,1290-1300 I,1,native,0,2024,1436,ARA Brussel,Kerkelijk fonds,7015,1299,04,xx,,0,0
1131,1131o.jpg,recto,1,recto,,images/pages-recto/1131o.png,images/archive-original/1290-1300 I/1131o.jpg,1290-1300 I,1,native,0,2024,1436,ARA Brussel,Kerkelijk fonds,7015,1299,04,xx,,0,0
1132,1132m.jpg,verso,0,verso,,images/pages-verso/1132m.png,images/archive-original/1290-1300 I/1132m.jpg,1290-1300 I,1,native,0,2024,1436,Stadsarchief Mechelen,Leliëndaal,,1300,04,03,,0,0
1132,1132o.jpg,recto,1,recto,,images/pages-recto/1132o.png,images/archive-original/1290-1300 I/1132o.jpg,1290-1300 I,1,native,0,2024,1436,Stadsarchief Mechelen,Leliëndaal,,1300,04,03,,0,0
1133,1133m.jpg,verso,0,verso,,images/pages-verso/1133m.png,images/archive-original/1290-1300 I/1133m.jpg,1290-1300 I,1,native,0,2024,1436,Sint-Rombouts Mechelen,,,1298,10,08,,0,0
1133,1133o.jpg,recto,1,recto,,images/pages-recto/1133o.png,images/archive-original/1290-1300 I/1133o.jpg,1290-1300 I,1,native,0,2024,1436,Sint-Rombouts Mechelen,,,1298,10,08,,0,0
1134,1134m.jpg,verso,0,verso,,images/pages-verso/1134m.png,images/archive-original/1290-1300 I/1134m.jpg,1290-1300 I,1,native,0,2024,1436,Sint-Rombouts Mechelen,,,1294,06,10,,0,0
1134,1134o.jpg,recto,1,recto,,images/pages-recto/1134o.png,images/archive-original/1290-1300 I/1134o.jpg,1290-1300 I,1,native,0,2024,1436,Sint-Rombouts Mechelen,,,1294,06,10,,0,0
1135,1135m.jpg,verso,0,verso,,images/pages-verso/1135m.png,images/archive-original/1290-1300 I/1135m.jpg,1290-1300 I,1,native,0,2024,1436,Groot Seminarie Brugge,Eekhout,,1290,10,17,,0,0
1135,1135o.jpg,recto,1,recto,,images/pages-recto/1135o.png,images/archive-original/1290-1300 I/1135o.jpg,1290-1300 I,1,native,0,2024,1436,Groot Seminarie Brugge,Eekhout,,1290,10,17,,0,0
1136,1136m.jpg,verso,0,verso,,images/pages-verso/1136m.png,images/archive-original/1290-1300 I/1136m.jpg,1290-1300 I,1,native,0,2024,1436,Groot Seminarie Brugge,Ter Duinen,,1291,01,17,,0,0
1136,1136o.jpg,recto,1,recto,,images/pages-recto/1136o.png,images/archive-original/1290-1300 I/1136o.jpg,1290-1300 I,1,native,0,2024,1436,Groot Seminarie Brugge,Ter Duinen,,1291,01,17,,0,0
1137,1137m.jpg,verso,0,verso,,images/pages-verso/1137m.png,images/archive-original/1290-1300 I/1137m.jpg,1290-1300 I,1,native,0,2024,1436,Groot Seminarie Brugge,Eekhout,,1291,06,22,,0,0
1137,1137o.jpg,recto,1,recto,,images/pages-recto/1137o.png,images/archive-original/1290-1300 I/1137o.jpg,1290-1300 I,1,native,0,2024,1436,Groot Seminarie Brugge,Eekhout,,1291,06,22,,0,0
1138,1138m.jpg,verso,0,verso,,images/pages-verso/1138m.png,images/archive-original/1290-1300 I/1138m.jpg,1290-1300 I,1,native,0,2024,1436,Spermalie Brugge,,,1292,01,27,,0,0
1138,1138o.jpg,recto,1,recto,,images/pages-recto/1138o.png,images/archive-original/1290-1300 I/1138o.jpg,1290-1300 I,1,native,0,2024,1436,Spermalie Brugge,,,1292,01,27,,0,0
1139,1139m.jpg,verso,0,verso,,images/pages-verso/1139m.png,images/archive-original/1290-1300 I/1139m.jpg,1290-1300 I,1,native,0,2024,1436,Spermalie Brugge,,,1292,03,22,,0,0
1139,1139o.jpg,recto,1,recto,,images/pages-recto/1139o.png,images/archive-original/1290-1300 I/1139o.jpg,1290-1300 I,1,native,0,2024,1436,Spermalie Brugge,,,1292,03,22,,0,0
1140,1140m.jpg,verso,0,verso,,images/pages-verso/1140m.png,images/archive-original/1290-1300 I/1140m.jpg,1290-1300 I,1,native,0,2024,1436,Groot Seminarie Brugge,Eekhout,,1292,06,06,,0,0
1140,1140o.jpg,recto,1,recto,,images/pages-recto/1140o.png,images/archive-original/1290-1300 I/1140o.jpg,1290-1300 I,1,native,0,2024,1436,Groot Seminarie Brugge,Eekhout,,1292,06,06,,0,0
1141,1141m.jpg,verso,0,verso,,images/pages-verso/1141m.png,images/archive-original/1290-1300 I/1141m.jpg,1290-1300 I,1,native,0,2024,1436,Groot Seminarie Brugge,Ter Duinen,,1292,06,06,,0,0
1141,1141o.jpg,recto,1,recto,,images/pages-recto/1141o.png,images/archive-original/1290-1300 I/1141o.jpg,1290-1300 I,1,native,0,2024,1436,Groot Seminarie Brugge,Ter Duinen,,1292,06,06,,0,0
1142,1142m.jpg,verso,0,verso,,images/pages-verso/1142m.png,images/archive-original/1290-1300 I/1142m.jpg,1290-1300 I,1,native,0,2024,1436,Spermalie Brugge,,,1293,01,25,,0,0
1142,1142o.jpg,recto,1,recto,,images/pages-recto/1142o.png,images/archive-original/1290-1300 I/1142o.jpg,1290-1300 I,1,native,0,2024,1436,Spermalie Brugge,,,1293,01,25,,0,0
1143,1143m.jpg,verso,0,verso,,images/pages-verso/1143m.png,images/archive-original/1290-1300 I/1143m.jpg,1290-1300 I,1,native,0,2024,1436,Groot Seminarie Brugge,Ter Duinen,,1293,09,07,,0,0
1143,1143o.jpg,recto,1,recto,,images/pages-recto/1143o.png,images/archive-original/1290-1300 I/1143o.jpg,1290-1300 I,1,native,0,2024,1436,Groot Seminarie Brugge,Ter Duinen,,1293,09,07,,0,0
1144,1144m.jpg,verso,0,verso,,images/pages-verso/1144m.png,images/archive-original/1290-1300 I/1144m.jpg,1290-1300 I,1,native,0,2024,1436,Groot Seminarie Brugge,Ter Duinen,,1293,09,07,,0,0
1144,1144o.jpg,recto,0,neardup_of=1143o,,images/pages-recto/1144o.png,images/archive-original/1290-1300 I/1144o.jpg,1290-1300 I,1,native,0,2024,1436,Groot Seminarie Brugge,Ter Duinen,,1293,09,07,,0,0
1145,1145m.jpg,verso,0,verso,,images/pages-verso/1145m.png,images/archive-original/1290-1300 I/1145m.jpg,1290-1300 I,1,native,0,2024,1436,Groot Seminarie Brugge,Eekhout,,1293,11,28,,0,0
1145,1145o.jpg,recto,1,recto,,images/pages-recto/1145o.png,images/archive-original/1290-1300 I/1145o.jpg,1290-1300 I,1,native,0,2024,1436,Groot Seminarie Brugge,Eekhout,,1293,11,28,,0,0
1146,1146m.jpg,verso,0,verso,,images/pages-verso/1146m.png,images/archive-original/1290-1300 I/1146m.jpg,1290-1300 I,1,native,0,2024,1436,Spermalie Brugge,,,1294,02,06,,0,0
1146,1146o.jpg,recto,1,recto,,images/pages-recto/1146o.png,images/archive-original/1290-1300 I/1146o.jpg,1290-1300 I,6,90-cw,1,2024,1436,Spermalie Brugge,,,1294,02,06,,0,0
1147,1147m.jpg,verso,0,verso,,images/pages-verso/1147m.png,images/archive-original/1290-1300 I/1147m.jpg,1290-1300 I,1,native,0,1436,2024,Spermalie Brugge,,,1294,03,02,,0,0
1147,1147o.jpg,recto,1,recto,,images/pages-recto/1147o.png,images/archive-original/1290-1300 I/1147o.jpg,1290-1300 I,1,native,0,2024,1436,Spermalie Brugge,,,1294,03,02,,0,0
1148,1148m.jpg,verso,0,verso,,images/pages-verso/1148m.png,images/archive-original/1290-1300 I/1148m.jpg,1290-1300 I,6,90-cw,1,2024,1436,Spermalie Brugge,,,1294,06,22,,0,0
1148,1148o.jpg,recto,1,recto,,images/pages-recto/1148o.png,images/archive-original/1290-1300 I/1148o.jpg,1290-1300 I,6,90-cw,1,2024,1436,Spermalie Brugge,,,1294,06,22,,0,0
1149,1149m.jpg,verso,0,verso,,images/pages-verso/1149m.png,images/archive-original/1290-1300 I/1149m.jpg,1290-1300 I,6,90-cw,1,2024,1436,Spermalie Brugge,,,1294,09,26,,0,0
1149,1149o.jpg,recto,1,recto,,images/pages-recto/1149o.png,images/archive-original/1290-1300 I/1149o.jpg,1290-1300 I,6,90-cw,1,2024,1436,Spermalie Brugge,,,1294,09,26,,0,0
1150,1150m.jpg,verso,0,verso,,images/pages-verso/1150m.png,images/archive-original/1290-1300 I/1150m.jpg,1290-1300 I,1,native,0,2024,1436,Spermalie Brugge,,,1294,12,19,,0,0
1150,1150o.jpg,recto,1,recto,,images/pages-recto/1150o.png,images/archive-original/1290-1300 I/1150o.jpg,1290-1300 I,1,native,0,2024,1436,Spermalie Brugge,,,1294,12,19,,0,0
1151,1151m.jpg,verso,0,verso,,images/pages-verso/1151m.png,images/archive-original/1290-1300 I/1151m.jpg,1290-1300 I,1,native,0,2024,1436,Groot Seminarie Brugge,Ter Duinen,,1295,01,15,,0,0
1151,1151o.jpg,recto,1,recto,,images/pages-recto/1151o.png,images/archive-original/1290-1300 I/1151o.jpg,1290-1300 I,1,native,0,2024,1436,Groot Seminarie Brugge,Ter Duinen,,1295,01,15,,0,0
1152,1152m.jpg,verso,0,verso,,images/pages-verso/1152m.png,images/archive-original/1290-1300 I/1152m.jpg,1290-1300 I,1,native,0,2024,1436,Spermalie Brugge,,,1295,02,08,,0,0
1152,1152o.jpg,recto,1,recto,,images/pages-recto/1152o.png,images/archive-original/1290-1300 I/1152o.jpg,1290-1300 I,1,native,0,2024,1436,Spermalie Brugge,,,1295,02,08,,0,0
1153,1153m.jpg,verso,0,verso,,images/pages-verso/1153m.png,images/archive-original/1290-1300 I/1153m.jpg,1290-1300 I,1,native,0,2024,1436,Spermalie Brugge,,,1295,02,23,,0,0
1153,1153o.jpg,recto,1,recto,,images/pages-recto/1153o.png,images/archive-original/1290-1300 I/1153o.jpg,1290-1300 I,1,native,0,2024,1436,Spermalie Brugge,,,1295,02,23,,0,0
1154,1154m.jpg,verso,0,verso,,images/pages-verso/1154m.png,images/archive-original/1290-1300 I/1154m.jpg,1290-1300 I,1,native,0,2024,1436,Spermalie Brugge,,,1295,07,08,,0,0
1154,1154o.jpg,recto,1,recto,,images/pages-recto/1154o.png,images/archive-original/1290-1300 I/1154o.jpg,1290-1300 I,1,native,0,2024,1436,Spermalie Brugge,,,1295,07,08,,0,0
1155,1155m.jpg,verso,0,verso,,images/pages-verso/1155m.png,images/archive-original/1290-1300 I/1155m.jpg,1290-1300 I,1,native,0,2024,1436,Spermalie Brugge,,,12xx,xx,xx,,0,0
1155,1155o.jpg,recto,1,recto,,images/pages-recto/1155o.png,images/archive-original/1290-1300 I/1155o.jpg,1290-1300 I,1,native,0,2024,1436,Spermalie Brugge,,,12xx,xx,xx,,0,0
1156,1156m.jpg,verso,0,verso,,images/pages-verso/1156m.png,images/archive-original/1290-1300 I/1156m.jpg,1290-1300 I,1,native,0,2024,1436,Spermalie Brugge,,,1295,11,04,,0,0
1156,1156o.jpg,recto,1,recto,,images/pages-recto/1156o.png,images/archive-original/1290-1300 I/1156o.jpg,1290-1300 I,1,native,0,2024,1436,Spermalie Brugge,,,1295,11,04,,0,0
1157,1157m.jpg,verso,0,verso,,images/pages-verso/1157m.png,images/archive-original/1290-1300 I/1157m.jpg,1290-1300 I,1,native,0,2024,1436,Groot Seminarie Brugge,Eversam,,1295,12,02,,0,0
1157,1157o.jpg,recto,1,recto,,images/pages-recto/1157o.png,images/archive-original/1290-1300 I/1157o.jpg,1290-1300 I,1,native,0,2024,1436,Groot Seminarie Brugge,Eversam,,1295,12,02,,0,0
1158,1158m.jpg,verso,0,verso,,images/pages-verso/1158m.png,images/archive-original/1290-1300 I/1158m.jpg,1290-1300 I,1,native,0,2024,1436,Groot Seminarie Brugge,Eekhout,,1296,02,17,,0,0
1158,1158o.jpg,recto,1,recto,,images/pages-recto/1158o.png,images/archive-original/1290-1300 I/1158o.jpg,1290-1300 I,1,native,0,2024,1436,Groot Seminarie Brugge,Eekhout,,1296,02,17,,0,0
1159,1159m.jpg,verso,0,verso,,images/pages-verso/1159m.png,images/archive-original/1290-1300 I/1159m.jpg,1290-1300 I,1,native,0,2024,1436,Spermalie Brugge,,,1296,06,26,,0,0
1159,1159o.jpg,recto,1,recto,,images/pages-recto/1159o.png,images/archive-original/1290-1300 I/1159o.jpg,1290-1300 I,1,native,0,2024,1436,Spermalie Brugge,,,1296,06,26,,0,0
1160,1160m.jpg,verso,0,verso,,images/pages-verso/1160m.png,images/archive-original/1290-1300 I/1160m.jpg,1290-1300 I,1,native,0,2024,1436,Spermalie Brugge,,,1296,09,11,,0,0
1160,1160o.jpg,recto,1,recto,,images/pages-recto/1160o.png,images/archive-original/1290-1300 I/1160o.jpg,1290-1300 I,1,native,0,2024,1436,Spermalie Brugge,,,1296,09,11,,0,0
1161,1161m.jpg,verso,0,verso,,images/pages-verso/1161m.png,images/archive-original/1290-1300 I/1161m.jpg,1290-1300 I,1,native,0,2024,1436,Groot Seminarie Brugge,Ter Duinen,,1296,10,26,,0,0
1161,1161o.jpg,recto,1,recto,,images/pages-recto/1161o.png,images/archive-original/1290-1300 I/1161o.jpg,1290-1300 I,1,native,0,2024,1436,Groot Seminarie Brugge,Ter Duinen,,1296,10,26,,0,0
1162,1162m.jpg,verso,0,verso,,images/pages-verso/1162m.png,images/archive-original/1290-1300 I/1162m.jpg,1290-1300 I,1,native,0,2024,1436,Groot Seminarie Brugge,Eekhout,,1296,12,08,,0,0
1162,1162o.jpg,recto,1,recto,,images/pages-recto/1162o.png,images/archive-original/1290-1300 I/1162o.jpg,1290-1300 I,1,native,0,2024,1436,Groot Seminarie Brugge,Eekhout,,1296,12,08,,0,0
1163,1163m.jpg,verso,0,verso,,images/pages-verso/1163m.png,images/archive-original/1290-1300 I/1163m.jpg,1290-1300 I,1,native,0,2024,1436,Groot Seminarie Brugge,Eekhout,,1297,01,12,,0,0
1163,1163o.jpg,recto,1,recto,,images/pages-recto/1163o.png,images/archive-original/1290-1300 I/1163o.jpg,1290-1300 I,1,native,0,2024,1436,Groot Seminarie Brugge,Eekhout,,1297,01,12,,0,0
1164,1164m.jpg,verso,0,verso,,images/pages-verso/1164m.png,images/archive-original/1290-1300 I/1164m.jpg,1290-1300 I,1,native,0,2024,1436,Groot Seminarie Brugge,Ter Duinen,,1297,06,28,,0,0
1164,1164o.jpg,recto,1,recto,,images/pages-recto/1164o.png,images/archive-original/1290-1300 I/1164o.jpg,1290-1300 I,1,native,0,2024,1436,Groot Seminarie Brugge,Ter Duinen,,1297,06,28,,0,0
1165,1165m.jpg,verso,0,verso,,images/pages-verso/1165m.png,images/archive-original/1290-1300 I/1165m.jpg,1290-1300 I,1,native,0,2024,1436,Groot Seminarie Brugge,Eekhout,,1298,05,03,,0,0
1165,1165o.jpg,recto,1,recto,,images/pages-recto/1165o.png,images/archive-original/1290-1300 I/1165o.jpg,1290-1300 I,1,native,0,2024,1436,Groot Seminarie Brugge,Eekhout,,1298,05,03,,0,0
1166,1166m.jpg,verso,0,verso,,images/pages-verso/1166m.png,images/archive-original/1290-1300 I/1166m.jpg,1290-1300 I,1,native,0,2024,1436,Spermalie Brugge,,,1298,07,27,,0,0
1166,1166o.jpg,recto,1,recto,,images/pages-recto/1166o.png,images/archive-original/1290-1300 I/1166o.jpg,1290-1300 I,1,native,0,2024,1436,Spermalie Brugge,,,1298,07,27,,0,0
1167,1167m.jpg,verso,0,verso,,images/pages-verso/1167m.png,images/archive-original/1290-1300 I/1167m.jpg,1290-1300 I,1,native,0,2024,1436,Spermalie Brugge,,,1298,11,14,,0,0
1167,1167o.jpg,recto,1,recto,,images/pages-recto/1167o.png,images/archive-original/1290-1300 I/1167o.jpg,1290-1300 I,1,native,0,2024,1436,Spermalie Brugge,,,1298,11,14,,0,0
1168,1168m.jpg,verso,0,verso,,images/pages-verso/1168m.png,images/archive-original/1290-1300 I/1168m.jpg,1290-1300 I,1,native,0,2024,1436,Spermalie Brugge,,,1299,05,12,,0,0
1168,1168o.jpg,recto,1,recto,,images/pages-recto/1168o.png,images/archive-original/1290-1300 I/1168o.jpg,1290-1300 I,1,native,0,2024,1436,Spermalie Brugge,,,1299,05,12,,0,0
1169,1169m.jpg,verso,0,verso,,images/pages-verso/1169m.png,images/archive-original/1290-1300 I/1169m.jpg,1290-1300 I,1,native,0,2024,1436,Spermalie Brugge,,,1299,05,23,,0,0
1169,1169o.jpg,recto,1,recto,,images/pages-recto/1169o.png,images/archive-original/1290-1300 I/1169o.jpg,1290-1300 I,1,native,0,2024,1436,Spermalie Brugge,,,1299,05,23,,0,0
1170,1170m.jpg,verso,0,verso,,images/pages-verso/1170m.png,images/archive-original/1290-1300 I/1170m.jpg,1290-1300 I,1,native,0,2024,1436,Groot Seminarie Brugge,Eekhout,,1299,10,09,,0,0
1170,1170o.jpg,recto,1,recto,,images/pages-recto/1170o.png,images/archive-original/1290-1300 I/1170o.jpg,1290-1300 I,1,native,0,2024,1436,Groot Seminarie Brugge,Eekhout,,1299,10,09,,0,0
1171,1171m.jpg,verso,0,verso,,images/pages-verso/1171m.png,images/archive-original/1290-1300 I/1171m.jpg,1290-1300 I,1,native,0,2024,1436,Groot Seminarie Brugge,Ter Duinen,,1300,02,05,,0,0
1171,1171o.jpg,recto,1,recto,,images/pages-recto/1171o.png,images/archive-original/1290-1300 I/1171o.jpg,1290-1300 I,1,native,0,2024,1436,Groot Seminarie Brugge,Ter Duinen,,1300,02,05,,0,0
1172,1172m.jpg,verso,0,verso,,images/pages-verso/1172m.png,images/archive-original/1290-1300 I/1172m.jpg,1290-1300 I,1,native,0,2024,1436,Groot Seminarie Brugge,Eekhout,,1300,10,28,,0,0
1172,1172o.jpg,recto,1,recto,,images/pages-recto/1172o.png,images/archive-original/1290-1300 I/1172o.jpg,1290-1300 I,1,native,0,2024,1436,Groot Seminarie Brugge,Eekhout,,1300,10,28,,0,0
1173,1173m.jpg,verso,0,verso,,images/pages-verso/1173m.png,images/archive-original/1290-1300 I/1173m.jpg,1290-1300 I,1,native,0,2024,1436,Eversam,,,13xx,xx,xx,,0,0
1173,1173o.jpg,recto,1,recto,,images/pages-recto/1173o.png,images/archive-original/1290-1300 I/1173o.jpg,1290-1300 I,1,native,0,2024,1436,Eversam,,,13xx,xx,xx,,0,0
1174,1174m.jpg,verso,0,verso,,images/pages-verso/1174m.png,images/archive-original/1290-1300 I/1174m.jpg,1290-1300 I,,missing,0,1656,2339,Zieriksee,,,1300,05,05,,0,0
1174,1174o.jpg,recto,1,recto,,images/pages-recto/1174o.png,images/archive-original/1290-1300 I/1174o.jpg,1290-1300 I,,missing,0,1656,2339,Zieriksee,,,1300,05,05,,0,0
1175,1175m.jpg,verso,0,verso,,images/pages-verso/1175m.png,images/archive-original/1290-1300 I/1175m.jpg,1290-1300 I,,missing,0,1656,2339,Rijksarchief Limburg,Torn Maastricht,,1297,10,26,,0,0
1175,1175o.jpg,recto,1,recto,,images/pages-recto/1175o.png,images/archive-original/1290-1300 I/1175o.jpg,1290-1300 I,1,native,0,2339,1656,Rijksarchief Limburg,Torn Maastricht,,1297,10,26,,0,0
1176,1176m.jpg,verso,0,verso,,images/pages-verso/1176m.png,images/archive-original/1290-1300 I/1176m.jpg,1290-1300 I,,missing,0,1656,2339,Rijksarchief Maastricht,Predikheren,,1294,05,09,,0,0
1176,1176o.jpg,recto,1,recto,,images/pages-recto/1176o.png,images/archive-original/1290-1300 I/1176o.jpg,1290-1300 I,1,native,0,2339,1656,Rijksarchief Maastricht,Predikheren,,1294,05,09,,0,0
1177,1177m.jpg,verso,0,verso,,images/pages-verso/1177m.png,images/archive-original/1290-1300 I/1177m.jpg,1290-1300 I,,missing,0,1656,2339,Rijksarchief Maastricht,Predikheren,,1294,05,09,,0,0
1177,1177o.jpg,recto,0,neardup_of=1176o,,images/pages-recto/1177o.png,images/archive-original/1290-1300 I/1177o.jpg,1290-1300 I,1,native,0,2339,1656,Rijksarchief Maastricht,Predikheren,,1294,05,09,,0,0
1178,1178m.jpg,verso,0,verso,,images/pages-verso/1178m.png,images/archive-original/1290-1300 I/1178m.jpg,1290-1300 I,,missing,0,1656,2339,Rijksarchief Maastricht,Predikheren,,1294,04,06,,0,0
1178,1178o.jpg,recto,1,recto,,images/pages-recto/1178o.png,images/archive-original/1290-1300 I/1178o.jpg,1290-1300 I,,missing,0,1656,2339,Rijksarchief Maastricht,Predikheren,,1294,04,06,,0,0
1179,1179m.jpg,verso,0,verso,,images/pages-verso/1179m.png,images/archive-original/1290-1300 I/1179m.jpg,1290-1300 I,,missing,0,1656,2339,Rijksarchief Maastricht,Predikheren,,1294,04,06,,0,0
1179,1179o.jpg,recto,1,recto,,images/pages-recto/1179o.png,images/archive-original/1290-1300 I/1179o.jpg,1290-1300 I,,missing,0,1656,2339,Rijksarchief Maastricht,Predikheren,,1294,04,06,,0,0
1180,1180m.jpg,verso,0,verso,,images/pages-verso/1180m.png,images/archive-original/1290-1300 I/1180m.jpg,1290-1300 I,,missing,0,1656,2339,Rijksarchief Maastricht,Predikheren,,1294,04,04,,0,0
1180,1180o.jpg,recto,1,recto,,images/pages-recto/1180o.png,images/archive-original/1290-1300 I/1180o.jpg,1290-1300 I,1,native,0,2339,1656,Rijksarchief Maastricht,Predikheren,,1294,04,04,,0,0
1181,1181m.jpg,verso,0,verso,,images/pages-verso/1181m.png,images/archive-original/1290-1300 I/1181m.jpg,1290-1300 I,,missing,0,1656,2339,Rijksarchief Maastricht,Predikheren,,1294,04,04,,0,0
1181,1181o.jpg,recto,1,recto,,images/pages-recto/1181o.png,images/archive-original/1290-1300 I/1181o.jpg,1290-1300 I,1,native,0,2339,1656,Rijksarchief Maastricht,Predikheren,,1294,04,04,,0,0
1182,1182m.jpg,verso,0,verso,,images/pages-verso/1182m.png,images/archive-original/1290-1300 I/1182m.jpg,1290-1300 I,,missing,0,1656,2339,Rijksarchief Maastricht,Predikheren,,1294,03,07,,0,0
1182,1182o.jpg,recto,1,recto,,images/pages-recto/1182o.png,images/archive-original/1290-1300 I/1182o.jpg,1290-1300 I,,missing,0,1656,2339,Rijksarchief Maastricht,Predikheren,,1294,03,07,,0,0
1183,1183m.jpg,verso,0,verso,,images/pages-verso/1183m.png,images/archive-original/1290-1300 I/1183m.jpg,1290-1300 I,,missing,0,1656,2339,Schoonhoven,,,1290,06,12,,0,0
1183,1183o.jpg,recto,1,recto,,images/pages-recto/1183o.png,images/archive-original/1290-1300 I/1183o.jpg,1290-1300 I,1,native,0,2339,1656,Schoonhoven,,,1290,06,12,,0,0
1184,1184m.jpg,verso,0,verso,,images/pages-verso/1184m.png,images/archive-original/1290-1300 I/1184m.jpg,1290-1300 I,,missing,0,1656,2339,Schoonhoven,,,1290,06,12,,0,0
1184,1184o.jpg,recto,0,neardup_of=1183o,,images/pages-recto/1184o.png,images/archive-original/1290-1300 I/1184o.jpg,1290-1300 I,1,native,0,2339,1656,Schoonhoven,,,1290,06,12,,0,0
1185,1185m.jpg,verso,0,verso,,images/pages-verso/1185m.png,images/archive-original/1290-1300 I/1185m.jpg,1290-1300 I,,missing,0,1656,2339,Schoonhoven,,,1297,08,08,,0,0
1185,1185o.jpg,recto,1,recto,,images/pages-recto/1185o.png,images/archive-original/1290-1300 I/1185o.jpg,1290-1300 I,1,native,0,2339,1656,Schoonhoven,,,1297,08,08,,0,0
1186,1186m.jpg,verso,0,verso,,images/pages-verso/1186m.png,images/archive-original/1290-1300 I/1186m.jpg,1290-1300 I,,missing,0,1656,2339,Vianen,,,1286,xx,xx,,0,0
1186,1186o.jpg,recto,1,recto,,images/pages-recto/1186o.png,images/archive-original/1290-1300 I/1186o.jpg,1290-1300 I,1,native,0,2339,1656,Vianen,,,1286,xx,xx,,0,0
1187,1187m.jpg,verso,0,verso,,images/pages-verso/1187m.png,images/archive-original/1290-1300 I/1187m.jpg,1290-1300 I,,missing,0,1656,2339,Zieriksee,,,1293,09,09,,0,0
1187,1187o.jpg,recto,1,recto,,images/pages-recto/1187o.png,images/archive-original/1290-1300 I/1187o.jpg,1290-1300 I,1,native,0,2339,1656,Zieriksee,,,1293,09,09,,0,0
1188,1188m.jpg,verso,0,verso,,images/pages-verso/1188m.png,images/archive-original/1290-1300 I/1188m.jpg,1290-1300 I,,missing,0,1656,2339,Zieriksee,,,1296,05,01,,0,0
1188,1188o.jpg,recto,1,recto,,images/pages-recto/1188o.png,images/archive-original/1290-1300 I/1188o.jpg,1290-1300 I,1,native,0,2339,1656,Zieriksee,,,1296,05,01,,0,0
1189,1189m.jpg,verso,0,verso,,images/pages-verso/1189m.png,images/archive-original/1290-1300 I/1189m.jpg,1290-1300 I,,missing,0,1656,2339,Zieriksee,,,1297,01,10,,0,0
1189,1189o.jpg,recto,1,recto,,images/pages-recto/1189o.png,images/archive-original/1290-1300 I/1189o.jpg,1290-1300 I,6,90-cw,1,2339,1656,Zieriksee,,,1297,01,10,,0,0
1190,1190m.jpg,verso,0,verso,,images/pages-verso/1190m.png,images/archive-original/1290-1300 I/1190m.jpg,1290-1300 I,,missing,0,1656,2339,Zieriksee,,,1297,02,01,,0,0
1190,1190o.jpg,recto,1,recto,,images/pages-recto/1190o.png,images/archive-original/1290-1300 I/1190o.jpg,1290-1300 I,1,native,0,2339,1656,Zieriksee,,,1297,02,01,,0,0
1191,1191m.jpg,verso,0,verso,,images/pages-verso/1191m.png,images/archive-original/1290-1300 I/1191m.jpg,1290-1300 I,,missing,0,1656,2339,Zieriksee,,,1297,02,07,,0,0
1191,1191o.jpg,recto,1,recto,,images/pages-recto/1191o.png,images/archive-original/1290-1300 I/1191o.jpg,1290-1300 I,1,native,0,2339,1656,Zieriksee,,,1297,02,07,,0,0
1192,1192m.jpg,verso,0,verso,,images/pages-verso/1192m.png,images/archive-original/1290-1300 I/1192m.jpg,1290-1300 I,,missing,0,1656,2339,Zieriksee,,,1297,03,02,,0,0
1192,1192o.jpg,recto,0,neardup_of=1193o,,images/pages-recto/1192o.png,images/archive-original/1290-1300 I/1192o.jpg,1290-1300 I,1,native,0,2339,1656,Zieriksee,,,1297,03,02,,0,0
1193,1193m.jpg,verso,0,verso,,images/pages-verso/1193m.png,images/archive-original/1290-1300 I/1193m.jpg,1290-1300 I,,missing,0,1656,2339,Zieriksee,,,1297,03,02,,0,0
1193,1193o.jpg,recto,1,recto,,images/pages-recto/1193o.png,images/archive-original/1290-1300 I/1193o.jpg,1290-1300 I,1,native,0,2339,1656,Zieriksee,,,1297,03,02,,0,0
1194,1194m.jpg,verso,0,verso,,images/pages-verso/1194m.png,images/archive-original/1290-1300 I/1194m.jpg,1290-1300 I,,missing,0,1656,2339,Zieriksee,,,1297,03,03,,0,0
1194,1194o.jpg,recto,1,recto,,images/pages-recto/1194o.png,images/archive-original/1290-1300 I/1194o.jpg,1290-1300 I,1,native,0,2339,1656,Zieriksee,,,1297,03,03,,0,0
1195,1195m.jpg,verso,0,verso,,images/pages-verso/1195m.png,images/archive-original/1290-1300 I/1195m.jpg,1290-1300 I,,missing,0,1656,2339,Zieriksee,,,1299,12,08,,0,0
1195,1195o.jpg,recto,1,recto,,images/pages-recto/1195o.png,images/archive-original/1290-1300 I/1195o.jpg,1290-1300 I,1,native,0,2339,1656,Zieriksee,,,1299,12,08,,0,0
1196,1196m.jpg,verso,0,verso,,images/pages-verso/1196m.png,images/archive-original/1290-1300 I/1196m.jpg,1290-1300 I,,missing,0,1656,2339,Zieriksee,,,1300,05,05,,0,0
1196,1196o.jpg,recto,1,recto,,images/pages-recto/1196o.png,images/archive-original/1290-1300 I/1196o.jpg,1290-1300 I,,missing,0,1656,2339,Zieriksee,,,1300,05,05,,0,0
1197,1197m.jpg,verso,0,verso,,images/pages-verso/1197m.png,images/archive-original/1290-1300 I/1197m.jpg,1290-1300 I,,missing,0,1656,2339,Zieriksee,,,1300,05,05,,0,0
1197,1197o.jpg,recto,0,neardup_of=1196o,,images/pages-recto/1197o.png,images/archive-original/1290-1300 I/1197o.jpg,1290-1300 I,,missing,0,1656,2339,Zieriksee,,,1300,05,05,,0,0
1198,1198m.jpg,verso,0,verso,,images/pages-verso/1198m.png,images/archive-original/1290-1300 I/1198m.jpg,1290-1300 I,,missing,0,1656,2339,UB Leiden,Boudelo,Lk 1635,1299,02,01,,0,0
1198,1198o.jpg,recto,1,recto,,images/pages-recto/1198o.png,images/archive-original/1290-1300 I/1198o.jpg,1290-1300 I,,missing,0,1656,2339,UB Leiden,Boudelo,Lk 1635,1299,02,01,,0,0
1199,1199m.jpg,verso,0,verso,,images/pages-verso/1199m.png,images/archive-original/1290-1300 I/1199m.jpg,1290-1300 I,,missing,0,1656,2339,UB Leiden,Boudelo,Lk 1635,1294,02,03,,0,0
1199,1199o.jpg,recto,1,recto,,images/pages-recto/1199o.png,images/archive-original/1290-1300 I/1199o.jpg,1290-1300 I,,missing,0,1656,2339,UB Leiden,Boudelo,Lk 1635,1294,02,03,,0,0
629,629m.jpg,verso,0,verso,,images/pages-verso/629m.png,images/archive-original/1290-1300 I/629m.jpg,1290-1300 I,6,90-cw,1,2024,1436,Groot Seminarie Brugge,Ter Duinen,,1297,04,20,,0,0
629,629o.jpg,recto,1,recto,,images/pages-recto/629o.png,images/archive-original/1290-1300 I/629o.jpg,1290-1300 I,6,90-cw,1,2024,1436,Groot Seminarie Brugge,Ter Duinen,,1297,04,20,,0,0
630,630m.jpg,verso,0,verso,,images/pages-verso/630m.png,images/archive-original/1290-1300 I/630m.jpg,1290-1300 I,6,90-cw,1,2024,1436,Groot Seminarie Brugge,Ter Duinen,,1297,06,30,,0,0
630,630o.jpg,recto,1,recto,,images/pages-recto/630o.png,images/archive-original/1290-1300 I/630o.jpg,1290-1300 I,6,90-cw,1,2024,1436,Groot Seminarie Brugge,Ter Duinen,,1297,06,30,,0,0
631,631m.jpg,verso,0,verso,,images/pages-verso/631m.png,images/archive-original/1290-1300 I/631m.jpg,1290-1300 I,6,90-cw,1,2024,1436,Groot Seminarie Brugge,Ter Duinen,,1297,07,12,,0,0
631,631o.jpg,recto,1,recto,,images/pages-recto/631o.png,images/archive-original/1290-1300 I/631o.jpg,1290-1300 I,6,90-cw,1,2024,1436,Groot Seminarie Brugge,Ter Duinen,,1297,07,12,,0,0
632,632m.jpg,verso,0,verso,,images/pages-verso/632m.png,images/archive-original/1290-1300 I/632m.jpg,1290-1300 I,8,90-ccw,1,2024,1436,Groot Seminarie Brugge,Ter Duinen,,1298,01,15,,0,0
632,632o.jpg,recto,1,recto,,images/pages-recto/632o.png,images/archive-original/1290-1300 I/632o.jpg,1290-1300 I,8,90-ccw,1,2024,1436,Groot Seminarie Brugge,Ter Duinen,,1298,01,15,,0,0
633,633m.jpg,verso,0,verso,,images/pages-verso/633m.png,images/archive-original/1290-1300 I/633m.jpg,1290-1300 I,6,90-cw,1,2024,1436,Groot Seminarie Brugge,Ter Duinen,,1298,01,15,,0,0
633,633o.jpg,recto,1,recto,,images/pages-recto/633o.png,images/archive-original/1290-1300 I/633o.jpg,1290-1300 I,6,90-cw,1,2024,1436,Groot Seminarie Brugge,Ter Duinen,,1298,01,15,,0,0
634,634m.jpg,verso,0,verso,,images/pages-verso/634m.png,images/archive-original/1290-1300 I/634m.jpg,1290-1300 I,6,90-cw,1,2024,1436,Groot Seminarie Brugge,Ter Duinen,,1298,03,11,,0,0
634,634o.jpg,recto,1,recto,,images/pages-recto/634o.png,images/archive-original/1290-1300 I/634o.jpg,1290-1300 I,6,90-cw,1,2024,1436,Groot Seminarie Brugge,Ter Duinen,,1298,03,11,,0,0
635,635m.jpg,verso,0,verso,,images/pages-verso/635m.png,images/archive-original/1290-1300 I/635m.jpg,1290-1300 I,6,90-cw,1,2024,1436,Groot Seminarie Brugge,Ter Duinen,,1298,06,29,,0,0
635,635o.jpg,recto,1,recto,,images/pages-recto/635o.png,images/archive-original/1290-1300 I/635o.jpg,1290-1300 I,6,90-cw,1,2024,1436,Groot Seminarie Brugge,Ter Duinen,,1298,06,29,,0,0
636,636m.jpg,verso,0,verso,,images/pages-verso/636m.png,images/archive-original/1290-1300 I/636m.jpg,1290-1300 I,6,90-cw,1,2024,1436,Groot Seminarie Brugge,Ter Duinen,,1299,02,20,,0,0
636,636o.jpg,recto,1,recto,,images/pages-recto/636o.png,images/archive-original/1290-1300 I/636o.jpg,1290-1300 I,6,90-cw,1,2024,1436,Groot Seminarie Brugge,Ter Duinen,,1299,02,20,,0,0
637,637m.jpg,verso,0,verso,,images/pages-verso/637m.png,images/archive-original/1290-1300 I/637m.jpg,1290-1300 I,6,90-cw,1,2024,1436,Groot Seminarie Brugge,Ter Duinen,,1299,04,25,,0,0
637,637o.jpg,recto,1,recto,,images/pages-recto/637o.png,images/archive-original/1290-1300 I/637o.jpg,1290-1300 I,6,90-cw,1,2024,1436,Groot Seminarie Brugge,Ter Duinen,,1299,04,25,,0,0
638,638m.jpg,verso,0,verso,,images/pages-verso/638m.png,images/archive-original/1290-1300 I/638m.jpg,1290-1300 I,6,90-cw,1,2024,1436,Groot Seminarie Brugge,Ter Duinen,,1299,05,02,,0,0
638,638o.jpg,recto,1,recto,,images/pages-recto/638o.png,images/archive-original/1290-1300 I/638o.jpg,1290-1300 I,6,90-cw,1,2024,1436,Groot Seminarie Brugge,Ter Duinen,,1299,05,02,,0,0
639,639m.jpg,verso,0,verso,,images/pages-verso/639m.png,images/archive-original/1290-1300 I/639m.jpg,1290-1300 I,6,90-cw,1,2024,1436,Groot Seminarie Brugge,Ter Duinen,,1299,05,02,,0,0
639,639o.jpg,recto,1,recto,,images/pages-recto/639o.png,images/archive-original/1290-1300 I/639o.jpg,1290-1300 I,6,90-cw,1,2024,1436,Groot Seminarie Brugge,Ter Duinen,,1299,05,02,,0,0
640,640m.jpg,verso,0,verso,,images/pages-verso/640m.png,images/archive-original/1290-1300 I/640m.jpg,1290-1300 I,6,90-cw,1,2024,1436,Groot Seminarie Brugge,Ter Duinen,,1299,06,26,,0,0
640,640o.jpg,recto,1,recto,,images/pages-recto/640o.png,images/archive-original/1290-1300 I/640o.jpg,1290-1300 I,6,90-cw,1,2024,1436,Groot Seminarie Brugge,Ter Duinen,,1299,06,26,,0,0
641,641m.jpg,verso,0,verso,,images/pages-verso/641m.png,images/archive-original/1290-1300 I/641m.jpg,1290-1300 I,6,90-cw,1,2024,1436,Groot Seminarie Brugge,Ter Duinen,,1299,07,02,,0,0
641,641o.jpg,recto,1,recto,,images/pages-recto/641o.png,images/archive-original/1290-1300 I/641o.jpg,1290-1300 I,6,90-cw,1,2024,1436,Groot Seminarie Brugge,Ter Duinen,,1299,07,02,,0,0
642,642m.jpg,verso,0,verso,,images/pages-verso/642m.png,images/archive-original/1290-1300 I/642m.jpg,1290-1300 I,6,90-cw,1,2024,1436,Groot Seminarie Brugge,Ter Duinen,,1299,11,27,,0,0
642,642o.jpg,recto,1,recto,,images/pages-recto/642o.png,images/archive-original/1290-1300 I/642o.jpg,1290-1300 I,6,90-cw,1,2024,1436,Groot Seminarie Brugge,Ter Duinen,,1299,11,27,,0,0
643,643m.jpg,verso,0,verso,,images/pages-verso/643m.png,images/archive-original/1290-1300 I/643m.jpg,1290-1300 I,6,90-cw,1,2024,1436,Groot Seminarie Brugge,Ter Duinen,,1299,12,03,,0,0
643,643o.jpg,recto,1,recto,,images/pages-recto/643o.png,images/archive-original/1290-1300 I/643o.jpg,1290-1300 I,6,90-cw,1,2024,1436,Groot Seminarie Brugge,Ter Duinen,,1299,12,03,,0,0
644,644m.jpg,verso,0,verso,,images/pages-verso/644m.png,images/archive-original/1290-1300 I/644m.jpg,1290-1300 I,6,90-cw,1,2024,1436,Groot Seminarie Brugge,Ter Duinen,,1300,06,26,,0,0
644,644o.jpg,recto,1,recto,,images/pages-recto/644o.png,images/archive-original/1290-1300 I/644o.jpg,1290-1300 I,6,90-cw,1,2024,1436,Groot Seminarie Brugge,Ter Duinen,,1300,06,26,,0,0
645,645m.jpg,verso,0,verso,,images/pages-verso/645m.png,images/archive-original/1290-1300 I/645m.jpg,1290-1300 I,6,90-cw,1,2024,1436,Groot Seminarie Brugge,Ter Duinen,,1300,11,03,,0,0
645,645o.jpg,recto,1,recto,,images/pages-recto/645o.png,images/archive-original/1290-1300 I/645o.jpg,1290-1300 I,6,90-cw,1,2024,1436,Groot Seminarie Brugge,Ter Duinen,,1300,11,03,,0,0
646,646m.jpg,verso,0,verso,,images/pages-verso/646m.png,images/archive-original/1290-1300 I/646m.jpg,1290-1300 I,6,90-cw,1,2024,1436,RA Antwerpen,Pitsenburg,,1299,09,29,,0,0
646,646o.jpg,recto,1,recto,,images/pages-recto/646o.png,images/archive-original/1290-1300 I/646o.jpg,1290-1300 I,6,90-cw,1,2024,1436,RA Antwerpen,Pitsenburg,,1299,09,29,,0,0
647,647m.jpg,verso,0,verso,,images/pages-verso/647m.png,images/archive-original/1290-1300 I/647m.jpg,1290-1300 I,6,90-cw,1,2024,1436,RA Antwerpen,Pitsenburg,,1291,10,27,,0,0
647,647o.jpg,recto,1,recto,,images/pages-recto/647o.png,images/archive-original/1290-1300 I/647o.jpg,1290-1300 I,6,90-cw,1,2024,1436,RA Antwerpen,Pitsenburg,,1291,10,27,,0,0
648,648m.jpg,verso,0,verso,,images/pages-verso/648m.png,images/archive-original/1290-1300 I/648m.jpg,1290-1300 I,6,90-cw,1,2024,1436,RA Antwerpen,Sint-Bernards,,1291,01,15,,0,0
648,648o.jpg,recto,1,recto,,images/pages-recto/648o.png,images/archive-original/1290-1300 I/648o.jpg,1290-1300 I,6,90-cw,1,2024,1436,RA Antwerpen,Sint-Bernards,,1291,01,15,,0,0
649,649m.jpg,verso,0,verso,,images/pages-verso/649m.png,images/archive-original/1290-1300 I/649m.jpg,1290-1300 I,6,90-cw,1,2024,1436,SA Gent,Stadscharters,,1292,03,10,,0,0
649,649o.jpg,recto,1,recto,,images/pages-recto/649o.png,images/archive-original/1290-1300 I/649o.jpg,1290-1300 I,6,90-cw,1,2024,1436,SA Gent,Stadscharters,,1292,03,10,,0,0
650,650m.jpg,verso,0,verso,,images/pages-verso/650m.png,images/archive-original/1290-1300 I/650m.jpg,1290-1300 I,6,90-cw,1,2024,1436,SA Gent,Stadscharters,,1292,10,08,,0,0
650,650o.jpg,recto,1,recto,,images/pages-recto/650o.png,images/archive-original/1290-1300 I/650o.jpg,1290-1300 I,6,90-cw,1,2024,1436,SA Gent,Stadscharters,,1292,10,08,,0,0
651,651m.jpg,verso,0,verso,,images/pages-verso/651m.png,images/archive-original/1290-1300 I/651m.jpg,1290-1300 I,6,90-cw,1,2024,1436,SA Gent,Bijloke,,1294,02,07,,0,0
651,651o.jpg,recto,1,recto,,images/pages-recto/651o.png,images/archive-original/1290-1300 I/651o.jpg,1290-1300 I,6,90-cw,1,2024,1436,SA Gent,Bijloke,,1294,02,07,,0,0
652,652m.jpg,verso,0,verso,,images/pages-verso/652m.png,images/archive-original/1290-1300 I/652m.jpg,1290-1300 I,6,90-cw,1,2024,1436,SA Gent,Stadscharters,,1294,12,01,,0,0
652,652o.jpg,recto,1,recto,,images/pages-recto/652o.png,images/archive-original/1290-1300 I/652o.jpg,1290-1300 I,6,90-cw,1,2024,1436,SA Gent,Stadscharters,,1294,12,01,,0,0
653,653m.jpg,verso,0,verso,,images/pages-verso/653m.png,images/archive-original/1290-1300 I/653m.jpg,1290-1300 I,6,90-cw,1,2024,1436,SA Gent,Stadscharters,,1297,03,23,,0,0
653,653o.jpg,recto,1,recto,,images/pages-recto/653o.png,images/archive-original/1290-1300 I/653o.jpg,1290-1300 I,6,90-cw,1,2024,1436,SA Gent,Stadscharters,,1297,03,23,,0,0
654,654m.jpg,verso,0,verso,,images/pages-verso/654m.png,images/archive-original/1290-1300 I/654m.jpg,1290-1300 I,6,90-cw,1,2024,1436,SA Gent,Stadscharters,,1299,xx,xx,,0,0
654,654o.jpg,recto,1,recto,,images/pages-recto/654o.png,images/archive-original/1290-1300 I/654o.jpg,1290-1300 I,6,90-cw,1,2024,1436,SA Gent,Stadscharters,,1299,xx,xx,,0,0
655,655m.jpg,verso,0,verso,,images/pages-verso/655m.png,images/archive-original/1290-1300 I/655m.jpg,1290-1300 I,6,90-cw,1,2024,1436,SA Gent,Bijloke,,1298,01,30,,0,0
655,655o.jpg,recto,1,recto,,images/pages-recto/655o.png,images/archive-original/1290-1300 I/655o.jpg,1290-1300 I,6,90-cw,1,2024,1436,SA Gent,Bijloke,,1298,01,30,,0,0
656,656m.jpg,verso,0,verso,,images/pages-verso/656m.png,images/archive-original/1290-1300 I/656m.jpg,1290-1300 I,6,90-cw,1,2024,1436,SA Gent,Bijloke,,1299,01,10,,0,0
656,656o.jpg,recto,1,recto,,images/pages-recto/656o.png,images/archive-original/1290-1300 I/656o.jpg,1290-1300 I,6,90-cw,1,2024,1436,SA Gent,Bijloke,,1299,01,10,,0,0
657,657m.jpg,verso,0,verso,,images/pages-verso/657m.png,images/archive-original/1290-1300 I/657m.jpg,1290-1300 I,6,90-cw,1,2024,1436,SA Gent,Bijloke,,1298,01,30,,0,0
657,657o.jpg,recto,1,recto,,images/pages-recto/657o.png,images/archive-original/1290-1300 I/657o.jpg,1290-1300 I,6,90-cw,1,2024,1436,SA Gent,Bijloke,,1298,01,30,,0,0
658,658m.jpg,verso,0,verso,,images/pages-verso/658m.png,images/archive-original/1290-1300 I/658m.jpg,1290-1300 I,6,90-cw,1,2024,1436,SA Gent,Groot Begijnhof,,1298,xx,xx,,0,0
658,658o.jpg,recto,1,recto,,images/pages-recto/658o.png,images/archive-original/1290-1300 I/658o.jpg,1290-1300 I,6,90-cw,1,2024,1436,SA Gent,Groot Begijnhof,,1298,xx,xx,,0,0
659,659m.jpg,verso,0,verso,,images/pages-verso/659m.png,images/archive-original/1290-1300 I/659m.jpg,1290-1300 I,6,90-cw,1,2024,1436,SA Gent,Groot Begijnhof,,1298,02,25,,0,0
659,659o.jpg,recto,1,recto,,images/pages-recto/659o.png,images/archive-original/1290-1300 I/659o.jpg,1290-1300 I,6,90-cw,1,2024,1436,SA Gent,Groot Begijnhof,,1298,02,25,,0,0
660,660m.jpg,verso,0,verso,,images/pages-verso/660m.png,images/archive-original/1290-1300 I/660m.jpg,1290-1300 I,6,90-cw,1,2024,1436,SA Gent,Groot Begijnhof,,1300,07,04,,0,0
660,660o.jpg,recto,1,recto,,images/pages-recto/660o.png,images/archive-original/1290-1300 I/660o.jpg,1290-1300 I,6,90-cw,1,2024,1436,SA Gent,Groot Begijnhof,,1300,07,04,,0,0
661,661m.jpg,verso,0,verso,,images/pages-verso/661m.png,images/archive-original/1290-1300 I/661m.jpg,1290-1300 I,6,90-cw,1,2024,1436,SA Gent,Groot Begijnhof,,1299,04,27,,0,0
661,661o.jpg,recto,1,recto,,images/pages-recto/661o.png,images/archive-original/1290-1300 I/661o.jpg,1290-1300 I,6,90-cw,1,2024,1436,SA Gent,Groot Begijnhof,,1299,04,27,,0,0
662,662m.jpg,verso,0,verso,,images/pages-verso/662m.png,images/archive-original/1290-1300 I/662m.jpg,1290-1300 I,6,90-cw,1,2024,1436,SA Gent,Groot Begijnhof,,1293,07,11,,0,0
662,662o.jpg,recto,1,recto,,images/pages-recto/662o.png,images/archive-original/1290-1300 I/662o.jpg,1290-1300 I,6,90-cw,1,2024,1436,SA Gent,Groot Begijnhof,,1293,07,11,,0,0
663,663m.jpg,verso,0,verso,,images/pages-verso/663m.png,images/archive-original/1290-1300 I/663m.jpg,1290-1300 I,6,90-cw,1,2024,1436,SA Gent,Stadscharters,,1290,12,24,,0,0
663,663o.jpg,recto,1,recto,,images/pages-recto/663o.png,images/archive-original/1290-1300 I/663o.jpg,1290-1300 I,6,90-cw,1,2024,1436,SA Gent,Stadscharters,,1290,12,24,,0,0
664,664m.jpg,verso,0,verso,,images/pages-verso/664m.png,images/archive-original/1290-1300 I/664m.jpg,1290-1300 I,6,90-cw,1,2024,1436,SA Gent,Stadscharters,,1291,02,17,,0,0
664,664o.jpg,recto,1,recto,,images/pages-recto/664o.png,images/archive-original/1290-1300 I/664o.jpg,1290-1300 I,6,90-cw,1,2024,1436,SA Gent,Stadscharters,,1291,02,17,,0,0
665,665m.jpg,verso,0,verso,,images/pages-verso/665m.png,images/archive-original/1290-1300 I/665m.jpg,1290-1300 I,6,90-cw,1,2024,1436,SA Gent,Stadscharters,,1291,09,06,,0,0
665,665o.jpg,recto,1,recto,,images/pages-recto/665o.png,images/archive-original/1290-1300 I/665o.jpg,1290-1300 I,6,90-cw,1,2024,1436,SA Gent,Stadscharters,,1291,09,06,,0,0
666,666m.jpg,verso,0,verso,,images/pages-verso/666m.png,images/archive-original/1290-1300 I/666m.jpg,1290-1300 I,6,90-cw,1,2024,1436,Groot Seminarie Brugge,Ter Duinen,784,1296,10,26,,0,0
666,666o.jpg,recto,1,recto,,images/pages-recto/666o.png,images/archive-original/1290-1300 I/666o.jpg,1290-1300 I,6,90-cw,1,2024,1436,Groot Seminarie Brugge,Ter Duinen,784,1296,10,26,,0,0
667,667m.jpg,verso,0,verso,,images/pages-verso/667m.png,images/archive-original/1290-1300 I/667m.jpg,1290-1300 I,6,90-cw,1,2024,1436,RA Antwerpen,Pitsenburg,,1300,07,22,,0,0
667,667o.jpg,recto,1,recto,,images/pages-recto/667o.png,images/archive-original/1290-1300 I/667o.jpg,1290-1300 I,6,90-cw,1,2024,1436,RA Antwerpen,Pitsenburg,,1300,07,22,,0,0
668,668m.jpg,verso,0,verso,,images/pages-verso/668m.png,images/archive-original/1290-1300 I/668m.jpg,1290-1300 I,6,90-cw,1,2024,1436,RA Antwerpen,Rozendaal,,1300,03,xx,,0,0
668,668o.jpg,recto,1,recto,,images/pages-recto/668o.png,images/archive-original/1290-1300 I/668o.jpg,1290-1300 I,6,90-cw,1,2024,1436,RA Antwerpen,Rozendaal,,1300,03,xx,,0,0
669,669m.jpg,verso,0,verso,,images/pages-verso/669m.png,images/archive-original/1290-1300 I/669m.jpg,1290-1300 I,6,90-cw,1,2024,1436,RA Antwerpen,Sint-Bernards,,1300,03,16,,0,0
669,669o.jpg,recto,1,recto,,images/pages-recto/669o.png,images/archive-original/1290-1300 I/669o.jpg,1290-1300 I,6,90-cw,1,2024,1436,RA Antwerpen,Sint-Bernards,,1300,03,16,,0,0
670,670m.jpg,verso,0,verso,,images/pages-verso/670m.png,images/archive-original/1290-1300 I/670m.jpg,1290-1300 I,6,90-cw,1,2024,1436,RA Antwerpen,Sint-Bernards,,1297,09,25,,0,0
670,670o.jpg,recto,1,recto,,images/pages-recto/670o.png,images/archive-original/1290-1300 I/670o.jpg,1290-1300 I,6,90-cw,1,2024,1436,RA Antwerpen,Sint-Bernards,,1297,09,25,,0,0
671,671m.jpg,verso,0,verso,,images/pages-verso/671m.png,images/archive-original/1290-1300 I/671m.jpg,1290-1300 I,6,90-cw,1,2024,1436,SA Antwerpen,K,840,1296,10,25,,0,0
671,671o.jpg,recto,1,recto,,images/pages-recto/671o.png,images/archive-original/1290-1300 I/671o.jpg,1290-1300 I,6,90-cw,1,2024,1436,SA Antwerpen,K,840,1296,10,25,,0,0
672,672m.jpg,verso,0,verso,,images/pages-verso/672m.png,images/archive-original/1290-1300 I/672m.jpg,1290-1300 I,6,90-cw,1,2024,1436,RA Antwerpen,Sint-Bernards,,1295,06,19,,0,0
672,672o.jpg,recto,1,recto,,images/pages-recto/672o.png,images/archive-original/1290-1300 I/672o.jpg,1290-1300 I,6,90-cw,1,2024,1436,RA Antwerpen,Sint-Bernards,,1295,06,19,,0,0
673,673m.jpg,verso,0,verso,,images/pages-verso/673m.png,images/archive-original/1290-1300 I/673m.jpg,1290-1300 I,6,90-cw,1,2024,1436,RA Antwerpen,Pitsenburg,,1295,05,01,,0,0
673,673o.jpg,recto,1,recto,,images/pages-recto/673o.png,images/archive-original/1290-1300 I/673o.jpg,1290-1300 I,6,90-cw,1,2024,1436,RA Antwerpen,Pitsenburg,,1295,05,01,,0,0
674,674m.jpg,verso,0,verso,,images/pages-verso/674m.png,images/archive-original/1290-1300 I/674m.jpg,1290-1300 I,6,90-cw,1,2024,1436,RA Antwerpen,Pitsenburg,,1294,04,15,,0,0
674,674o.jpg,recto,1,recto,,images/pages-recto/674o.png,images/archive-original/1290-1300 I/674o.jpg,1290-1300 I,6,90-cw,1,2024,1436,RA Antwerpen,Pitsenburg,,1294,04,15,,0,0
675,675m.jpg,verso,0,verso,,images/pages-verso/675m.png,images/archive-original/1290-1300 I/675m.jpg,1290-1300 I,6,90-cw,1,2024,1436,RA Antwerpen,Nazareth Lier,,1292,12,30,,0,0
675,675o.jpg,recto,1,recto,,images/pages-recto/675o.png,images/archive-original/1290-1300 I/675o.jpg,1290-1300 I,6,90-cw,1,2024,1436,RA Antwerpen,Nazareth Lier,,1292,12,30,,0,0
676,676m.jpg,verso,0,verso,,images/pages-verso/676m.png,images/archive-original/1290-1300 I/676m.jpg,1290-1300 I,6,90-cw,1,2024,1436,RA Antwerpen,Sint-Bernards,,1291,03,xx,,0,0
676,676o.jpg,recto,1,recto,,images/pages-recto/676o.png,images/archive-original/1290-1300 I/676o.jpg,1290-1300 I,6,90-cw,1,2024,1436,RA Antwerpen,Sint-Bernards,,1291,03,xx,,0,0
677,677m.jpg,verso,0,verso,,images/pages-verso/677m.png,images/archive-original/1290-1300 I/677m.jpg,1290-1300 I,6,90-cw,1,2024,1436,RA Brugge,kerk Houtem Veurne,,1299,12,xx,,0,0
677,677o.jpg,recto,1,recto,,images/pages-recto/677o.png,images/archive-original/1290-1300 I/677o.jpg,1290-1300 I,6,90-cw,1,2024,1436,RA Brugge,kerk Houtem Veurne,,1299,12,xx,,0,0
678,678m.jpg,verso,0,verso,,images/pages-verso/678m.png,images/archive-original/1290-1300 I/678m.jpg,1290-1300 I,6,90-cw,1,2024,1436,Groot Seminarie Brugge,Ter Duinen,1388,1299,10,06,,0,0
678,678o.jpg,recto,1,recto,,images/pages-recto/678o.png,images/archive-original/1290-1300 I/678o.jpg,1290-1300 I,6,90-cw,1,2024,1436,Groot Seminarie Brugge,Ter Duinen,1388,1299,10,06,,0,0
679,679m.jpg,verso,0,verso,,images/pages-verso/679m.png,images/archive-original/1290-1300 I/679m.jpg,1290-1300 I,6,90-cw,1,2024,1436,Klein Begijnhof Gent,,,1290,04,06,,0,0
679,679o.jpg,recto,1,recto,,images/pages-recto/679o.png,images/archive-original/1290-1300 I/679o.jpg,1290-1300 I,6,90-cw,1,2024,1436,Klein Begijnhof Gent,,,1290,04,06,,0,0
680,680m.jpg,verso,0,verso,,images/pages-verso/680m.png,images/archive-original/1290-1300 I/680m.jpg,1290-1300 I,1,native,0,1436,2024,RA Brugge,cart. O.L.Vrouwkerk,,129x,xx,xx,,0,0
680,680o.jpg,recto,1,recto,,images/pages-recto/680o.png,images/archive-original/1290-1300 I/680o.jpg,1290-1300 I,,missing,0,1436,2024,RA Brugge,cart. O.L.Vrouwkerk,,129x,xx,xx,,0,0
681,681m.jpg,verso,0,verso,,images/pages-verso/681m.png,images/archive-original/1290-1300 I/681m.jpg,1290-1300 I,6,90-cw,1,2024,1436,Klein Begijnhof Gent,,,1292,05,01,,0,0
681,681o.jpg,recto,1,recto,,images/pages-recto/681o.png,images/archive-original/1290-1300 I/681o.jpg,1290-1300 I,6,90-cw,1,2024,1436,Klein Begijnhof Gent,,,1292,05,01,,0,0
682,682m.jpg,verso,0,verso,,images/pages-verso/682m.png,images/archive-original/1290-1300 I/682m.jpg,1290-1300 I,6,90-cw,1,2024,1436,Klein Begijnhof Gent,,,1293,06,10,,0,0
682,682o.jpg,recto,1,recto,,images/pages-recto/682o.png,images/archive-original/1290-1300 I/682o.jpg,1290-1300 I,6,90-cw,1,2024,1436,Klein Begijnhof Gent,,,1293,06,10,,0,0
683,683m.jpg,verso,0,verso,,images/pages-verso/683m.png,images/archive-original/1290-1300 I/683m.jpg,1290-1300 I,6,90-cw,1,2024,1436,Klein Begijnhof Gent,,,1296,02,26,,0,0
683,683o.jpg,recto,1,recto,,images/pages-recto/683o.png,images/archive-original/1290-1300 I/683o.jpg,1290-1300 I,6,90-cw,1,2024,1436,Klein Begijnhof Gent,,,1296,02,26,,0,0
684,684m.jpg,verso,0,verso,,images/pages-verso/684m.png,images/archive-original/1290-1300 I/684m.jpg,1290-1300 I,6,90-cw,1,2024,1436,Klein Begijnhof Gent,,,1297,01,31,,0,0
684,684o.jpg,recto,1,recto,,images/pages-recto/684o.png,images/archive-original/1290-1300 I/684o.jpg,1290-1300 I,6,90-cw,1,2024,1436,Klein Begijnhof Gent,,,1297,01,31,,0,0
685,685m.jpg,verso,0,verso,,images/pages-verso/685m.png,images/archive-original/1290-1300 I/685m.jpg,1290-1300 I,6,90-cw,1,2024,1436,Maria Middelares Gent,Bijloke,,1293,11,xx,,0,0
685,685o.jpg,recto,1,recto,,images/pages-recto/685o.png,images/archive-original/1290-1300 I/685o.jpg,1290-1300 I,6,90-cw,1,2024,1436,Maria Middelares Gent,Bijloke,,1293,11,xx,,0,0
686,686m.jpg,verso,0,verso,,images/pages-verso/686m.png,images/archive-original/1290-1300 I/686m.jpg,1290-1300 I,6,90-cw,1,2024,1436,Groot Seminarie Brugge,Ter Duinen,,1290,01,21,,0,0
686,686o.jpg,recto,1,recto,,images/pages-recto/686o.png,images/archive-original/1290-1300 I/686o.jpg,1290-1300 I,6,90-cw,1,2024,1436,Groot Seminarie Brugge,Ter Duinen,,1290,01,21,,0,0
687,687m.jpg,verso,0,verso,,images/pages-verso/687m.png,images/archive-original/1290-1300 I/687m.jpg,1290-1300 I,6,90-cw,1,2024,1436,Groot Seminarie Brugge,Ter Duinen,,1290,02,03,,0,0
687,687o.jpg,recto,1,recto,,images/pages-recto/687o.png,images/archive-original/1290-1300 I/687o.jpg,1290-1300 I,6,90-cw,1,2024,1436,Groot Seminarie Brugge,Ter Duinen,,1290,02,03,,0,0
688,688m.jpg,verso,0,verso,,images/pages-verso/688m.png,images/archive-original/1290-1300 I/688m.jpg,1290-1300 I,6,90-cw,1,2024,1436,Groot Seminarie Brugge,Ter Duinen,,1290,06,03,,0,0
688,688o.jpg,recto,1,recto,,images/pages-recto/688o.png,images/archive-original/1290-1300 I/688o.jpg,1290-1300 I,6,90-cw,1,2024,1436,Groot Seminarie Brugge,Ter Duinen,,1290,06,03,,0,0
689,689m.jpg,verso,0,verso,,images/pages-verso/689m.png,images/archive-original/1290-1300 I/689m.jpg,1290-1300 I,6,90-cw,1,2024,1436,Groot Seminarie Brugge,Ter Duinen,,1290,06,10,,0,0
689,689o.jpg,recto,1,recto,,images/pages-recto/689o.png,images/archive-original/1290-1300 I/689o.jpg,1290-1300 I,6,90-cw,1,2024,1436,Groot Seminarie Brugge,Ter Duinen,,1290,06,10,,0,0
690,690m.jpg,verso,0,verso,,images/pages-verso/690m.png,images/archive-original/1290-1300 I/690m.jpg,1290-1300 I,6,90-cw,1,2024,1436,Groot Seminarie Brugge,Ter Duinen,,1290,08,xx,,0,0
690,690o.jpg,recto,1,recto,,images/pages-recto/690o.png,images/archive-original/1290-1300 I/690o.jpg,1290-1300 I,6,90-cw,1,2024,1436,Groot Seminarie Brugge,Ter Duinen,,1290,08,xx,,0,0
691,691m.jpg,verso,0,verso,,images/pages-verso/691m.png,images/archive-original/1290-1300 I/691m.jpg,1290-1300 I,6,90-cw,1,2024,1436,Groot Seminarie Brugge,Ter Duinen,,1291,04,25,,0,0
691,691o.jpg,recto,1,recto,,images/pages-recto/691o.png,images/archive-original/1290-1300 I/691o.jpg,1290-1300 I,6,90-cw,1,2024,1436,Groot Seminarie Brugge,Ter Duinen,,1291,04,25,,0,0
692,692m.jpg,verso,0,verso,,images/pages-verso/692m.png,images/archive-original/1290-1300 I/692m.jpg,1290-1300 I,6,90-cw,1,2024,1436,Groot Seminarie Brugge,Ter Duinen,,1291,09,29,,0,0
692,692o.jpg,recto,1,recto,,images/pages-recto/692o.png,images/archive-original/1290-1300 I/692o.jpg,1290-1300 I,6,90-cw,1,2024,1436,Groot Seminarie Brugge,Ter Duinen,,1291,09,29,,0,0
693,693m.jpg,verso,0,verso,,images/pages-verso/693m.png,images/archive-original/1290-1300 I/693m.jpg,1290-1300 I,6,90-cw,1,2024,1436,Groot Seminarie Brugge,Ter Duinen,,1291,09,xx,,0,0
693,693o.jpg,recto,1,recto,,images/pages-recto/693o.png,images/archive-original/1290-1300 I/693o.jpg,1290-1300 I,6,90-cw,1,2024,1436,Groot Seminarie Brugge,Ter Duinen,,1291,09,xx,,0,0
694,694m.jpg,verso,0,verso,,images/pages-verso/694m.png,images/archive-original/1290-1300 I/694m.jpg,1290-1300 I,6,90-cw,1,2024,1436,Groot Seminarie Brugge,Ter Duinen,,1292,01,19,,0,0
694,694o.jpg,recto,1,recto,,images/pages-recto/694o.png,images/archive-original/1290-1300 I/694o.jpg,1290-1300 I,6,90-cw,1,2024,1436,Groot Seminarie Brugge,Ter Duinen,,1292,01,19,,0,0
695,695m.jpg,verso,0,verso,,images/pages-verso/695m.png,images/archive-original/1290-1300 I/695m.jpg,1290-1300 I,6,90-cw,1,2024,1436,Groot Seminarie Brugge,Ter Duinen,,1292,03,07,,0,0
695,695o.jpg,recto,1,recto,,images/pages-recto/695o.png,images/archive-original/1290-1300 I/695o.jpg,1290-1300 I,6,90-cw,1,2024,1436,Groot Seminarie Brugge,Ter Duinen,,1292,03,07,,0,0
696,696m.jpg,verso,0,verso,,images/pages-verso/696m.png,images/archive-original/1290-1300 I/696m.jpg,1290-1300 I,6,90-cw,1,2024,1436,Groot Seminarie Brugge,Ter Duinen,,1292,03,22,,0,0
696,696o.jpg,recto,1,recto,,images/pages-recto/696o.png,images/archive-original/1290-1300 I/696o.jpg,1290-1300 I,6,90-cw,1,2024,1436,Groot Seminarie Brugge,Ter Duinen,,1292,03,22,,0,0
697,697m.jpg,verso,0,verso,,images/pages-verso/697m.png,images/archive-original/1290-1300 I/697m.jpg,1290-1300 I,6,90-cw,1,2024,1436,Groot Seminarie Brugge,Ter Duinen,,1292,04,26,,0,0
697,697o.jpg,recto,1,recto,,images/pages-recto/697o.png,images/archive-original/1290-1300 I/697o.jpg,1290-1300 I,6,90-cw,1,2024,1436,Groot Seminarie Brugge,Ter Duinen,,1292,04,26,,0,0
698,698m.jpg,verso,0,verso,,images/pages-verso/698m.png,images/archive-original/1290-1300 I/698m.jpg,1290-1300 I,6,90-cw,1,2024,1436,Groot Seminarie Brugge,Ter Duinen,,1292,05,17,,0,0
698,698o.jpg,recto,1,recto,,images/pages-recto/698o.png,images/archive-original/1290-1300 I/698o.jpg,1290-1300 I,6,90-cw,1,2024,1436,Groot Seminarie Brugge,Ter Duinen,,1292,05,17,,0,0
699,699m.jpg,verso,0,verso,,images/pages-verso/699m.png,images/archive-original/1290-1300 I/699m.jpg,1290-1300 I,6,90-cw,1,2024,1436,Groot Seminarie Brugge,Ter Duinen,,1292,10,24,,0,0
699,699o.jpg,recto,1,recto,,images/pages-recto/699o.png,images/archive-original/1290-1300 I/699o.jpg,1290-1300 I,6,90-cw,1,2024,1436,Groot Seminarie Brugge,Ter Duinen,,1292,10,24,,0,0
700,700m.jpg,verso,0,verso,,images/pages-verso/700m.png,images/archive-original/1290-1300 I/700m.jpg,1290-1300 I,6,90-cw,1,2024,1436,Groot Seminarie Brugge,Ter Duinen,,1292,11,08,,0,0
700,700o.jpg,recto,1,recto,,images/pages-recto/700o.png,images/archive-original/1290-1300 I/700o.jpg,1290-1300 I,6,90-cw,1,2024,1436,Groot Seminarie Brugge,Ter Duinen,,1292,11,08,,0,0
701,701m.jpg,verso,0,verso,,images/pages-verso/701m.png,images/archive-original/1290-1300 I/701m.jpg,1290-1300 I,6,90-cw,1,2024,1436,Groot Seminarie Brugge,Ter Duinen,,1292,12,24,,0,0
701,701o.jpg,recto,1,recto,,images/pages-recto/701o.png,images/archive-original/1290-1300 I/701o.jpg,1290-1300 I,6,90-cw,1,2024,1436,Groot Seminarie Brugge,Ter Duinen,,1292,12,24,,0,0
702,702m.jpg,verso,0,verso,,images/pages-verso/702m.png,images/archive-original/1290-1300 I/702m.jpg,1290-1300 I,6,90-cw,1,2024,1436,Groot Seminarie Brugge,Ter Duinen,,1293,03,17,,0,0
702,702o.jpg,recto,1,recto,,images/pages-recto/702o.png,images/archive-original/1290-1300 I/702o.jpg,1290-1300 I,6,90-cw,1,2024,1436,Groot Seminarie Brugge,Ter Duinen,,1293,03,17,,0,0
703,703m.jpg,verso,0,verso,,images/pages-verso/703m.png,images/archive-original/1290-1300 I/703m.jpg,1290-1300 I,6,90-cw,1,2024,1436,Groot Seminarie Brugge,Ter Duinen,,1293,07,21,,0,0
703,703o.jpg,recto,1,recto,,images/pages-recto/703o.png,images/archive-original/1290-1300 I/703o.jpg,1290-1300 I,6,90-cw,1,2024,1436,Groot Seminarie Brugge,Ter Duinen,,1293,07,21,,0,0
704,704m.jpg,verso,0,verso,,images/pages-verso/704m.png,images/archive-original/1290-1300 I/704m.jpg,1290-1300 I,6,90-cw,1,2024,1436,Groot Seminarie Brugge,Ter Duinen,,1293,09,07,,0,0
704,704o.jpg,recto,1,recto,,images/pages-recto/704o.png,images/archive-original/1290-1300 I/704o.jpg,1290-1300 I,6,90-cw,1,2024,1436,Groot Seminarie Brugge,Ter Duinen,,1293,09,07,,0,0
705,705m.jpg,verso,0,verso,,images/pages-verso/705m.png,images/archive-original/1290-1300 I/705m.jpg,1290-1300 I,6,90-cw,1,2024,1436,Groot Seminarie Brugge,Ter Duinen,,1293,09,16,,0,0
705,705o.jpg,recto,1,recto,,images/pages-recto/705o.png,images/archive-original/1290-1300 I/705o.jpg,1290-1300 I,6,90-cw,1,2024,1436,Groot Seminarie Brugge,Ter Duinen,,1293,09,16,,0,0
706,706m.jpg,verso,0,verso,,images/pages-verso/706m.png,images/archive-original/1290-1300 I/706m.jpg,1290-1300 I,6,90-cw,1,2024,1436,Groot Seminarie Brugge,Ter Duinen,,1294,05,08,,0,0
706,706o.jpg,recto,1,recto,,images/pages-recto/706o.png,images/archive-original/1290-1300 I/706o.jpg,1290-1300 I,6,90-cw,1,2024,1436,Groot Seminarie Brugge,Ter Duinen,,1294,05,08,,0,0
707,707m.jpg,verso,0,verso,,images/pages-verso/707m.png,images/archive-original/1290-1300 I/707m.jpg,1290-1300 I,6,90-cw,1,2024,1436,Groot Seminarie Brugge,Ter Duinen,,1294,09,24,,0,0
707,707o.jpg,recto,1,recto,,images/pages-recto/707o.png,images/archive-original/1290-1300 I/707o.jpg,1290-1300 I,6,90-cw,1,2024,1436,Groot Seminarie Brugge,Ter Duinen,,1294,09,24,,0,0
708,708m.jpg,verso,0,verso,,images/pages-verso/708m.png,images/archive-original/1290-1300 I/708m.jpg,1290-1300 I,6,90-cw,1,2024,1436,Groot Seminarie Brugge,Ter Duinen,,1295,10,21,,0,0
708,708o.jpg,recto,1,recto,,images/pages-recto/708o.png,images/archive-original/1290-1300 I/708o.jpg,1290-1300 I,6,90-cw,1,2024,1436,Groot Seminarie Brugge,Ter Duinen,,1295,10,21,,0,0
709,709m.jpg,verso,0,verso,,images/pages-verso/709m.png,images/archive-original/1290-1300 I/709m.jpg,1290-1300 I,6,90-cw,1,2024,1436,Groot Seminarie Brugge,Ter Duinen,,1295,10,28,,0,0
709,709o.jpg,recto,1,recto,,images/pages-recto/709o.png,images/archive-original/1290-1300 I/709o.jpg,1290-1300 I,6,90-cw,1,2024,1436,Groot Seminarie Brugge,Ter Duinen,,1295,10,28,,0,0
710,710m.jpg,verso,0,verso,,images/pages-verso/710m.png,images/archive-original/1290-1300 I/710m.jpg,1290-1300 I,6,90-cw,1,2024,1436,Groot Seminarie Brugge,Ter Duinen,,1295,12,09,,0,0
710,710o.jpg,recto,1,recto,,images/pages-recto/710o.png,images/archive-original/1290-1300 I/710o.jpg,1290-1300 I,6,90-cw,1,2024,1436,Groot Seminarie Brugge,Ter Duinen,,1295,12,09,,0,0
711,711m.jpg,verso,0,verso,,images/pages-verso/711m.png,images/archive-original/1290-1300 I/711m.jpg,1290-1300 I,6,90-cw,1,2024,1436,Groot Seminarie Brugge,Ter Duinen,,1296,06,09,,0,0
711,711o.jpg,recto,1,recto,,images/pages-recto/711o.png,images/archive-original/1290-1300 I/711o.jpg,1290-1300 I,6,90-cw,1,2024,1436,Groot Seminarie Brugge,Ter Duinen,,1296,06,09,,0,0
712,712m.jpg,verso,0,verso,,images/pages-verso/712m.png,images/archive-original/1290-1300 I/712m.jpg,1290-1300 I,6,90-cw,1,2024,1436,Groot Seminarie Brugge,Ter Duinen,,1296,08,08,,0,0
712,712o.jpg,recto,1,recto,,images/pages-recto/712o.png,images/archive-original/1290-1300 I/712o.jpg,1290-1300 I,6,90-cw,1,2024,1436,Groot Seminarie Brugge,Ter Duinen,,1296,08,08,,0,0
713,713m.jpg,verso,0,verso,,images/pages-verso/713m.png,images/archive-original/1290-1300 I/713m.jpg,1290-1300 I,6,90-cw,1,2024,1436,Groot Seminarie Brugge,Ter Duinen,,1296,10,20,,0,0
713,713o.jpg,recto,1,recto,,images/pages-recto/713o.png,images/archive-original/1290-1300 I/713o.jpg,1290-1300 I,6,90-cw,1,2024,1436,Groot Seminarie Brugge,Ter Duinen,,1296,10,20,,0,0
714,714m.jpg,verso,0,verso,,images/pages-verso/714m.png,images/archive-original/1290-1300 I/714m.jpg,1290-1300 I,6,90-cw,1,2024,1436,Groot Seminarie Brugge,Ter Duinen,,1297,02,20,,0,0
714,714o.jpg,recto,1,recto,,images/pages-recto/714o.png,images/archive-original/1290-1300 I/714o.jpg,1290-1300 I,6,90-cw,1,2024,1436,Groot Seminarie Brugge,Ter Duinen,,1297,02,20,,0,0
715,715m.jpg,verso,0,verso,,images/pages-verso/715m.png,images/archive-original/1290-1300 I/715m.jpg,1290-1300 I,6,90-cw,1,2024,1436,Groot Seminarie Brugge,Ter Duinen,,12xx,xx,xx,,0,0
715,715o.jpg,recto,1,recto,,images/pages-recto/715o.png,images/archive-original/1290-1300 I/715o.jpg,1290-1300 I,6,90-cw,1,2024,1436,Groot Seminarie Brugge,Ter Duinen,,12xx,xx,xx,,0,0
716,716m.jpg,verso,0,verso,,images/pages-verso/716m.png,images/archive-original/1290-1300 I/716m.jpg,1290-1300 I,6,90-cw,1,2024,1436,Groot Seminarie Brugge,Ter Duinen,,1297,03,15,,0,0
716,716o.jpg,recto,1,recto,,images/pages-recto/716o.png,images/archive-original/1290-1300 I/716o.jpg,1290-1300 I,6,90-cw,1,2024,1436,Groot Seminarie Brugge,Ter Duinen,,1297,03,15,,0,0
717,717m.jpg,verso,0,verso,,images/pages-verso/717m.png,images/archive-original/1290-1300 I/717m.jpg,1290-1300 I,6,90-cw,1,2024,1436,RA Antwerpen,Pitsenburg,,1297,03,28,,0,0
717,717o.jpg,recto,1,recto,,images/pages-recto/717o.png,images/archive-original/1290-1300 I/717o.jpg,1290-1300 I,6,90-cw,1,2024,1436,RA Antwerpen,Pitsenburg,,1297,03,28,,0,0
718,718m.jpg,verso,0,verso,,images/pages-verso/718m.png,images/archive-original/1290-1300 I/718m.jpg,1290-1300 I,6,90-cw,1,2024,1436,RA Antwerpen,Pitsenburg,,1297,03,28,,0,0
718,718o.jpg,recto,1,recto,,images/pages-recto/718o.png,images/archive-original/1290-1300 I/718o.jpg,1290-1300 I,6,90-cw,1,2024,1436,RA Antwerpen,Pitsenburg,,1297,03,28,,0,0
719,719m.jpg,verso,0,verso,,images/pages-verso/719m.png,images/archive-original/1290-1300 I/719m.jpg,1290-1300 I,6,90-cw,1,2024,1436,RA Antwerpen,Rozendaal,,1298,03,22,,0,0
719,719o.jpg,recto,1,recto,,images/pages-recto/719o.png,images/archive-original/1290-1300 I/719o.jpg,1290-1300 I,6,90-cw,1,2024,1436,RA Antwerpen,Rozendaal,,1298,03,22,,0,0
720,720m.jpg,verso,0,verso,,images/pages-verso/720m.png,images/archive-original/1290-1300 I/720m.jpg,1290-1300 I,6,90-cw,1,2024,1436,RA Antwerpen,Sint-Bernards,,1299,03,31,,0,0
720,720o.jpg,recto,1,recto,,images/pages-recto/720o.png,images/archive-original/1290-1300 I/720o.jpg,1290-1300 I,6,90-cw,1,2024,1436,RA Antwerpen,Sint-Bernards,,1299,03,31,,0,0
721,721m.jpg,verso,0,verso,,images/pages-verso/721m.png,images/archive-original/1290-1300 I/721m.jpg,1290-1300 I,6,90-cw,1,2024,1436,RA Antwerpen,Pitsenburg,,1299,09,04,,0,0
721,721o.jpg,recto,1,recto,,images/pages-recto/721o.png,images/archive-original/1290-1300 I/721o.jpg,1290-1300 I,6,90-cw,1,2024,1436,RA Antwerpen,Pitsenburg,,1299,09,04,,0,0
722,722m.jpg,verso,0,verso,,images/pages-verso/722m.png,images/archive-original/1290-1300 I/722m.jpg,1290-1300 I,6,90-cw,1,2024,1436,Groot Seminarie Brugge,Ter Duinen,,1300,12,12,,0,0
722,722o.jpg,recto,1,recto,,images/pages-recto/722o.png,images/archive-original/1290-1300 I/722o.jpg,1290-1300 I,6,90-cw,1,2024,1436,Groot Seminarie Brugge,Ter Duinen,,1300,12,12,,0,0
723,723m.jpg,verso,0,verso,,images/pages-verso/723m.png,images/archive-original/1290-1300 I/723m.jpg,1290-1300 I,6,90-cw,1,2024,1436,C.O.O. Brugge,Magdalenahospitaal,,1298,03,29,,0,0
723,723o.jpg,recto,1,recto,,images/pages-recto/723o.png,images/archive-original/1290-1300 I/723o.jpg,1290-1300 I,6,90-cw,1,2024,1436,C.O.O. Brugge,Magdalenahospitaal,,1298,03,29,,0,0
724,724m.jpg,verso,0,verso,,images/pages-verso/724m.png,images/archive-original/1290-1300 I/724m.jpg,1290-1300 I,6,90-cw,1,2024,1436,C.O.O. Brugge,Dis Sint-Gillis,,1298,03,22,,0,0
724,724o.jpg,recto,1,recto,,images/pages-recto/724o.png,images/archive-original/1290-1300 I/724o.jpg,1290-1300 I,6,90-cw,1,2024,1436,C.O.O. Brugge,Dis Sint-Gillis,,1298,03,22,,0,0
725,725m.jpg,verso,0,verso,,images/pages-verso/725m.png,images/archive-original/1290-1300 I/725m.jpg,1290-1300 I,6,90-cw,1,2024,1436,C.O.O. Brugge,rekening Watering van Blankenberge,,1298,04,09,,0,0
725,725o.jpg,recto,1,recto,,images/pages-recto/725o.png,images/archive-original/1290-1300 I/725o.jpg,1290-1300 I,6,90-cw,1,2024,1436,C.O.O. Brugge,rekening Watering van Blankenberge,,1298,04,09,,0,0
726,726m.jpg,verso,0,verso,,images/pages-verso/726m.png,images/archive-original/1290-1300 I/726m.jpg,1290-1300 I,6,90-cw,1,2024,1436,C.O.O. Brugge,Begijnhof,,1297,05,27,,0,0
726,726o.jpg,recto,1,recto,,images/pages-recto/726o.png,images/archive-original/1290-1300 I/726o.jpg,1290-1300 I,6,90-cw,1,2024,1436,C.O.O. Brugge,Begijnhof,,1297,05,27,,0,0
727,727m.jpg,verso,0,verso,,images/pages-verso/727m.png,images/archive-original/1290-1300 I/727m.jpg,1290-1300 I,6,90-cw,1,2024,1436,C.O.O. Brugge,rekening Watering van Blankenberge,,1297,04,17,,0,0
727,727o.jpg,recto,1,recto,,images/pages-recto/727o.png,images/archive-original/1290-1300 I/727o.jpg,1290-1300 I,6,90-cw,1,2024,1436,C.O.O. Brugge,rekening Watering van Blankenberge,,1297,04,17,,0,0
728,728m.jpg,verso,0,verso,,images/pages-verso/728m.png,images/archive-original/1290-1300 I/728m.jpg,1290-1300 I,6,90-cw,1,2024,1436,C.O.O. Brugge,Magdalenahospitaal,,1297,03,30,,0,0
728,728o.jpg,recto,1,recto,,images/pages-recto/728o.png,images/archive-original/1290-1300 I/728o.jpg,1290-1300 I,6,90-cw,1,2024,1436,C.O.O. Brugge,Magdalenahospitaal,,1297,03,30,,0,0
729,729m.jpg,verso,0,verso,,images/pages-verso/729m.png,images/archive-original/1290-1300 I/729m.jpg,1290-1300 I,6,90-cw,1,2024,1436,C.O.O. Brugge,Magdalenahospitaal,,1297,03,09,,0,0
729,729o.jpg,recto,1,recto,,images/pages-recto/729o.png,images/archive-original/1290-1300 I/729o.jpg,1290-1300 I,6,90-cw,1,2024,1436,C.O.O. Brugge,Magdalenahospitaal,,1297,03,09,,0,0
730,730m.jpg,verso,0,verso,,images/pages-verso/730m.png,images/archive-original/1290-1300 I/730m.jpg,1290-1300 I,6,90-cw,1,2024,1436,Potterie Brugge,,,1299,07,21,,0,0
730,730o.jpg,recto,1,recto,,images/pages-recto/730o.png,images/archive-original/1290-1300 I/730o.jpg,1290-1300 I,6,90-cw,1,2024,1436,Potterie Brugge,,,1299,07,21,,0,0
731,731m.jpg,verso,0,verso,,images/pages-verso/731m.png,images/archive-original/1290-1300 I/731m.jpg,1290-1300 I,6,90-cw,1,2024,1436,Sint-Janshospitaal Brugge,,,129x,xx,xx,,0,0
731,731o.jpg,recto,1,recto,,images/pages-recto/731o.png,images/archive-original/1290-1300 I/731o.jpg,1290-1300 I,6,90-cw,1,2024,1436,Sint-Janshospitaal Brugge,,,129x,xx,xx,,0,0
732,732m.jpg,verso,0,verso,,images/pages-verso/732m.png,images/archive-original/1290-1300 I/732m.jpg,1290-1300 I,6,90-cw,1,2024,1436,SA Brugge,,1306/42,1290,01,01,,0,0
732,732o.jpg,recto,1,recto,,images/pages-recto/732o.png,images/archive-original/1290-1300 I/732o.jpg,1290-1300 I,6,90-cw,1,2024,1436,SA Brugge,,1306/42,1290,01,01,,0,0
733,733m.jpg,verso,0,verso,,images/pages-verso/733m.png,images/archive-original/1290-1300 I/733m.jpg,1290-1300 I,6,90-cw,1,2024,1436,Sint-Janshospitaal Brugge,,,1295,03,12,,0,0
733,733o.jpg,recto,1,recto,,images/pages-recto/733o.png,images/archive-original/1290-1300 I/733o.jpg,1290-1300 I,6,90-cw,1,2024,1436,Sint-Janshospitaal Brugge,,,1295,03,12,,0,0
734,734m.jpg,verso,0,verso,,images/pages-verso/734m.png,images/archive-original/1290-1300 I/734m.jpg,1290-1300 I,6,90-cw,1,2024,1436,Sint-Janshospitaal Brugge,,,1294,11,20,,0,0
734,734o.jpg,recto,1,recto,,images/pages-recto/734o.png,images/archive-original/1290-1300 I/734o.jpg,1290-1300 I,6,90-cw,1,2024,1436,Sint-Janshospitaal Brugge,,,1294,11,20,,0,0
735,735m.jpg,verso,0,verso,,images/pages-verso/735m.png,images/archive-original/1290-1300 I/735m.jpg,1290-1300 I,6,90-cw,1,2024,1436,Sint-Janshospitaal Brugge,,,1294,11,06,,0,0
735,735o.jpg,recto,1,recto,,images/pages-recto/735o.png,images/archive-original/1290-1300 I/735o.jpg,1290-1300 I,6,90-cw,1,2024,1436,Sint-Janshospitaal Brugge,,,1294,11,06,,0,0
736,736m.jpg,verso,0,verso,,images/pages-verso/736m.png,images/archive-original/1290-1300 I/736m.jpg,1290-1300 I,6,90-cw,1,2024,1436,Sint-Janshospitaal Brugge,,,1294,11,06,,0,0
736,736o.jpg,recto,1,recto,,images/pages-recto/736o.png,images/archive-original/1290-1300 I/736o.jpg,1290-1300 I,6,90-cw,1,2024,1436,Sint-Janshospitaal Brugge,,,1294,11,06,,0,0
737,737m.jpg,verso,0,verso,,images/pages-verso/737m.png,images/archive-original/1290-1300 I/737m.jpg,1290-1300 I,6,90-cw,1,2024,1436,Sint-Janshospitaal Brugge,,,1294,11,06,,0,0
737,737o.jpg,recto,1,recto,,images/pages-recto/737o.png,images/archive-original/1290-1300 I/737o.jpg,1290-1300 I,6,90-cw,1,2024,1436,Sint-Janshospitaal Brugge,,,1294,11,06,,0,0
738,738m.jpg,verso,0,verso,,images/pages-verso/738m.png,images/archive-original/1290-1300 I/738m.jpg,1290-1300 I,6,90-cw,1,2024,1436,Sint-Janshospitaal Brugge,,,1294,10,15,,0,0
738,738o.jpg,recto,1,recto,,images/pages-recto/738o.png,images/archive-original/1290-1300 I/738o.jpg,1290-1300 I,6,90-cw,1,2024,1436,Sint-Janshospitaal Brugge,,,1294,10,15,,0,0
739,739m.jpg,verso,0,verso,,images/pages-verso/739m.png,images/archive-original/1290-1300 I/739m.jpg,1290-1300 I,6,90-cw,1,2024,1436,Sint-Janshospitaal Brugge,,,1294,10,09,,0,0
739,739o.jpg,recto,1,recto,,images/pages-recto/739o.png,images/archive-original/1290-1300 I/739o.jpg,1290-1300 I,6,90-cw,1,2024,1436,Sint-Janshospitaal Brugge,,,1294,10,09,,0,0
740,740m.jpg,verso,0,verso,,images/pages-verso/740m.png,images/archive-original/1290-1300 I/740m.jpg,1290-1300 I,6,90-cw,1,2024,1436,Sint-Janshospitaal Brugge,,,1294,10,07,,0,0
740,740o.jpg,recto,1,recto,,images/pages-recto/740o.png,images/archive-original/1290-1300 I/740o.jpg,1290-1300 I,6,90-cw,1,2024,1436,Sint-Janshospitaal Brugge,,,1294,10,07,,0,0
741,741m.jpg,verso,0,verso,,images/pages-verso/741m.png,images/archive-original/1290-1300 I/741m.jpg,1290-1300 I,6,90-cw,1,2024,1436,Sint-Janshospitaal Brugge,,,1294,08,14,,0,0
741,741o.jpg,recto,1,recto,,images/pages-recto/741o.png,images/archive-original/1290-1300 I/741o.jpg,1290-1300 I,6,90-cw,1,2024,1436,Sint-Janshospitaal Brugge,,,1294,08,14,,0,0
742,742m.jpg,verso,0,verso,,images/pages-verso/742m.png,images/archive-original/1290-1300 I/742m.jpg,1290-1300 I,6,90-cw,1,2024,1436,Sint-Janshospitaal Brugge,,,1294,07,17,,0,0
742,742o.jpg,recto,1,recto,,images/pages-recto/742o.png,images/archive-original/1290-1300 I/742o.jpg,1290-1300 I,6,90-cw,1,2024,1436,Sint-Janshospitaal Brugge,,,1294,07,17,,0,0
743,743m.jpg,verso,0,verso,,images/pages-verso/743m.png,images/archive-original/1290-1300 I/743m.jpg,1290-1300 I,6,90-cw,1,2024,1436,Sint-Janshospitaal Brugge,,,1294,06,18,,0,0
743,743o.jpg,recto,1,recto,,images/pages-recto/743o.png,images/archive-original/1290-1300 I/743o.jpg,1290-1300 I,6,90-cw,1,2024,1436,Sint-Janshospitaal Brugge,,,1294,06,18,,0,0
744,744m.jpg,verso,0,verso,,images/pages-verso/744m.png,images/archive-original/1290-1300 I/744m.jpg,1290-1300 I,6,90-cw,1,2024,1436,Sint-Janshospitaal Brugge,,,1294,06,12,,0,0
744,744o.jpg,recto,1,recto,,images/pages-recto/744o.png,images/archive-original/1290-1300 I/744o.jpg,1290-1300 I,6,90-cw,1,2024,1436,Sint-Janshospitaal Brugge,,,1294,06,12,,0,0
745,745m.jpg,verso,0,verso,,images/pages-verso/745m.png,images/archive-original/1290-1300 I/745m.jpg,1290-1300 I,6,90-cw,1,2024,1436,Sint-Janshospitaal Brugge,,,1294,05,29,,0,0
745,745o.jpg,recto,1,recto,,images/pages-recto/745o.png,images/archive-original/1290-1300 I/745o.jpg,1290-1300 I,6,90-cw,1,2024,1436,Sint-Janshospitaal Brugge,,,1294,05,29,,0,0
746,746m.jpg,verso,0,verso,,images/pages-verso/746m.png,images/archive-original/1290-1300 I/746m.jpg,1290-1300 I,6,90-cw,1,2024,1436,Sint-Janshospitaal Brugge,,,1294,05,05,,0,0
746,746o.jpg,recto,1,recto,,images/pages-recto/746o.png,images/archive-original/1290-1300 I/746o.jpg,1290-1300 I,6,90-cw,1,2024,1436,Sint-Janshospitaal Brugge,,,1294,05,05,,0,0
747,747m.jpg,verso,0,verso,,images/pages-verso/747m.png,images/archive-original/1290-1300 I/747m.jpg,1290-1300 I,6,90-cw,1,2024,1436,Sint-Janshospitaal Brugge,,,1293,12,18,,0,0
747,747o.jpg,recto,1,recto,,images/pages-recto/747o.png,images/archive-original/1290-1300 I/747o.jpg,1290-1300 I,6,90-cw,1,2024,1436,Sint-Janshospitaal Brugge,,,1293,12,18,,0,0
748,748m.jpg,verso,0,verso,,images/pages-verso/748m.png,images/archive-original/1290-1300 I/748m.jpg,1290-1300 I,6,90-cw,1,2024,1436,Sint-Janshospitaal Brugge,,,1293,10,29,,0,0
748,748o.jpg,recto,1,recto,,images/pages-recto/748o.png,images/archive-original/1290-1300 I/748o.jpg,1290-1300 I,6,90-cw,1,2024,1436,Sint-Janshospitaal Brugge,,,1293,10,29,,0,0
749,749m.jpg,verso,0,verso,,images/pages-verso/749m.png,images/archive-original/1290-1300 I/749m.jpg,1290-1300 I,6,90-cw,1,2024,1436,Sint-Janshospitaal Brugge,,,1293,07,25,,0,0
749,749o.jpg,recto,1,recto,,images/pages-recto/749o.png,images/archive-original/1290-1300 I/749o.jpg,1290-1300 I,6,90-cw,1,2024,1436,Sint-Janshospitaal Brugge,,,1293,07,25,,0,0
750,750m.jpg,verso,0,verso,,images/pages-verso/750m.png,images/archive-original/1290-1300 I/750m.jpg,1290-1300 I,6,90-cw,1,2024,1436,Sint-Janshospitaal Brugge,,,1293,07,18,,0,0
750,750o.jpg,recto,1,recto,,images/pages-recto/750o.png,images/archive-original/1290-1300 I/750o.jpg,1290-1300 I,6,90-cw,1,2024,1436,Sint-Janshospitaal Brugge,,,1293,07,18,,0,0
751,751m.jpg,verso,0,verso,,images/pages-verso/751m.png,images/archive-original/1290-1300 I/751m.jpg,1290-1300 I,6,90-cw,1,2024,1436,Sint-Janshospitaal Brugge,,,1293,05,01,,0,0
751,751o.jpg,recto,1,recto,,images/pages-recto/751o.png,images/archive-original/1290-1300 I/751o.jpg,1290-1300 I,6,90-cw,1,2024,1436,Sint-Janshospitaal Brugge,,,1293,05,01,,0,0
752,752m.jpg,verso,0,verso,,images/pages-verso/752m.png,images/archive-original/1290-1300 I/752m.jpg,1290-1300 I,6,90-cw,1,2024,1436,Sint-Janshospitaal Brugge,,,1293,04,18,,0,0
752,752o.jpg,recto,1,recto,,images/pages-recto/752o.png,images/archive-original/1290-1300 I/752o.jpg,1290-1300 I,6,90-cw,1,2024,1436,Sint-Janshospitaal Brugge,,,1293,04,18,,0,0
753,753m.jpg,verso,0,verso,,images/pages-verso/753m.png,images/archive-original/1290-1300 I/753m.jpg,1290-1300 I,6,90-cw,1,2024,1436,Sint-Janshospitaal Brugge,,,1293,04,05,,0,0
753,753o.jpg,recto,1,recto,,images/pages-recto/753o.png,images/archive-original/1290-1300 I/753o.jpg,1290-1300 I,6,90-cw,1,2024,1436,Sint-Janshospitaal Brugge,,,1293,04,05,,0,0
754,754m.jpg,verso,0,verso,,images/pages-verso/754m.png,images/archive-original/1290-1300 I/754m.jpg,1290-1300 I,6,90-cw,1,2024,1436,Sint-Janshospitaal Brugge,,,1292,09,24,,0,0
754,754o.jpg,recto,1,recto,,images/pages-recto/754o.png,images/archive-original/1290-1300 I/754o.jpg,1290-1300 I,6,90-cw,1,2024,1436,Sint-Janshospitaal Brugge,,,1292,09,24,,0,0
755,755m.jpg,verso,0,verso,,images/pages-verso/755m.png,images/archive-original/1290-1300 I/755m.jpg,1290-1300 I,6,90-cw,1,2024,1436,Sint-Janshospitaal Brugge,,,1292,06,17,,0,0
755,755o.jpg,recto,1,recto,,images/pages-recto/755o.png,images/archive-original/1290-1300 I/755o.jpg,1290-1300 I,6,90-cw,1,2024,1436,Sint-Janshospitaal Brugge,,,1292,06,17,,0,0
756,756m.jpg,verso,0,verso,,images/pages-verso/756m.png,images/archive-original/1290-1300 I/756m.jpg,1290-1300 I,6,90-cw,1,2024,1436,Sint-Janshospitaal Brugge,,,1292,06,14,,0,0
756,756o.jpg,recto,1,recto,,images/pages-recto/756o.png,images/archive-original/1290-1300 I/756o.jpg,1290-1300 I,6,90-cw,1,2024,1436,Sint-Janshospitaal Brugge,,,1292,06,14,,0,0
757,757m.jpg,verso,0,verso,,images/pages-verso/757m.png,images/archive-original/1290-1300 I/757m.jpg,1290-1300 I,6,90-cw,1,2024,1436,C.O.O. Brugge,Begijnhof,,1300,08,09,,0,0
757,757o.jpg,recto,1,recto,,images/pages-recto/757o.png,images/archive-original/1290-1300 I/757o.jpg,1290-1300 I,6,90-cw,1,2024,1436,C.O.O. Brugge,Begijnhof,,1300,08,09,,0,0
758,758m.jpg,verso,0,verso,,images/pages-verso/758m.png,images/archive-original/1290-1300 I/758m.jpg,1290-1300 I,6,90-cw,1,2024,1436,C.O.O. Brugge,Magdalenahospitaal,,1300,07,16,,0,0
758,758o.jpg,recto,1,recto,,images/pages-recto/758o.png,images/archive-original/1290-1300 I/758o.jpg,1290-1300 I,6,90-cw,1,2024,1436,C.O.O. Brugge,Magdalenahospitaal,,1300,07,16,,0,0
759,759m.jpg,verso,0,verso,,images/pages-verso/759m.png,images/archive-original/1290-1300 I/759m.jpg,1290-1300 I,6,90-cw,1,2024,1436,C.O.O. Brugge,Magdalenahospitaal,,1300,02,27,,0,0
759,759o.jpg,recto,1,recto,,images/pages-recto/759o.png,images/archive-original/1290-1300 I/759o.jpg,1290-1300 I,6,90-cw,1,2024,1436,C.O.O. Brugge,Magdalenahospitaal,,1300,02,27,,0,0
760,760m.jpg,verso,0,verso,,images/pages-verso/760m.png,images/archive-original/1290-1300 I/760m.jpg,1290-1300 I,6,90-cw,1,2024,1436,C.O.O. Brugge,Begijnhof,,1299,12,31,,0,0
760,760o.jpg,recto,1,recto,,images/pages-recto/760o.png,images/archive-original/1290-1300 I/760o.jpg,1290-1300 I,6,90-cw,1,2024,1436,C.O.O. Brugge,Begijnhof,,1299,12,31,,0,0
761,761m.jpg,verso,0,verso,,images/pages-verso/761m.png,images/archive-original/1290-1300 I/761m.jpg,1290-1300 I,6,90-cw,1,2024,1436,C.O.O. Brugge,Begijnhof,,1299,11,18,,0,0
761,761o.jpg,recto,1,recto,,images/pages-recto/761o.png,images/archive-original/1290-1300 I/761o.jpg,1290-1300 I,6,90-cw,1,2024,1436,C.O.O. Brugge,Begijnhof,,1299,11,18,,0,0
762,762m.jpg,verso,0,verso,,images/pages-verso/762m.png,images/archive-original/1290-1300 I/762m.jpg,1290-1300 I,6,90-cw,1,2024,1436,C.O.O. Brugge,Magdalenahospitaal,,1299,10,24,,0,0
762,762o.jpg,recto,1,recto,,images/pages-recto/762o.png,images/archive-original/1290-1300 I/762o.jpg,1290-1300 I,6,90-cw,1,2024,1436,C.O.O. Brugge,Magdalenahospitaal,,1299,10,24,,0,0
763,763m.jpg,verso,0,verso,,images/pages-verso/763m.png,images/archive-original/1290-1300 I/763m.jpg,1290-1300 I,6,90-cw,1,2024,1436,C.O.O. Brugge,Begijnhof,,1299,06,30,,0,0
763,763o.jpg,recto,1,recto,,images/pages-recto/763o.png,images/archive-original/1290-1300 I/763o.jpg,1290-1300 I,6,90-cw,1,2024,1436,C.O.O. Brugge,Begijnhof,,1299,06,30,,0,0
764,764m.jpg,verso,0,verso,,images/pages-verso/764m.png,images/archive-original/1290-1300 I/764m.jpg,1290-1300 I,6,90-cw,1,2024,1436,Sint-Janshospitaal Brugge,,,1292,12,12,,0,0
764,764o.jpg,recto,1,recto,,images/pages-recto/764o.png,images/archive-original/1290-1300 I/764o.jpg,1290-1300 I,6,90-cw,1,2024,1436,Sint-Janshospitaal Brugge,,,1292,12,12,,0,0
765,765m.jpg,verso,0,verso,,images/pages-verso/765m.png,images/archive-original/1290-1300 I/765m.jpg,1290-1300 I,6,90-cw,1,2024,1436,Sint-Janshospitaal Brugge,,,1292,08,23,,0,0
765,765o.jpg,recto,1,recto,,images/pages-recto/765o.png,images/archive-original/1290-1300 I/765o.jpg,1290-1300 I,6,90-cw,1,2024,1436,Sint-Janshospitaal Brugge,,,1292,08,23,,0,0
766,766m.jpg,verso,0,verso,,images/pages-verso/766m.png,images/archive-original/1290-1300 I/766m.jpg,1290-1300 I,6,90-cw,1,2024,1436,C.O.O. Brugge,Magdalenahospitaal,,1299,06,13,,0,0
766,766o.jpg,recto,1,recto,,images/pages-recto/766o.png,images/archive-original/1290-1300 I/766o.jpg,1290-1300 I,6,90-cw,1,2024,1436,C.O.O. Brugge,Magdalenahospitaal,,1299,06,13,,0,0
767,767m.jpg,verso,0,verso,,images/pages-verso/767m.png,images/archive-original/1290-1300 I/767m.jpg,1290-1300 I,6,90-cw,1,2024,1436,C.O.O. Brugge,Magdalenahospitaal,,1299,05,01,,0,0
767,767o.jpg,recto,1,recto,,images/pages-recto/767o.png,images/archive-original/1290-1300 I/767o.jpg,1290-1300 I,6,90-cw,1,2024,1436,C.O.O. Brugge,Magdalenahospitaal,,1299,05,01,,0,0
768,768m.jpg,verso,0,verso,,images/pages-verso/768m.png,images/archive-original/1290-1300 I/768m.jpg,1290-1300 I,6,90-cw,1,2024,1436,C.O.O. Brugge,Dis Sint-Salvators,,1299,04,03,,0,0
768,768o.jpg,recto,1,recto,,images/pages-recto/768o.png,images/archive-original/1290-1300 I/768o.jpg,1290-1300 I,6,90-cw,1,2024,1436,C.O.O. Brugge,Dis Sint-Salvators,,1299,04,03,,0,0
769,769m.jpg,verso,0,verso,,images/pages-verso/769m.png,images/archive-original/1290-1300 I/769m.jpg,1290-1300 I,6,90-cw,1,2024,1436,C.O.O. Brugge,Dis Sint-Gillis,,1299,02,20,,0,0
769,769o.jpg,recto,1,recto,,images/pages-recto/769o.png,images/archive-original/1290-1300 I/769o.jpg,1290-1300 I,6,90-cw,1,2024,1436,C.O.O. Brugge,Dis Sint-Gillis,,1299,02,20,,0,0
770,770m.jpg,verso,0,verso,,images/pages-verso/770m.png,images/archive-original/1290-1300 I/770m.jpg,1290-1300 I,6,90-cw,1,2024,1436,C.O.O. Brugge,Magdalenahospitaal,,1298,03,29,,0,0
770,770o.jpg,recto,1,recto,,images/pages-recto/770o.png,images/archive-original/1290-1300 I/770o.jpg,1290-1300 I,6,90-cw,1,2024,1436,C.O.O. Brugge,Magdalenahospitaal,,1298,03,29,,0,0
771,771m.jpg,verso,0,verso,,images/pages-verso/771m.png,images/archive-original/1290-1300 I/771m.jpg,1290-1300 I,6,90-cw,1,2024,1436,RA Antwerpen,Pitsenburg,,1296,08,20,,0,0
771,771o.jpg,recto,1,recto,,images/pages-recto/771o.png,images/archive-original/1290-1300 I/771o.jpg,1290-1300 I,6,90-cw,1,1654,1168,RA Antwerpen,Pitsenburg,,1296,08,20,,0,0
772,772m.jpg,verso,0,verso,,images/pages-verso/772m.png,images/archive-original/1290-1300 I/772m.jpg,1290-1300 I,6,90-cw,1,2024,1436,Potterie Brugge,,,1300,04,09,,0,0
772,772o.jpg,recto,1,recto,,images/pages-recto/772o.png,images/archive-original/1290-1300 I/772o.jpg,1290-1300 I,6,90-cw,1,2024,1436,Potterie Brugge,,,1300,04,09,,0,0
773,773m.jpg,verso,0,verso,,images/pages-verso/773m.png,images/archive-original/1290-1300 I/773m.jpg,1290-1300 I,6,90-cw,1,2024,1436,Potterie Brugge,,,1300,07,16,,0,0
773,773o.jpg,recto,1,recto,,images/pages-recto/773o.png,images/archive-original/1290-1300 I/773o.jpg,1290-1300 I,6,90-cw,1,2024,1436,Potterie Brugge,,,1300,07,16,,0,0
774,774m.jpg,verso,0,verso,,images/pages-verso/774m.png,images/archive-original/1290-1300 I/774m.jpg,1290-1300 I,6,90-cw,1,2024,1436,Potterie Brugge,,,1300,07,23,,0,0
774,774o.jpg,recto,1,recto,,images/pages-recto/774o.png,images/archive-original/1290-1300 I/774o.jpg,1290-1300 I,6,90-cw,1,2024,1436,Potterie Brugge,,,1300,07,23,,0,0
775,775m.jpg,verso,0,verso,,images/pages-verso/775m.png,images/archive-original/1290-1300 I/775m.jpg,1290-1300 I,6,90-cw,1,2024,1436,Sint-Janshospitaal Brugge,,,1300,05,25,,0,0
775,775o.jpg,recto,1,recto,,images/pages-recto/775o.png,images/archive-original/1290-1300 I/775o.jpg,1290-1300 I,6,90-cw,1,2024,1436,Sint-Janshospitaal Brugge,,,1300,05,25,,0,0
776,776m.jpg,verso,0,verso,,images/pages-verso/776m.png,images/archive-original/1290-1300 I/776m.jpg,1290-1300 I,6,90-cw,1,2024,1436,Sint-Janshospitaal Brugge,,,1299,08,16,,0,0
776,776o.jpg,recto,1,recto,,images/pages-recto/776o.png,images/archive-original/1290-1300 I/776o.jpg,1290-1300 I,6,90-cw,1,2024,1436,Sint-Janshospitaal Brugge,,,1299,08,16,,0,0
777,777m.jpg,verso,0,verso,,images/pages-verso/777m.png,images/archive-original/1290-1300 I/777m.jpg,1290-1300 I,6,90-cw,1,2024,1436,Sint-Janshospitaal Brugge,,,1299,06,22,,0,0
777,777o.jpg,recto,1,recto,,images/pages-recto/777o.png,images/archive-original/1290-1300 I/777o.jpg,1290-1300 I,6,90-cw,1,2024,1436,Sint-Janshospitaal Brugge,,,1299,06,22,,0,0
778,778m.jpg,verso,0,verso,,images/pages-verso/778m.png,images/archive-original/1290-1300 I/778m.jpg,1290-1300 I,6,90-cw,1,2024,1436,Sint-Janshospitaal Brugge,,,1299,06,13,,0,0
778,778o.jpg,recto,1,recto,,images/pages-recto/778o.png,images/archive-original/1290-1300 I/778o.jpg,1290-1300 I,6,90-cw,1,2024,1436,Sint-Janshospitaal Brugge,,,1299,06,13,,0,0
779,779m.jpg,verso,0,verso,,images/pages-verso/779m.png,images/archive-original/1290-1300 I/779m.jpg,1290-1300 I,6,90-cw,1,2024,1436,Sint-Janshospitaal Brugge,,,1299,04,25,,0,0
779,779o.jpg,recto,1,recto,,images/pages-recto/779o.png,images/archive-original/1290-1300 I/779o.jpg,1290-1300 I,6,90-cw,1,2024,1436,Sint-Janshospitaal Brugge,,,1299,04,25,,0,0
780,780m.jpg,verso,0,verso,,images/pages-verso/780m.png,images/archive-original/1290-1300 I/780m.jpg,1290-1300 I,6,90-cw,1,2024,1436,Sint-Janshospitaal Brugge,,,1299,02,27,,0,0
780,780o.jpg,recto,1,recto,,images/pages-recto/780o.png,images/archive-original/1290-1300 I/780o.jpg,1290-1300 I,6,90-cw,1,2024,1436,Sint-Janshospitaal Brugge,,,1299,02,27,,0,0
781,781m.jpg,verso,0,verso,,images/pages-verso/781m.png,images/archive-original/1290-1300 I/781m.jpg,1290-1300 I,6,90-cw,1,2024,1436,Sint-Janshospitaal Brugge,,,1299,02,15,,0,0
781,781o.jpg,recto,1,recto,,images/pages-recto/781o.png,images/archive-original/1290-1300 I/781o.jpg,1290-1300 I,6,90-cw,1,2024,1436,Sint-Janshospitaal Brugge,,,1299,02,15,,0,0
782,782m.jpg,verso,0,verso,,images/pages-verso/782m.png,images/archive-original/1290-1300 I/782m.jpg,1290-1300 I,6,90-cw,1,2024,1436,Sint-Janshospitaal Brugge,,,1298,11,29,,0,0
782,782o.jpg,recto,1,recto,,images/pages-recto/782o.png,images/archive-original/1290-1300 I/782o.jpg,1290-1300 I,6,90-cw,1,2024,1436,Sint-Janshospitaal Brugge,,,1298,11,29,,0,0
783,783m.jpg,verso,0,verso,,images/pages-verso/783m.png,images/archive-original/1290-1300 I/783m.jpg,1290-1300 I,6,90-cw,1,2024,1436,Sint-Janshospitaal Brugge,,,1298,05,08,,0,0
783,783o.jpg,recto,1,recto,,images/pages-recto/783o.png,images/archive-original/1290-1300 I/783o.jpg,1290-1300 I,6,90-cw,1,2024,1436,Sint-Janshospitaal Brugge,,,1298,05,08,,0,0
784,784m.jpg,verso,0,verso,,images/pages-verso/784m.png,images/archive-original/1290-1300 I/784m.jpg,1290-1300 I,6,90-cw,1,2024,1436,Sint-Janshospitaal Brugge,,,1298,05,08,,0,0
784,784o.jpg,recto,1,recto,,images/pages-recto/784o.png,images/archive-original/1290-1300 I/784o.jpg,1290-1300 I,6,90-cw,1,2024,1436,Sint-Janshospitaal Brugge,,,1298,05,08,,0,0
785,785m.jpg,verso,0,verso,,images/pages-verso/785m.png,images/archive-original/1290-1300 I/785m.jpg,1290-1300 I,6,90-cw,1,2024,1436,Sint-Janshospitaal Brugge,,,1298,03,15,,0,0
785,785o.jpg,recto,1,recto,,images/pages-recto/785o.png,images/archive-original/1290-1300 I/785o.jpg,1290-1300 I,6,90-cw,1,2024,1436,Sint-Janshospitaal Brugge,,,1298,03,15,,0,0
786,786m.jpg,verso,0,verso,,images/pages-verso/786m.png,images/archive-original/1290-1300 I/786m.jpg,1290-1300 I,6,90-cw,1,2024,1436,Sint-Janshospitaal Brugge,,,1298,01,04,,0,0
786,786o.jpg,recto,1,recto,,images/pages-recto/786o.png,images/archive-original/1290-1300 I/786o.jpg,1290-1300 I,6,90-cw,1,2024,1436,Sint-Janshospitaal Brugge,,,1298,01,04,,0,0
787,787m.jpg,verso,0,verso,,images/pages-verso/787m.png,images/archive-original/1290-1300 I/787m.jpg,1290-1300 I,6,90-cw,1,2024,1436,Sint-Janshospitaal Brugge,,,1297,07,18,,0,0
787,787o.jpg,recto,1,recto,,images/pages-recto/787o.png,images/archive-original/1290-1300 I/787o.jpg,1290-1300 I,6,90-cw,1,2024,1436,Sint-Janshospitaal Brugge,,,1297,07,18,,0,0
788,788m.jpg,verso,0,verso,,images/pages-verso/788m.png,images/archive-original/1290-1300 I/788m.jpg,1290-1300 I,6,90-cw,1,2024,1436,Sint-Janshospitaal Brugge,,,1297,03,01,,0,0
788,788o.jpg,recto,1,recto,,images/pages-recto/788o.png,images/archive-original/1290-1300 I/788o.jpg,1290-1300 I,6,90-cw,1,2024,1436,Sint-Janshospitaal Brugge,,,1297,03,01,,0,0
789,789m.jpg,verso,0,verso,,images/pages-verso/789m.png,images/archive-original/1290-1300 I/789m.jpg,1290-1300 I,6,90-cw,1,2024,1436,Sint-Janshospitaal Brugge,,,1297,03,01,,0,0
789,789o.jpg,recto,1,recto,,images/pages-recto/789o.png,images/archive-original/1290-1300 I/789o.jpg,1290-1300 I,6,90-cw,1,2024,1436,Sint-Janshospitaal Brugge,,,1297,03,01,,0,0
790,790m.jpg,verso,0,verso,,images/pages-verso/790m.png,images/archive-original/1290-1300 I/790m.jpg,1290-1300 I,6,90-cw,1,2024,1436,Sint-Janshospitaal Brugge,,,1297,01,31,,0,0
790,790o.jpg,recto,1,recto,,images/pages-recto/790o.png,images/archive-original/1290-1300 I/790o.jpg,1290-1300 I,6,90-cw,1,2024,1436,Sint-Janshospitaal Brugge,,,1297,01,31,,0,0
791,791m.jpg,verso,0,verso,,images/pages-verso/791m.png,images/archive-original/1290-1300 I/791m.jpg,1290-1300 I,6,90-cw,1,2024,1436,Sint-Janshospitaal Brugge,,,1296,12,31,,0,0
791,791o.jpg,recto,1,recto,,images/pages-recto/791o.png,images/archive-original/1290-1300 I/791o.jpg,1290-1300 I,6,90-cw,1,2024,1436,Sint-Janshospitaal Brugge,,,1296,12,31,,0,0
792,792m.jpg,verso,0,verso,,images/pages-verso/792m.png,images/archive-original/1290-1300 I/792m.jpg,1290-1300 I,6,90-cw,1,2024,1436,Sint-Janshospitaal Brugge,,,1296,12,20,,0,0
792,792o.jpg,recto,1,recto,,images/pages-recto/792o.png,images/archive-original/1290-1300 I/792o.jpg,1290-1300 I,6,90-cw,1,2024,1436,Sint-Janshospitaal Brugge,,,1296,12,20,,0,0
793,793m.jpg,verso,0,verso,,images/pages-verso/793m.png,images/archive-original/1290-1300 I/793m.jpg,1290-1300 I,6,90-cw,1,2024,1436,Sint-Janshospitaal Brugge,,,1296,12,05,,0,0
793,793o.jpg,recto,1,recto,,images/pages-recto/793o.png,images/archive-original/1290-1300 I/793o.jpg,1290-1300 I,6,90-cw,1,2024,1436,Sint-Janshospitaal Brugge,,,1296,12,05,,0,0
794,794m.jpg,verso,0,verso,,images/pages-verso/794m.png,images/archive-original/1290-1300 I/794m.jpg,1290-1300 I,6,90-cw,1,2024,1436,Sint-Janshospitaal Brugge,,,1296,11,29,,0,0
794,794o.jpg,recto,1,recto,,images/pages-recto/794o.png,images/archive-original/1290-1300 I/794o.jpg,1290-1300 I,6,90-cw,1,2024,1436,Sint-Janshospitaal Brugge,,,1296,11,29,,0,0
795,795m.jpg,verso,0,verso,,images/pages-verso/795m.png,images/archive-original/1290-1300 I/795m.jpg,1290-1300 I,6,90-cw,1,2024,1436,Sint-Janshospitaal Brugge,,,1296,11,24,,0,0
795,795o.jpg,recto,1,recto,,images/pages-recto/795o.png,images/archive-original/1290-1300 I/795o.jpg,1290-1300 I,6,90-cw,1,2024,1436,Sint-Janshospitaal Brugge,,,1296,11,24,,0,0
796,796m.jpg,verso,0,verso,,images/pages-verso/796m.png,images/archive-original/1290-1300 I/796m.jpg,1290-1300 I,6,90-cw,1,2024,1436,Sint-Janshospitaal Brugge,,,1296,11,18,,0,0
796,796o.jpg,recto,1,recto,,images/pages-recto/796o.png,images/archive-original/1290-1300 I/796o.jpg,1290-1300 I,6,90-cw,1,2024,1436,Sint-Janshospitaal Brugge,,,1296,11,18,,0,0
797,797m.jpg,verso,0,verso,,images/pages-verso/797m.png,images/archive-original/1290-1300 I/797m.jpg,1290-1300 I,6,90-cw,1,2024,1436,Sint-Janshospitaal Brugge,,,1296,09,08,,0,0
797,797o.jpg,recto,1,recto,,images/pages-recto/797o.png,images/archive-original/1290-1300 I/797o.jpg,1290-1300 I,6,90-cw,1,2024,1436,Sint-Janshospitaal Brugge,,,1296,09,08,,0,0
798,798m.jpg,verso,0,verso,,images/pages-verso/798m.png,images/archive-original/1290-1300 I/798m.jpg,1290-1300 I,6,90-cw,1,2024,1436,Sint-Janshospitaal Brugge,,,1296,08,26,,0,0
798,798o.jpg,recto,1,recto,,images/pages-recto/798o.png,images/archive-original/1290-1300 I/798o.jpg,1290-1300 I,6,90-cw,1,2024,1436,Sint-Janshospitaal Brugge,,,1296,08,26,,0,0
799,799m.jpg,verso,0,verso,,images/pages-verso/799m.png,images/archive-original/1290-1300 I/799m.jpg,1290-1300 I,6,90-cw,1,2024,1436,Sint-Janshospitaal Brugge,,,1296,08,05,,0,0
799,799o.jpg,recto,1,recto,,images/pages-recto/799o.png,images/archive-original/1290-1300 I/799o.jpg,1290-1300 I,6,90-cw,1,2024,1436,Sint-Janshospitaal Brugge,,,1296,08,05,,0,0
800,800m.jpg,verso,0,verso,,images/pages-verso/800m.png,images/archive-original/1290-1300 I/800m.jpg,1290-1300 I,6,90-cw,1,2024,1436,Sint-Janshospitaal Brugge,,,1296,08,05,,0,0
800,800o.jpg,recto,1,recto,,images/pages-recto/800o.png,images/archive-original/1290-1300 I/800o.jpg,1290-1300 I,6,90-cw,1,2024,1436,Sint-Janshospitaal Brugge,,,1296,08,05,,0,0
801,801m.jpg,verso,0,verso,,images/pages-verso/801m.png,images/archive-original/1290-1300 I/801m.jpg,1290-1300 I,6,90-cw,1,2024,1436,Sint-Janshospitaal Brugge,,,1296,07,26,,0,0
801,801o.jpg,recto,1,recto,,images/pages-recto/801o.png,images/archive-original/1290-1300 I/801o.jpg,1290-1300 I,6,90-cw,1,2024,1436,Sint-Janshospitaal Brugge,,,1296,07,26,,0,0
802,802m.jpg,verso,0,verso,,images/pages-verso/802m.png,images/archive-original/1290-1300 I/802m.jpg,1290-1300 I,6,90-cw,1,2024,1436,Sint-Janshospitaal Brugge,,,1296,07,19,vals 17e,0,0
802,802o.jpg,recto,1,recto,,images/pages-recto/802o.png,images/archive-original/1290-1300 I/802o.jpg,1290-1300 I,6,90-cw,1,2024,1436,Sint-Janshospitaal Brugge,,,1296,07,19,vals 17e,0,0
803,803m.jpg,verso,0,verso,,images/pages-verso/803m.png,images/archive-original/1290-1300 I/803m.jpg,1290-1300 I,6,90-cw,1,2024,1436,Sint-Janshospitaal Brugge,,,1296,07,15,,0,0
803,803o.jpg,recto,1,recto,,images/pages-recto/803o.png,images/archive-original/1290-1300 I/803o.jpg,1290-1300 I,6,90-cw,1,2024,1436,Sint-Janshospitaal Brugge,,,1296,07,15,,0,0
804,804m.jpg,verso,0,verso,,images/pages-verso/804m.png,images/archive-original/1290-1300 I/804m.jpg,1290-1300 I,6,90-cw,1,2024,1436,Sint-Janshospitaal Brugge,,,1296,07,13,,0,0
804,804o.jpg,recto,1,recto,,images/pages-recto/804o.png,images/archive-original/1290-1300 I/804o.jpg,1290-1300 I,6,90-cw,1,2024,1436,Sint-Janshospitaal Brugge,,,1296,07,13,,0,0
805,805m.jpg,verso,0,verso,,images/pages-verso/805m.png,images/archive-original/1290-1300 I/805m.jpg,1290-1300 I,6,90-cw,1,2024,1436,Sint-Janshospitaal Brugge,,,1296,07,07,,0,0
805,805o.jpg,recto,1,recto,,images/pages-recto/805o.png,images/archive-original/1290-1300 I/805o.jpg,1290-1300 I,6,90-cw,1,2024,1436,Sint-Janshospitaal Brugge,,,1296,07,07,,0,0
806,806m.jpg,verso,0,verso,,images/pages-verso/806m.png,images/archive-original/1290-1300 I/806m.jpg,1290-1300 I,6,90-cw,1,2024,1436,Sint-Janshospitaal Brugge,,,1296,06,22,,0,0
806,806o.jpg,recto,1,recto,,images/pages-recto/806o.png,images/archive-original/1290-1300 I/806o.jpg,1290-1300 I,6,90-cw,1,2024,1436,Sint-Janshospitaal Brugge,,,1296,06,22,,0,0
807,807m.jpg,verso,0,verso,,images/pages-verso/807m.png,images/archive-original/1290-1300 I/807m.jpg,1290-1300 I,6,90-cw,1,2024,1436,Sint-Janshospitaal Brugge,,,1296,04,28,,0,0
807,807o.jpg,recto,1,recto,,images/pages-recto/807o.png,images/archive-original/1290-1300 I/807o.jpg,1290-1300 I,6,90-cw,1,2024,1436,Sint-Janshospitaal Brugge,,,1296,04,28,,0,0
808,808m.jpg,verso,0,verso,,images/pages-verso/808m.png,images/archive-original/1290-1300 I/808m.jpg,1290-1300 I,6,90-cw,1,2024,1436,Sint-Janshospitaal Brugge,,,1296,02,11,,0,0
808,808o.jpg,recto,1,recto,,images/pages-recto/808o.png,images/archive-original/1290-1300 I/808o.jpg,1290-1300 I,6,90-cw,1,2024,1436,Sint-Janshospitaal Brugge,,,1296,02,11,,0,0
809,809m.jpg,verso,0,verso,,images/pages-verso/809m.png,images/archive-original/1290-1300 I/809m.jpg,1290-1300 I,6,90-cw,1,2024,1436,Sint-Janshospitaal Brugge,,,1296,01,31,,0,0
809,809o.jpg,recto,1,recto,,images/pages-recto/809o.png,images/archive-original/1290-1300 I/809o.jpg,1290-1300 I,6,90-cw,1,2024,1436,Sint-Janshospitaal Brugge,,,1296,01,31,,0,0
810,810m.jpg,verso,0,verso,,images/pages-verso/810m.png,images/archive-original/1290-1300 I/810m.jpg,1290-1300 I,6,90-cw,1,2024,1436,Sint-Janshospitaal Brugge,,,1295,12,17,,0,0
810,810o.jpg,recto,1,recto,,images/pages-recto/810o.png,images/archive-original/1290-1300 I/810o.jpg,1290-1300 I,6,90-cw,1,2024,1436,Sint-Janshospitaal Brugge,,,1295,12,17,,0,0
811,811m.jpg,verso,0,verso,,images/pages-verso/811m.png,images/archive-original/1290-1300 I/811m.jpg,1290-1300 I,6,90-cw,1,2024,1436,Sint-Janshospitaal Brugge,,,1295,12,17,,0,0
811,811o.jpg,recto,1,recto,,images/pages-recto/811o.png,images/archive-original/1290-1300 I/811o.jpg,1290-1300 I,6,90-cw,1,2024,1436,Sint-Janshospitaal Brugge,,,1295,12,17,,0,0
812,812m.jpg,verso,0,verso,,images/pages-verso/812m.png,images/archive-original/1290-1300 I/812m.jpg,1290-1300 I,6,90-cw,1,2024,1436,Sint-Janshospitaal Brugge,,,1295,12,17,,0,0
812,812o.jpg,recto,1,recto,,images/pages-recto/812o.png,images/archive-original/1290-1300 I/812o.jpg,1290-1300 I,6,90-cw,1,2024,1436,Sint-Janshospitaal Brugge,,,1295,12,17,,0,0
813,813m.jpg,verso,0,verso,,images/pages-verso/813m.png,images/archive-original/1290-1300 I/813m.jpg,1290-1300 I,6,90-cw,1,2024,1436,Sint-Janshospitaal Brugge,,,1295,11,20,,0,0
813,813o.jpg,recto,1,recto,,images/pages-recto/813o.png,images/archive-original/1290-1300 I/813o.jpg,1290-1300 I,6,90-cw,1,2024,1436,Sint-Janshospitaal Brugge,,,1295,11,20,,0,0
814,814m.jpg,verso,0,verso,,images/pages-verso/814m.png,images/archive-original/1290-1300 I/814m.jpg,1290-1300 I,6,90-cw,1,2024,1436,Sint-Janshospitaal Brugge,,,1295,11,15,,0,0
814,814o.jpg,recto,1,recto,,images/pages-recto/814o.png,images/archive-original/1290-1300 I/814o.jpg,1290-1300 I,6,90-cw,1,2024,1436,Sint-Janshospitaal Brugge,,,1295,11,15,,0,0
815,815m.jpg,verso,0,verso,,images/pages-verso/815m.png,images/archive-original/1290-1300 I/815m.jpg,1290-1300 I,6,90-cw,1,2024,1436,Sint-Janshospitaal Brugge,,,1295,11,05,,0,0
815,815o.jpg,recto,1,recto,,images/pages-recto/815o.png,images/archive-original/1290-1300 I/815o.jpg,1290-1300 I,6,90-cw,1,2024,1436,Sint-Janshospitaal Brugge,,,1295,11,05,,0,0
816,816m.jpg,verso,0,verso,,images/pages-verso/816m.png,images/archive-original/1290-1300 I/816m.jpg,1290-1300 I,6,90-cw,1,2024,1436,C.O.O. Brugge,Dis Sint-Gillis,,1297,01,26,,0,0
816,816o.jpg,recto,1,recto,,images/pages-recto/816o.png,images/archive-original/1290-1300 I/816o.jpg,1290-1300 I,6,90-cw,1,2024,1436,C.O.O. Brugge,Dis Sint-Gillis,,1297,01,26,,0,0
817,817m.jpg,verso,0,verso,,images/pages-verso/817m.png,images/archive-original/1290-1300 I/817m.jpg,1290-1300 I,6,90-cw,1,2024,1436,C.O.O. Brugge,Magdalenahospitaal,,1296,12,21,,0,0
817,817o.jpg,recto,1,recto,,images/pages-recto/817o.png,images/archive-original/1290-1300 I/817o.jpg,1290-1300 I,6,90-cw,1,2024,1436,C.O.O. Brugge,Magdalenahospitaal,,1296,12,21,,0,0
818,818m.jpg,verso,0,verso,,images/pages-verso/818m.png,images/archive-original/1290-1300 I/818m.jpg,1290-1300 I,6,90-cw,1,2024,1436,C.O.O. Brugge,Magdalenahospitaal,,1295,06,28,,0,0
818,818o.jpg,recto,1,recto,,images/pages-recto/818o.png,images/archive-original/1290-1300 I/818o.jpg,1290-1300 I,6,90-cw,1,2024,1436,C.O.O. Brugge,Magdalenahospitaal,,1295,06,28,,0,0
819,819m.jpg,verso,0,verso,,images/pages-verso/819m.png,images/archive-original/1290-1300 I/819m.jpg,1290-1300 I,6,90-cw,1,2024,1436,C.O.O. Brugge,Magdalenahospitaal,,1294,05,14,,0,0
819,819o.jpg,recto,1,recto,,images/pages-recto/819o.png,images/archive-original/1290-1300 I/819o.jpg,1290-1300 I,6,90-cw,1,2024,1436,C.O.O. Brugge,Magdalenahospitaal,,1294,05,14,,0,0
820,820m.jpg,verso,0,verso,,images/pages-verso/820m.png,images/archive-original/1290-1300 I/820m.jpg,1290-1300 I,6,90-cw,1,2024,1436,C.O.O. Brugge,Magdalenahospitaal,,1294,05,01,,0,0
820,820o.jpg,recto,1,recto,,images/pages-recto/820o.png,images/archive-original/1290-1300 I/820o.jpg,1290-1300 I,6,90-cw,1,2024,1436,C.O.O. Brugge,Magdalenahospitaal,,1294,05,01,,0,0
821,821m.jpg,verso,0,verso,,images/pages-verso/821m.png,images/archive-original/1290-1300 I/821m.jpg,1290-1300 I,6,90-cw,1,2024,1436,C.O.O. Brugge,rekening Watering van Blankenberge,,1294,04,21,,0,0
821,821o.jpg,recto,1,recto,,images/pages-recto/821o.png,images/archive-original/1290-1300 I/821o.jpg,1290-1300 I,6,90-cw,1,2024,1436,C.O.O. Brugge,rekening Watering van Blankenberge,,1294,04,21,,0,0
822,822m.jpg,verso,0,verso,,images/pages-verso/822m.png,images/archive-original/1290-1300 I/822m.jpg,1290-1300 I,6,90-cw,1,2024,1436,C.O.O. Brugge,Begijnhof,,129x,xx,xx,,0,0
822,822o.jpg,recto,1,recto,,images/pages-recto/822o.png,images/archive-original/1290-1300 I/822o.jpg,1290-1300 I,6,90-cw,1,2024,1436,C.O.O. Brugge,Begijnhof,,129x,xx,xx,,0,0
823,823m.jpg,verso,0,verso,,images/pages-verso/823m.png,images/archive-original/1290-1300 I/823m.jpg,1290-1300 I,6,90-cw,1,2024,1436,C.O.O. Brugge,Begijnhof,,1294,01,16,,0,0
823,823o.jpg,recto,1,recto,,images/pages-recto/823o.png,images/archive-original/1290-1300 I/823o.jpg,1290-1300 I,6,90-cw,1,2024,1436,C.O.O. Brugge,Begijnhof,,1294,01,16,,0,0
824,824m.jpg,verso,0,verso,,images/pages-verso/824m.png,images/archive-original/1290-1300 I/824m.jpg,1290-1300 I,6,90-cw,1,2024,1436,C.O.O. Brugge,Begijnhof,,1293,05,08,,0,0
824,824o.jpg,recto,1,recto,,images/pages-recto/824o.png,images/archive-original/1290-1300 I/824o.jpg,1290-1300 I,6,90-cw,1,2024,1436,C.O.O. Brugge,Begijnhof,,1293,05,08,,0,0
825,825m.jpg,verso,0,verso,,images/pages-verso/825m.png,images/archive-original/1290-1300 I/825m.jpg,1290-1300 I,6,90-cw,1,2024,1436,C.O.O. Brugge,rekening Watering van Blankenberge,,1293,04,01,,0,0
825,825o.jpg,recto,1,recto,,images/pages-recto/825o.png,images/archive-original/1290-1300 I/825o.jpg,1290-1300 I,6,90-cw,1,2024,1436,C.O.O. Brugge,rekening Watering van Blankenberge,,1293,04,01,,0,0
826,826m.jpg,verso,0,verso,,images/pages-verso/826m.png,images/archive-original/1290-1300 I/826m.jpg,1290-1300 I,6,90-cw,1,2024,1436,C.O.O. Brugge,Magdalenahospitaal,,1293,03,20,,0,0
826,826o.jpg,recto,1,recto,,images/pages-recto/826o.png,images/archive-original/1290-1300 I/826o.jpg,1290-1300 I,6,90-cw,1,2024,1436,C.O.O. Brugge,Magdalenahospitaal,,1293,03,20,,0,0
827,827m.jpg,verso,0,verso,,images/pages-verso/827m.png,images/archive-original/1290-1300 I/827m.jpg,1290-1300 I,6,90-cw,1,2024,1436,C.O.O. Brugge,Magdalenahospitaal,,1292,03,09,,0,0
827,827o.jpg,recto,1,recto,,images/pages-recto/827o.png,images/archive-original/1290-1300 I/827o.jpg,1290-1300 I,6,90-cw,1,2024,1436,C.O.O. Brugge,Magdalenahospitaal,,1292,03,09,,0,0
828,828m.jpg,verso,0,verso,,images/pages-verso/828m.png,images/archive-original/1290-1300 I/828m.jpg,1290-1300 I,6,90-cw,1,2024,1436,C.O.O. Brugge,Magdalenahospitaal,,1292,03,01,,0,0
828,828o.jpg,recto,1,recto,,images/pages-recto/828o.png,images/archive-original/1290-1300 I/828o.jpg,1290-1300 I,6,90-cw,1,2024,1436,C.O.O. Brugge,Magdalenahospitaal,,1292,03,01,,0,0
829,829m.jpg,verso,0,verso,,images/pages-verso/829m.png,images/archive-original/1290-1300 I/829m.jpg,1290-1300 I,6,90-cw,1,2024,1436,C.O.O. Brugge,Begijnhof,,1292,01,12,,0,0
829,829o.jpg,recto,1,recto,,images/pages-recto/829o.png,images/archive-original/1290-1300 I/829o.jpg,1290-1300 I,6,90-cw,1,2024,1436,C.O.O. Brugge,Begijnhof,,1292,01,12,,0,0
830,830m.jpg,verso,0,verso,,images/pages-verso/830m.png,images/archive-original/1290-1300 I/830m.jpg,1290-1300 I,6,90-cw,1,2024,1436,C.O.O. Brugge,Magdalenahospitaal,,1291,10,31,,0,0
830,830o.jpg,recto,1,recto,,images/pages-recto/830o.png,images/archive-original/1290-1300 I/830o.jpg,1290-1300 I,6,90-cw,1,2024,1436,C.O.O. Brugge,Magdalenahospitaal,,1291,10,31,,0,0
831,831m.jpg,verso,0,verso,,images/pages-verso/831m.png,images/archive-original/1290-1300 I/831m.jpg,1290-1300 I,6,90-cw,1,2024,1436,C.O.O. Brugge,Magdalenahospitaal,,1291,09,27,,0,0
831,831o.jpg,recto,1,recto,,images/pages-recto/831o.png,images/archive-original/1290-1300 I/831o.jpg,1290-1300 I,6,90-cw,1,2024,1436,C.O.O. Brugge,Magdalenahospitaal,,1291,09,27,,0,0
832,832m.jpg,verso,0,verso,,images/pages-verso/832m.png,images/archive-original/1290-1300 I/832m.jpg,1290-1300 I,6,90-cw,1,2024,1436,C.O.O. Brugge,Magdalenahospitaal,,1291,09,01,,0,0
832,832o.jpg,recto,1,recto,,images/pages-recto/832o.png,images/archive-original/1290-1300 I/832o.jpg,1290-1300 I,6,90-cw,1,2024,1436,C.O.O. Brugge,Magdalenahospitaal,,1291,09,01,,0,0
833,833m.jpg,verso,0,verso,,images/pages-verso/833m.png,images/archive-original/1290-1300 I/833m.jpg,1290-1300 I,6,90-cw,1,2024,1436,C.O.O. Brugge,Magdalenahospitaal,,1291,07,21,,0,0
833,833o.jpg,recto,1,recto,,images/pages-recto/833o.png,images/archive-original/1290-1300 I/833o.jpg,1290-1300 I,6,90-cw,1,2024,1436,C.O.O. Brugge,Magdalenahospitaal,,1291,07,21,,0,0
834,834m.jpg,verso,0,verso,,images/pages-verso/834m.png,images/archive-original/1290-1300 I/834m.jpg,1290-1300 I,6,90-cw,1,2024,1436,C.O.O. Brugge,Begijnhof,,1291,04,14,,0,0
834,834o.jpg,recto,1,recto,,images/pages-recto/834o.png,images/archive-original/1290-1300 I/834o.jpg,1290-1300 I,6,90-cw,1,2024,1436,C.O.O. Brugge,Begijnhof,,1291,04,14,,0,0
835,835m.jpg,verso,0,verso,,images/pages-verso/835m.png,images/archive-original/1290-1300 I/835m.jpg,1290-1300 I,6,90-cw,1,2024,1436,C.O.O. Brugge,Magdalenahospitaal,,1291,03,31,,0,0
835,835o.jpg,recto,1,recto,,images/pages-recto/835o.png,images/archive-original/1290-1300 I/835o.jpg,1290-1300 I,6,90-cw,1,2024,1436,C.O.O. Brugge,Magdalenahospitaal,,1291,03,31,,0,0
836,836m.jpg,verso,0,verso,,images/pages-verso/836m.png,images/archive-original/1290-1300 I/836m.jpg,1290-1300 I,6,90-cw,1,2024,1436,C.O.O. Brugge,Dis Sint-Salvators,,1291,03,26,,0,0
836,836o.jpg,recto,1,recto,,images/pages-recto/836o.png,images/archive-original/1290-1300 I/836o.jpg,1290-1300 I,6,90-cw,1,2024,1436,C.O.O. Brugge,Dis Sint-Salvators,,1291,03,26,,0,0
837,837m.jpg,verso,0,verso,,images/pages-verso/837m.png,images/archive-original/1290-1300 I/837m.jpg,1290-1300 I,6,90-cw,1,2024,1436,C.O.O. Brugge,Magdalenahospitaal,,1300,08,20,,0,0
837,837o.jpg,recto,1,recto,,images/pages-recto/837o.png,images/archive-original/1290-1300 I/837o.jpg,1290-1300 I,6,90-cw,1,2024,1436,C.O.O. Brugge,Magdalenahospitaal,,1300,08,20,,0,0
838,838m.jpg,verso,0,verso,,images/pages-verso/838m.png,images/archive-original/1290-1300 I/838m.jpg,1290-1300 I,6,90-cw,1,2024,1436,Potterie Brugge,,,1299,07,04,,0,0
838,838o.jpg,recto,1,recto,,images/pages-recto/838o.png,images/archive-original/1290-1300 I/838o.jpg,1290-1300 I,6,90-cw,1,2024,1436,Potterie Brugge,,,1299,07,04,,0,0
839,839m.jpg,verso,0,verso,,images/pages-verso/839m.png,images/archive-original/1290-1300 I/839m.jpg,1290-1300 I,6,90-cw,1,2024,1436,SA Brugge,,1306/174,1299,09,xx,,0,0
839,839o.jpg,recto,1,recto,,images/pages-recto/839o.png,images/archive-original/1290-1300 I/839o.jpg,1290-1300 I,6,90-cw,1,2024,1436,SA Brugge,,1306/174,1299,09,xx,,0,0
840,840m.jpg,verso,0,verso,,images/pages-verso/840m.png,images/archive-original/1290-1300 I/840m.jpg,1290-1300 I,6,90-cw,1,2024,1436,SA Brugge,,1306/140,1294,12,25,,0,0
840,840o.jpg,recto,1,recto,,images/pages-recto/840o.png,images/archive-original/1290-1300 I/840o.jpg,1290-1300 I,6,90-cw,1,2024,1436,SA Brugge,,1306/140,1294,12,25,,0,0
841,841m.jpg,verso,0,verso,,images/pages-verso/841m.png,images/archive-original/1290-1300 I/841m.jpg,1290-1300 I,6,90-cw,1,2024,1436,SA Brugge,,81,1294,12,30,,0,0
841,841o.jpg,recto,1,recto,,images/pages-recto/841o.png,images/archive-original/1290-1300 I/841o.jpg,1290-1300 I,6,90-cw,1,2024,1436,SA Brugge,,81,1294,12,30,,0,0
842,842m.jpg,verso,0,verso,,images/pages-verso/842m.png,images/archive-original/1290-1300 I/842m.jpg,1290-1300 I,6,90-cw,1,2024,1436,SA Brugge,,80,1294,12,18,,0,0
842,842o.jpg,recto,1,recto,,images/pages-recto/842o.png,images/archive-original/1290-1300 I/842o.jpg,1290-1300 I,6,90-cw,1,2024,1436,SA Brugge,,80,1294,12,18,,0,0
843,843m.jpg,verso,0,verso,,images/pages-verso/843m.png,images/archive-original/1290-1300 I/843m.jpg,1290-1300 I,6,90-cw,1,2024,1436,SA Brugge,,79,1294,12,04,,0,0
843,843o.jpg,recto,1,recto,,images/pages-recto/843o.png,images/archive-original/1290-1300 I/843o.jpg,1290-1300 I,6,90-cw,1,2024,1436,SA Brugge,,79,1294,12,04,,0,0
844,844m.jpg,verso,0,verso,,images/pages-verso/844m.png,images/archive-original/1290-1300 I/844m.jpg,1290-1300 I,6,90-cw,1,2024,1436,SA Brugge,,78,1294,11,13,,0,0
844,844o.jpg,recto,1,recto,,images/pages-recto/844o.png,images/archive-original/1290-1300 I/844o.jpg,1290-1300 I,6,90-cw,1,2024,1436,SA Brugge,,78,1294,11,13,,0,0
845,845m.jpg,verso,0,verso,,images/pages-verso/845m.png,images/archive-original/1290-1300 I/845m.jpg,1290-1300 I,6,90-cw,1,2024,1436,SA Brugge,,77,1294,10,21,,0,0
845,845o.jpg,recto,1,recto,,images/pages-recto/845o.png,images/archive-original/1290-1300 I/845o.jpg,1290-1300 I,6,90-cw,1,2024,1436,SA Brugge,,77,1294,10,21,,0,0
846,846m.jpg,verso,0,verso,,images/pages-verso/846m.png,images/archive-original/1290-1300 I/846m.jpg,1290-1300 I,6,90-cw,1,2024,1436,SA Brugge,,76,1294,09,18,,0,0
846,846o.jpg,recto,1,recto,,images/pages-recto/846o.png,images/archive-original/1290-1300 I/846o.jpg,1290-1300 I,6,90-cw,1,2024,1436,SA Brugge,,76,1294,09,18,,0,0
847,847m.jpg,verso,0,verso,,images/pages-verso/847m.png,images/archive-original/1290-1300 I/847m.jpg,1290-1300 I,6,90-cw,1,2024,1436,SA Brugge,,74,1294,07,10,,0,0
847,847o.jpg,recto,1,recto,,images/pages-recto/847o.png,images/archive-original/1290-1300 I/847o.jpg,1290-1300 I,6,90-cw,1,2024,1436,SA Brugge,,74,1294,07,10,,0,0
848,848m.jpg,verso,0,verso,,images/pages-verso/848m.png,images/archive-original/1290-1300 I/848m.jpg,1290-1300 I,6,90-cw,1,2024,1436,SA Brugge,,72,1294,06,12,,0,0
848,848o.jpg,recto,1,recto,,images/pages-recto/848o.png,images/archive-original/1290-1300 I/848o.jpg,1290-1300 I,6,90-cw,1,2024,1436,SA Brugge,,72,1294,06,12,,0,0
849,849m.jpg,verso,0,verso,,images/pages-verso/849m.png,images/archive-original/1290-1300 I/849m.jpg,1290-1300 I,6,90-cw,1,2024,1436,SA Brugge,,1306/88,1293,01,01,,0,0
849,849o.jpg,recto,1,recto,,images/pages-recto/849o.png,images/archive-original/1290-1300 I/849o.jpg,1290-1300 I,6,90-cw,1,2024,1436,SA Brugge,,1306/88,1293,01,01,,0,0
850,850m.jpg,verso,0,verso,,images/pages-verso/850m.png,images/archive-original/1290-1300 I/850m.jpg,1290-1300 I,6,90-cw,1,2024,1436,SA Brugge,,64,129x,xx,xx,,0,0
850,850o.jpg,recto,1,recto,,images/pages-recto/850o.png,images/archive-original/1290-1300 I/850o.jpg,1290-1300 I,1,native,0,1436,2024,SA Brugge,,64,129x,xx,xx,,0,0
851,851m.jpg,verso,0,verso,,images/pages-verso/851m.png,images/archive-original/1290-1300 I/851m.jpg,1290-1300 I,6,90-cw,1,2024,1436,SA Brugge,Bogaarden I,17,1292,02,25,,0,0
851,851o.jpg,recto,1,recto,,images/pages-recto/851o.png,images/archive-original/1290-1300 I/851o.jpg,1290-1300 I,6,90-cw,1,2024,1436,SA Brugge,Bogaarden I,17,1292,02,25,,0,0
852,852m.jpg,verso,0,verso,,images/pages-verso/852m.png,images/archive-original/1290-1300 I/852m.jpg,1290-1300 I,6,90-cw,1,2024,1436,SA Brugge,,1306/54,1291,06,23,,0,0
852,852o.jpg,recto,1,recto,,images/pages-recto/852o.png,images/archive-original/1290-1300 I/852o.jpg,1290-1300 I,6,90-cw,1,2024,1436,SA Brugge,,1306/54,1291,06,23,,0,0
853,853m.jpg,verso,0,verso,,images/pages-verso/853m.png,images/archive-original/1290-1300 I/853m.jpg,1290-1300 I,6,90-cw,1,2024,1436,SA Brugge,Bogaarden I,10,1290,xx,xx,,0,0
853,853o.jpg,recto,1,recto,,images/pages-recto/853o.png,images/archive-original/1290-1300 I/853o.jpg,1290-1300 I,6,90-cw,1,2024,1436,SA Brugge,Bogaarden I,10,1290,xx,xx,,0,0
854,854m.jpg,verso,0,verso,,images/pages-verso/854m.png,images/archive-original/1290-1300 I/854m.jpg,1290-1300 I,6,90-cw,1,2024,1436,Sint-Janshospitaal Brugge,,,1292,06,27,,0,0
854,854o.jpg,recto,1,recto,,images/pages-recto/854o.png,images/archive-original/1290-1300 I/854o.jpg,1290-1300 I,6,90-cw,1,2024,1436,Sint-Janshospitaal Brugge,,,1292,06,27,,0,0
855,855m.jpg,verso,0,verso,,images/pages-verso/855m.png,images/archive-original/1290-1300 I/855m.jpg,1290-1300 I,6,90-cw,1,2024,1436,Sint-Janshospitaal Brugge,,,1292,06,06,,0,0
855,855o.jpg,recto,1,recto,,images/pages-recto/855o.png,images/archive-original/1290-1300 I/855o.jpg,1290-1300 I,6,90-cw,1,2024,1436,Sint-Janshospitaal Brugge,,,1292,06,06,,0,0
856,856m.jpg,verso,0,verso,,images/pages-verso/856m.png,images/archive-original/1290-1300 I/856m.jpg,1290-1300 I,6,90-cw,1,2024,1436,Sint-Janshospitaal Brugge,,,1292,05,24,,0,0
856,856o.jpg,recto,1,recto,,images/pages-recto/856o.png,images/archive-original/1290-1300 I/856o.jpg,1290-1300 I,6,90-cw,1,2024,1436,Sint-Janshospitaal Brugge,,,1292,05,24,,0,0
857,857m.jpg,verso,0,verso,,images/pages-verso/857m.png,images/archive-original/1290-1300 I/857m.jpg,1290-1300 I,6,90-cw,1,2024,1436,AB Mechelen,Beggaarden,,1293,08,30,,0,0
857,857o.jpg,recto,1,recto,,images/pages-recto/857o.png,images/archive-original/1290-1300 I/857o.jpg,1290-1300 I,6,90-cw,1,2024,1436,AB Mechelen,Beggaarden,,1293,08,30,,0,0
858,858m.jpg,verso,0,verso,,images/pages-verso/858m.png,images/archive-original/1290-1300 I/858m.jpg,1290-1300 I,6,90-cw,1,2024,1436,SA Antwerpen,,,129x,xx,xx,,0,0
858,858o.jpg,recto,1,recto,,images/pages-recto/858o.png,images/archive-original/1290-1300 I/858o.jpg,1290-1300 I,6,90-cw,1,2024,1436,SA Antwerpen,,,129x,xx,xx,,0,0
859,859m.jpg,verso,0,verso,,images/pages-verso/859m.png,images/archive-original/1290-1300 I/859m.jpg,1290-1300 I,6,90-cw,1,2024,1436,RA Antwerpen,Mechelse schepenbrieven,,1299,01,11,,0,0
859,859o.jpg,recto,1,recto,,images/pages-recto/859o.png,images/archive-original/1290-1300 I/859o.jpg,1290-1300 I,6,90-cw,1,2024,1436,RA Antwerpen,Mechelse schepenbrieven,,1299,01,11,,0,0
860,860m.jpg,verso,0,verso,,images/pages-verso/860m.png,images/archive-original/1290-1300 I/860m.jpg,1290-1300 I,,missing,0,1436,2024,Sint-Janshospitaal Brugge,,,1297,03,16,,0,0
860,860o.jpg,recto,1,recto,,images/pages-recto/860o.png,images/archive-original/1290-1300 I/860o.jpg,1290-1300 I,6,90-cw,1,2024,1436,Sint-Janshospitaal Brugge,,,1297,03,16,,0,0
861,861m.jpg,verso,0,verso,,images/pages-verso/861m.png,images/archive-original/1290-1300 I/861m.jpg,1290-1300 I,,missing,0,1436,2024,Sint-Janshospitaal Brugge,,,1295,03,14,,0,0
861,861o.jpg,recto,1,recto,,images/pages-recto/861o.png,images/archive-original/1290-1300 I/861o.jpg,1290-1300 I,6,90-cw,1,2024,1436,Sint-Janshospitaal Brugge,,,1295,03,14,,0,0
862,862m.jpg,verso,0,verso,,images/pages-verso/862m.png,images/archive-original/1290-1300 I/862m.jpg,1290-1300 I,,missing,0,1436,2024,Sint-Janshospitaal Brugge,,,1290,03,11,,0,0
862,862o.jpg,recto,1,recto,,images/pages-recto/862o.png,images/archive-original/1290-1300 I/862o.jpg,1290-1300 I,6,90-cw,1,2024,1436,Sint-Janshospitaal Brugge,,,1290,03,11,,0,0
863,863m.jpg,verso,0,verso,,images/pages-verso/863m.png,images/archive-original/1290-1300 I/863m.jpg,1290-1300 I,,missing,0,1436,2024,Sint-Janshospitaal Brugge,,,1290,01,28,,0,0
863,863o.jpg,recto,1,recto,,images/pages-recto/863o.png,images/archive-original/1290-1300 I/863o.jpg,1290-1300 I,6,90-cw,1,2024,1436,Sint-Janshospitaal Brugge,,,1290,01,28,,0,0
864,864m.jpg,verso,0,verso,,images/pages-verso/864m.png,images/archive-original/1290-1300 I/864m.jpg,1290-1300 I,1,native,0,1436,2024,Sint-Janshospitaal Brugge,,,1290,01,27,,0,0
864,864o.jpg,recto,1,recto,,images/pages-recto/864o.png,images/archive-original/1290-1300 I/864o.jpg,1290-1300 I,6,90-cw,1,2024,1436,Sint-Janshospitaal Brugge,,,1290,01,27,,0,0
865,865m.jpg,verso,0,verso,,images/pages-verso/865m.png,images/archive-original/1290-1300 I/865m.jpg,1290-1300 I,6,90-cw,1,2024,1436,Potterie Brugge,,,1299,11,13,,0,0
865,865o.jpg,recto,1,recto,,images/pages-recto/865o.png,images/archive-original/1290-1300 I/865o.jpg,1290-1300 I,1,native,0,2024,1436,Potterie Brugge,,,1299,11,13,,0,0
866,866m.jpg,verso,0,verso,,images/pages-verso/866m.png,images/archive-original/1290-1300 I/866m.jpg,1290-1300 I,6,90-cw,1,2024,1436,SA Brugge,,1306/177,1300,06,24,,0,0
866,866o.jpg,recto,1,recto,,images/pages-recto/866o.png,images/archive-original/1290-1300 I/866o.jpg,1290-1300 I,6,90-cw,1,2024,1436,SA Brugge,,1306/177,1300,06,24,,0,0
867,867m.jpg,verso,0,verso,,images/pages-verso/867m.png,images/archive-original/1290-1300 I/867m.jpg,1290-1300 I,6,90-cw,1,2024,1436,SA Brugge,,1306/176,1300,06,24,,0,0
867,867o.jpg,recto,1,recto,,images/pages-recto/867o.png,images/archive-original/1290-1300 I/867o.jpg,1290-1300 I,6,90-cw,1,2024,1436,SA Brugge,,1306/176,1300,06,24,,0,0
868,868m.jpg,verso,0,verso,,images/pages-verso/868m.png,images/archive-original/1290-1300 I/868m.jpg,1290-1300 I,6,90-cw,1,2024,1436,RA Brugge,blauw,11459,1300,05,xx,,0,0
868,868o.jpg,recto,1,recto,,images/pages-recto/868o.png,images/archive-original/1290-1300 I/868o.jpg,1290-1300 I,,missing,0,1436,2024,RA Brugge,blauw,11459,1300,05,xx,,0,0
869,869m.jpg,verso,0,verso,,images/pages-verso/869m.png,images/archive-original/1290-1300 I/869m.jpg,1290-1300 I,6,90-cw,1,2024,1436,SA Brugge,,146,1299,11,xx,,0,0
869,869o.jpg,recto,1,recto,,images/pages-recto/869o.png,images/archive-original/1290-1300 I/869o.jpg,1290-1300 I,6,90-cw,1,2024,1436,SA Brugge,,146,1299,11,xx,,0,0
870,870m.jpg,verso,0,verso,,images/pages-verso/870m.png,images/archive-original/1290-1300 I/870m.jpg,1290-1300 I,6,90-cw,1,2024,1436,Potterie Brugge,,,1299,12,19,,0,0
870,870o.jpg,recto,1,recto,,images/pages-recto/870o.png,images/archive-original/1290-1300 I/870o.jpg,1290-1300 I,6,90-cw,1,2024,1436,Potterie Brugge,,,1299,12,19,,0,0
871,871m.jpg,verso,0,verso,,images/pages-verso/871m.png,images/archive-original/1290-1300 I/871m.jpg,1290-1300 I,6,90-cw,1,2024,1436,AB Mechelen,Blijdenberg,,1291,06,09,,0,0
871,871o.jpg,recto,1,recto,,images/pages-recto/871o.png,images/archive-original/1290-1300 I/871o.jpg,1290-1300 I,6,90-cw,1,2024,1436,AB Mechelen,Blijdenberg,,1291,06,09,,0,0
872,872m.jpg,verso,0,verso,,images/pages-verso/872m.png,images/archive-original/1290-1300 I/872m.jpg,1290-1300 I,6,90-cw,1,2024,1436,AB Mechelen,Blijdenberg,,1291,06,21,,0,0
872,872o.jpg,recto,1,recto,,images/pages-recto/872o.png,images/archive-original/1290-1300 I/872o.jpg,1290-1300 I,6,90-cw,1,2024,1436,AB Mechelen,Blijdenberg,,1291,06,21,,0,0
873,873m.jpg,verso,0,verso,,images/pages-verso/873m.png,images/archive-original/1290-1300 I/873m.jpg,1290-1300 I,6,90-cw,1,2024,1436,AB Mechelen,Blijdenberg,,1292,06,03,,0,0
873,873o.jpg,recto,1,recto,,images/pages-recto/873o.png,images/archive-original/1290-1300 I/873o.jpg,1290-1300 I,6,90-cw,1,2024,1436,AB Mechelen,Blijdenberg,,1292,06,03,,0,0
874,874m.jpg,verso,0,verso,,images/pages-verso/874m.png,images/archive-original/1290-1300 I/874m.jpg,1290-1300 I,6,90-cw,1,2024,1436,AB Mechelen,Blijdenberg,,1292,07,01,,0,0
874,874o.jpg,recto,1,recto,,images/pages-recto/874o.png,images/archive-original/1290-1300 I/874o.jpg,1290-1300 I,6,90-cw,1,2024,1436,AB Mechelen,Blijdenberg,,1292,07,01,,0,0
875,875m.jpg,verso,0,verso,,images/pages-verso/875m.png,images/archive-original/1290-1300 I/875m.jpg,1290-1300 I,6,90-cw,1,2024,1436,AB Mechelen,Blijdenberg,,1293,03,10,,0,0
875,875o.jpg,recto,1,recto,,images/pages-recto/875o.png,images/archive-original/1290-1300 I/875o.jpg,1290-1300 I,6,90-cw,1,2024,1436,AB Mechelen,Blijdenberg,,1293,03,10,,0,0
876,876m.jpg,verso,0,verso,,images/pages-verso/876m.png,images/archive-original/1290-1300 I/876m.jpg,1290-1300 I,6,90-cw,1,2024,1436,AB Mechelen,Begijnhof,,1299,04,26,,0,0
876,876o.jpg,recto,1,recto,,images/pages-recto/876o.png,images/archive-original/1290-1300 I/876o.jpg,1290-1300 I,6,90-cw,1,2024,1436,AB Mechelen,Begijnhof,,1299,04,26,,0,0
877,877m.jpg,verso,0,verso,,images/pages-verso/877m.png,images/archive-original/1290-1300 I/877m.jpg,1290-1300 I,6,90-cw,1,2024,1436,AB Mechelen,Begijnhof,,1298,08,14,,0,0
877,877o.jpg,recto,1,recto,,images/pages-recto/877o.png,images/archive-original/1290-1300 I/877o.jpg,1290-1300 I,6,90-cw,1,2024,1436,AB Mechelen,Begijnhof,,1298,08,14,,0,0
878,878m.jpg,verso,0,verso,,images/pages-verso/878m.png,images/archive-original/1290-1300 I/878m.jpg,1290-1300 I,6,90-cw,1,2024,1436,AB Mechelen,Begijnhof,,129x,xx,xx,,0,0
878,878o.jpg,recto,1,recto,,images/pages-recto/878o.png,images/archive-original/1290-1300 I/878o.jpg,1290-1300 I,6,90-cw,1,2024,1436,AB Mechelen,Begijnhof,,129x,xx,xx,,0,0
879,879m.jpg,verso,0,verso,,images/pages-verso/879m.png,images/archive-original/1290-1300 I/879m.jpg,1290-1300 I,6,90-cw,1,2024,1436,AB Mechelen,Begijnhof,,1297,01,19,,0,0
879,879o.jpg,recto,1,recto,,images/pages-recto/879o.png,images/archive-original/1290-1300 I/879o.jpg,1290-1300 I,6,90-cw,1,2024,1436,AB Mechelen,Begijnhof,,1297,01,19,,0,0
880,880m.jpg,verso,0,verso,,images/pages-verso/880m.png,images/archive-original/1290-1300 I/880m.jpg,1290-1300 I,6,90-cw,1,2024,1436,AB Mechelen,Begijnhof,,1296,11,24,,0,0
880,880o.jpg,recto,1,recto,,images/pages-recto/880o.png,images/archive-original/1290-1300 I/880o.jpg,1290-1300 I,6,90-cw,1,2024,1436,AB Mechelen,Begijnhof,,1296,11,24,,0,0
881,881m.jpg,verso,0,verso,,images/pages-verso/881m.png,images/archive-original/1290-1300 I/881m.jpg,1290-1300 I,6,90-cw,1,2024,1436,AB Mechelen,Begijnhof,,1296,05,10,,0,0
881,881o.jpg,recto,1,recto,,images/pages-recto/881o.png,images/archive-original/1290-1300 I/881o.jpg,1290-1300 I,6,90-cw,1,2024,1436,AB Mechelen,Begijnhof,,1296,05,10,,0,0
882,882m.jpg,verso,0,verso,,images/pages-verso/882m.png,images/archive-original/1290-1300 I/882m.jpg,1290-1300 I,6,90-cw,1,2024,1436,AB Mechelen,Begijnhof,,1296,01,29,,0,0
882,882o.jpg,recto,1,recto,,images/pages-recto/882o.png,images/archive-original/1290-1300 I/882o.jpg,1290-1300 I,6,90-cw,1,2024,1436,AB Mechelen,Begijnhof,,1296,01,29,,0,0
883,883m.jpg,verso,0,verso,,images/pages-verso/883m.png,images/archive-original/1290-1300 I/883m.jpg,1290-1300 I,6,90-cw,1,2024,1436,AB Mechelen,Begijnhof,,1292,06,04,,0,0
883,883o.jpg,recto,1,recto,,images/pages-recto/883o.png,images/archive-original/1290-1300 I/883o.jpg,1290-1300 I,6,90-cw,1,2024,1436,AB Mechelen,Begijnhof,,1292,06,04,,0,0
884,884m.jpg,verso,0,verso,,images/pages-verso/884m.png,images/archive-original/1290-1300 I/884m.jpg,1290-1300 I,6,90-cw,1,2024,1436,AB Mechelen,Begijnhof,,1291,05,xx,,0,0
884,884o.jpg,recto,1,recto,,images/pages-recto/884o.png,images/archive-original/1290-1300 I/884o.jpg,1290-1300 I,6,90-cw,1,2024,1436,AB Mechelen,Begijnhof,,1291,05,xx,,0,0
885,885m.jpg,verso,0,verso,,images/pages-verso/885m.png,images/archive-original/1290-1300 I/885m.jpg,1290-1300 I,6,90-cw,1,2024,1436,AB Mechelen,Begijnhof,,1291,02,03,,0,0
885,885o.jpg,recto,1,recto,,images/pages-recto/885o.png,images/archive-original/1290-1300 I/885o.jpg,1290-1300 I,6,90-cw,1,2024,1436,AB Mechelen,Begijnhof,,1291,02,03,,0,0
886,886m.jpg,verso,0,verso,,images/pages-verso/886m.png,images/archive-original/1290-1300 I/886m.jpg,1290-1300 I,6,90-cw,1,2024,1436,AB Mechelen,Blijdenberg,,1293,03,24,,0,0
886,886o.jpg,recto,1,recto,,images/pages-recto/886o.png,images/archive-original/1290-1300 I/886o.jpg,1290-1300 I,6,90-cw,1,2024,1436,AB Mechelen,Blijdenberg,,1293,03,24,,0,0
887,887m.jpg,verso,0,verso,,images/pages-verso/887m.png,images/archive-original/1290-1300 I/887m.jpg,1290-1300 I,6,90-cw,1,2024,1436,AB Mechelen,Beggaarden,,1295,02,21,,0,0
887,887o.jpg,recto,1,recto,,images/pages-recto/887o.png,images/archive-original/1290-1300 I/887o.jpg,1290-1300 I,6,90-cw,1,2024,1436,AB Mechelen,Beggaarden,,1295,02,21,,0,0
888,888m.jpg,verso,0,verso,,images/pages-verso/888m.png,images/archive-original/1290-1300 I/888m.jpg,1290-1300 I,6,90-cw,1,2024,1436,AB Mechelen,Beggaarden,,1292,11,13,,0,0
888,888o.jpg,recto,1,recto,,images/pages-recto/888o.png,images/archive-original/1290-1300 I/888o.jpg,1290-1300 I,6,90-cw,1,2024,1436,AB Mechelen,Beggaarden,,1292,11,13,,0,0
889,889m.jpg,verso,0,verso,,images/pages-verso/889m.png,images/archive-original/1290-1300 I/889m.jpg,1290-1300 I,6,90-cw,1,2024,1436,AB Mechelen,Beggaarden,,1292,12,31,,0,0
889,889o.jpg,recto,1,recto,,images/pages-recto/889o.png,images/archive-original/1290-1300 I/889o.jpg,1290-1300 I,6,90-cw,1,2024,1436,AB Mechelen,Beggaarden,,1292,12,31,,0,0
890,890m.jpg,verso,0,verso,,images/pages-verso/890m.png,images/archive-original/1290-1300 I/890m.jpg,1290-1300 I,6,90-cw,1,2024,1436,AB Mechelen,Beggaarden,,1291,05,16,,0,0
890,890o.jpg,recto,1,recto,,images/pages-recto/890o.png,images/archive-original/1290-1300 I/890o.jpg,1290-1300 I,6,90-cw,1,2024,1436,AB Mechelen,Beggaarden,,1291,05,16,,0,0
891,891m.jpg,verso,0,verso,,images/pages-verso/891m.png,images/archive-original/1290-1300 I/891m.jpg,1290-1300 I,6,90-cw,1,2024,1436,AB Mechelen,Beggaarden,,1291,05,16,,0,0
891,891o.jpg,recto,1,recto,,images/pages-recto/891o.png,images/archive-original/1290-1300 I/891o.jpg,1290-1300 I,6,90-cw,1,2024,1436,AB Mechelen,Beggaarden,,1291,05,16,,0,0
892,892m.jpg,verso,0,verso,,images/pages-verso/892m.png,images/archive-original/1290-1300 I/892m.jpg,1290-1300 I,6,90-cw,1,2024,1436,AB Mechelen,Beggaarden,,1291,05,03,,0,0
892,892o.jpg,recto,1,recto,,images/pages-recto/892o.png,images/archive-original/1290-1300 I/892o.jpg,1290-1300 I,6,90-cw,1,2024,1436,AB Mechelen,Beggaarden,,1291,05,03,,0,0
893,893m.jpg,verso,0,verso,,images/pages-verso/893m.png,images/archive-original/1290-1300 I/893m.jpg,1290-1300 I,6,90-cw,1,2024,1436,SA Mechelen,,,1294,02,18,,0,0
893,893o.jpg,recto,1,recto,,images/pages-recto/893o.png,images/archive-original/1290-1300 I/893o.jpg,1290-1300 I,6,90-cw,1,2024,1436,SA Mechelen,,,1294,02,18,,0,0
894,894m.jpg,verso,0,verso,,images/pages-verso/894m.png,images/archive-original/1290-1300 I/894m.jpg,1290-1300 I,6,90-cw,1,2024,1436,AB Mechelen,Begijnhof,,1290,07,15,,0,0
894,894o.jpg,recto,1,recto,,images/pages-recto/894o.png,images/archive-original/1290-1300 I/894o.jpg,1290-1300 I,6,90-cw,1,2024,1436,AB Mechelen,Begijnhof,,1290,07,15,,0,0
895,895m.jpg,verso,0,verso,,images/pages-verso/895m.png,images/archive-original/1290-1300 I/895m.jpg,1290-1300 I,6,90-cw,1,2024,1436,SA Mechelen,Begijnhof,,1291,03,01,,0,0
895,895o.jpg,recto,1,recto,,images/pages-recto/895o.png,images/archive-original/1290-1300 I/895o.jpg,1290-1300 I,6,90-cw,1,2024,1436,SA Mechelen,Begijnhof,,1291,03,01,,0,0
896,896m.jpg,verso,0,verso,,images/pages-verso/896m.png,images/archive-original/1290-1300 I/896m.jpg,1290-1300 I,6,90-cw,1,2024,1436,SA Mechelen,Begijnhof,,1296,10,12,,0,0
896,896o.jpg,recto,1,recto,,images/pages-recto/896o.png,images/archive-original/1290-1300 I/896o.jpg,1290-1300 I,1,native,0,1436,2024,SA Mechelen,Begijnhof,,1296,10,12,,0,0
897,897m.jpg,verso,0,verso,,images/pages-verso/897m.png,images/archive-original/1290-1300 I/897m.jpg,1290-1300 I,6,90-cw,1,2024,1436,SA Mechelen,Begijnhof,,1300,11,17,,0,0
897,897o.jpg,recto,1,recto,,images/pages-recto/897o.png,images/archive-original/1290-1300 I/897o.jpg,1290-1300 I,6,90-cw,1,2024,1436,SA Mechelen,Begijnhof,,1300,11,17,,0,0
898,898m.jpg,verso,0,verso,,images/pages-verso/898m.png,images/archive-original/1290-1300 I/898m.jpg,1290-1300 I,6,90-cw,1,2024,1436,AB Mechelen,Blijdenberg,,1291,04,08,,0,0
898,898o.jpg,recto,1,recto,,images/pages-recto/898o.png,images/archive-original/1290-1300 I/898o.jpg,1290-1300 I,6,90-cw,1,2024,1436,AB Mechelen,Blijdenberg,,1291,04,08,,0,0
899,899m.jpg,verso,0,verso,,images/pages-verso/899m.png,images/archive-original/1290-1300 I/899m.jpg,1290-1300 I,6,90-cw,1,2024,1436,AB Mechelen,Blijdenberg,,1291,04,08,,0,0
899,899o.jpg,recto,1,recto,,images/pages-recto/899o.png,images/archive-original/1290-1300 I/899o.jpg,1290-1300 I,6,90-cw,1,2024,1436,AB Mechelen,Blijdenberg,,1291,04,08,,0,0
900,900m.jpg,verso,0,verso,,images/pages-verso/900m.png,images/archive-original/1290-1300 I/900m.jpg,1290-1300 I,6,90-cw,1,2024,1436,AB Mechelen,Blijdenberg,,1291,05,13,,0,0
900,900o.jpg,recto,1,recto,,images/pages-recto/900o.png,images/archive-original/1290-1300 I/900o.jpg,1290-1300 I,6,90-cw,1,2024,1436,AB Mechelen,Blijdenberg,,1291,05,13,,0,0
901,901m.jpg,verso,0,verso,,images/pages-verso/901m.png,images/archive-original/1290-1300 I/901m.jpg,1290-1300 I,6,90-cw,1,2024,1436,Potterie Brugge,,,1292,01,18,,0,0
901,901o.jpg,recto,1,recto,,images/pages-recto/901o.png,images/archive-original/1290-1300 I/901o.jpg,1290-1300 I,6,90-cw,1,2024,1436,Potterie Brugge,,,1292,01,18,,0,0
902,902m.jpg,verso,0,verso,,images/pages-verso/902m.png,images/archive-original/1290-1300 I/902m.jpg,1290-1300 I,6,90-cw,1,2024,1436,Potterie Brugge,,,1292,01,19,,0,0
902,902o.jpg,recto,1,recto,,images/pages-recto/902o.png,images/archive-original/1290-1300 I/902o.jpg,1290-1300 I,6,90-cw,1,2024,1436,Potterie Brugge,,,1292,01,19,,0,0
903,903m.jpg,verso,0,verso,,images/pages-verso/903m.png,images/archive-original/1290-1300 I/903m.jpg,1290-1300 I,6,90-cw,1,2024,1436,Potterie Brugge,,,1292,02,03,,0,0
903,903o.jpg,recto,1,recto,,images/pages-recto/903o.png,images/archive-original/1290-1300 I/903o.jpg,1290-1300 I,6,90-cw,1,2024,1436,Potterie Brugge,,,1292,02,03,,0,0
904,904m.jpg,verso,0,verso,,images/pages-verso/904m.png,images/archive-original/1290-1300 I/904m.jpg,1290-1300 I,6,90-cw,1,2024,1436,Potterie Brugge,,,1292,02,22,,0,0
904,904o.jpg,recto,1,recto,,images/pages-recto/904o.png,images/archive-original/1290-1300 I/904o.jpg,1290-1300 I,6,90-cw,1,2024,1436,Potterie Brugge,,,1292,02,22,,0,0
905,905m.jpg,verso,0,verso,,images/pages-verso/905m.png,images/archive-original/1290-1300 I/905m.jpg,1290-1300 I,6,90-cw,1,2024,1436,Potterie Brugge,,,1292,03,01,,0,0
905,905o.jpg,recto,1,recto,,images/pages-recto/905o.png,images/archive-original/1290-1300 I/905o.jpg,1290-1300 I,6,90-cw,1,2024,1436,Potterie Brugge,,,1292,03,01,,0,0
906,906m.jpg,verso,0,verso,,images/pages-verso/906m.png,images/archive-original/1290-1300 I/906m.jpg,1290-1300 I,6,90-cw,1,2024,1436,Potterie Brugge,,,1292,03,01,,0,0
906,906o.jpg,recto,1,recto,,images/pages-recto/906o.png,images/archive-original/1290-1300 I/906o.jpg,1290-1300 I,6,90-cw,1,2024,1436,Potterie Brugge,,,1292,03,01,,0,0
907,907m.jpg,verso,0,verso,,images/pages-verso/907m.png,images/archive-original/1290-1300 I/907m.jpg,1290-1300 I,6,90-cw,1,2024,1436,Potterie Brugge,,,1292,03,xx,,0,0
907,907o.jpg,recto,1,recto,,images/pages-recto/907o.png,images/archive-original/1290-1300 I/907o.jpg,1290-1300 I,6,90-cw,1,2024,1436,Potterie Brugge,,,1292,03,xx,,0,0
908,908m.jpg,verso,0,verso,,images/pages-verso/908m.png,images/archive-original/1290-1300 I/908m.jpg,1290-1300 I,6,90-cw,1,2024,1436,Potterie Brugge,,,1292,03,xx,,0,0
908,908o.jpg,recto,1,recto,,images/pages-recto/908o.png,images/archive-original/1290-1300 I/908o.jpg,1290-1300 I,6,90-cw,1,2024,1436,Potterie Brugge,,,1292,03,xx,,0,0
909,909m.jpg,verso,0,verso,,images/pages-verso/909m.png,images/archive-original/1290-1300 I/909m.jpg,1290-1300 I,6,90-cw,1,2024,1436,Potterie Brugge,,,1292,05,03,,0,0
909,909o.jpg,recto,1,recto,,images/pages-recto/909o.png,images/archive-original/1290-1300 I/909o.jpg,1290-1300 I,6,90-cw,1,2024,1436,Potterie Brugge,,,1292,05,03,,0,0
910,910m.jpg,verso,0,verso,,images/pages-verso/910m.png,images/archive-original/1290-1300 I/910m.jpg,1290-1300 I,6,90-cw,1,2024,1436,Potterie Brugge,,,1292,05,10,,0,0
910,910o.jpg,recto,1,recto,,images/pages-recto/910o.png,images/archive-original/1290-1300 I/910o.jpg,1290-1300 I,6,90-cw,1,2024,1436,Potterie Brugge,,,1292,05,10,,0,0
911,911m.jpg,verso,0,verso,,images/pages-verso/911m.png,images/archive-original/1290-1300 I/911m.jpg,1290-1300 I,6,90-cw,1,2024,1436,Potterie Brugge,,,1292,07,05,,0,0
911,911o.jpg,recto,1,recto,,images/pages-recto/911o.png,images/archive-original/1290-1300 I/911o.jpg,1290-1300 I,6,90-cw,1,2024,1436,Potterie Brugge,,,1292,07,05,,0,0
912,912m.jpg,verso,0,verso,,images/pages-verso/912m.png,images/archive-original/1290-1300 I/912m.jpg,1290-1300 I,6,90-cw,1,2024,1436,Potterie Brugge,,,1292,07,12,,0,0
912,912o.jpg,recto,1,recto,,images/pages-recto/912o.png,images/archive-original/1290-1300 I/912o.jpg,1290-1300 I,6,90-cw,1,2024,1436,Potterie Brugge,,,1292,07,12,,0,0
913,913m.jpg,verso,0,verso,,images/pages-verso/913m.png,images/archive-original/1290-1300 I/913m.jpg,1290-1300 I,6,90-cw,1,2024,1436,Potterie Brugge,,,1292,07,xx,,0,0
913,913o.jpg,recto,1,recto,,images/pages-recto/913o.png,images/archive-original/1290-1300 I/913o.jpg,1290-1300 I,6,90-cw,1,2024,1436,Potterie Brugge,,,1292,07,xx,,0,0
914,914m.jpg,verso,0,verso,,images/pages-verso/914m.png,images/archive-original/1290-1300 I/914m.jpg,1290-1300 I,6,90-cw,1,2024,1436,Potterie Brugge,,,1292,11,07,,0,0
914,914o.jpg,recto,1,recto,,images/pages-recto/914o.png,images/archive-original/1290-1300 I/914o.jpg,1290-1300 I,6,90-cw,1,2024,1436,Potterie Brugge,,,1292,11,07,,0,0
915,915m.jpg,verso,0,verso,,images/pages-verso/915m.png,images/archive-original/1290-1300 I/915m.jpg,1290-1300 I,6,90-cw,1,2024,1436,Potterie Brugge,,,1293,03,08,,0,0
915,915o.jpg,recto,1,recto,,images/pages-recto/915o.png,images/archive-original/1290-1300 I/915o.jpg,1290-1300 I,6,90-cw,1,2024,1436,Potterie Brugge,,,1293,03,08,,0,0
916,916m.jpg,verso,0,verso,,images/pages-verso/916m.png,images/archive-original/1290-1300 I/916m.jpg,1290-1300 I,6,90-cw,1,2024,1436,Potterie Brugge,,,1293,11,28,,0,0
916,916o.jpg,recto,1,recto,,images/pages-recto/916o.png,images/archive-original/1290-1300 I/916o.jpg,1290-1300 I,6,90-cw,1,2024,1436,Potterie Brugge,,,1293,11,28,,0,0
917,917m.jpg,verso,0,verso,,images/pages-verso/917m.png,images/archive-original/1290-1300 I/917m.jpg,1290-1300 I,6,90-cw,1,2024,1436,Potterie Brugge,,,1294,01,16,,0,0
917,917o.jpg,recto,1,recto,,images/pages-recto/917o.png,images/archive-original/1290-1300 I/917o.jpg,1290-1300 I,6,90-cw,1,2024,1436,Potterie Brugge,,,1294,01,16,,0,0
918,918m.jpg,verso,0,verso,,images/pages-verso/918m.png,images/archive-original/1290-1300 I/918m.jpg,1290-1300 I,6,90-cw,1,2024,1436,Potterie Brugge,,,1294,01,16,,0,0
918,918o.jpg,recto,1,recto,,images/pages-recto/918o.png,images/archive-original/1290-1300 I/918o.jpg,1290-1300 I,6,90-cw,1,2024,1436,Potterie Brugge,,,1294,01,16,,0,0
919,919m.jpg,verso,0,verso,,images/pages-verso/919m.png,images/archive-original/1290-1300 I/919m.jpg,1290-1300 I,6,90-cw,1,2024,1436,Potterie Brugge,,,1294,02,12,,0,0
919,919o.jpg,recto,1,recto,,images/pages-recto/919o.png,images/archive-original/1290-1300 I/919o.jpg,1290-1300 I,6,90-cw,1,2024,1436,Potterie Brugge,,,1294,02,12,,0,0
920,920m.jpg,verso,0,verso,,images/pages-verso/920m.png,images/archive-original/1290-1300 I/920m.jpg,1290-1300 I,6,90-cw,1,2024,1436,Potterie Brugge,,,1294,02,12,,0,0
920,920o.jpg,recto,1,recto,,images/pages-recto/920o.png,images/archive-original/1290-1300 I/920o.jpg,1290-1300 I,6,90-cw,1,2024,1436,Potterie Brugge,,,1294,02,12,,0,0
921,921m.jpg,verso,0,verso,,images/pages-verso/921m.png,images/archive-original/1290-1300 I/921m.jpg,1290-1300 I,6,90-cw,1,2024,1436,Potterie Brugge,,,129x,04,xx,,0,0
921,921o.jpg,recto,1,recto,,images/pages-recto/921o.png,images/archive-original/1290-1300 I/921o.jpg,1290-1300 I,6,90-cw,1,2024,1436,Potterie Brugge,,,129x,04,xx,,0,0
922,922m.jpg,verso,0,verso,,images/pages-verso/922m.png,images/archive-original/1290-1300 I/922m.jpg,1290-1300 I,6,90-cw,1,2024,1436,Potterie Brugge,,,1295,01,11,,0,0
922,922o.jpg,recto,1,recto,,images/pages-recto/922o.png,images/archive-original/1290-1300 I/922o.jpg,1290-1300 I,6,90-cw,1,2024,1436,Potterie Brugge,,,1295,01,11,,0,0
923,923m.jpg,verso,0,verso,,images/pages-verso/923m.png,images/archive-original/1290-1300 I/923m.jpg,1290-1300 I,6,90-cw,1,2024,1436,Potterie Brugge,,,1296,07,01,,0,0
923,923o.jpg,recto,1,recto,,images/pages-recto/923o.png,images/archive-original/1290-1300 I/923o.jpg,1290-1300 I,6,90-cw,1,2024,1436,Potterie Brugge,,,1296,07,01,,0,0
924,924m.jpg,verso,0,verso,,images/pages-verso/924m.png,images/archive-original/1290-1300 I/924m.jpg,1290-1300 I,6,90-cw,1,2024,1436,Potterie Brugge,,,1296,07,14,,0,0
924,924o.jpg,recto,1,recto,,images/pages-recto/924o.png,images/archive-original/1290-1300 I/924o.jpg,1290-1300 I,6,90-cw,1,2024,1436,Potterie Brugge,,,1296,07,14,,0,0
925,925m.jpg,verso,0,verso,,images/pages-verso/925m.png,images/archive-original/1290-1300 I/925m.jpg,1290-1300 I,6,90-cw,1,2024,1436,Potterie Brugge,,,1297,03,02,,0,0
925,925o.jpg,recto,1,recto,,images/pages-recto/925o.png,images/archive-original/1290-1300 I/925o.jpg,1290-1300 I,6,90-cw,1,2024,1436,Potterie Brugge,,,1297,03,02,,0,0
926,926m.jpg,verso,0,verso,,images/pages-verso/926m.png,images/archive-original/1290-1300 I/926m.jpg,1290-1300 I,6,90-cw,1,2024,1436,Potterie Brugge,,,1297,03,30,,0,0
926,926o.jpg,recto,1,recto,,images/pages-recto/926o.png,images/archive-original/1290-1300 I/926o.jpg,1290-1300 I,6,90-cw,1,2024,1436,Potterie Brugge,,,1297,03,30,,0,0
927,927m.jpg,verso,0,verso,,images/pages-verso/927m.png,images/archive-original/1290-1300 I/927m.jpg,1290-1300 I,6,90-cw,1,2024,1436,Potterie Brugge,,,1297,04,15,,0,0
927,927o.jpg,recto,1,recto,,images/pages-recto/927o.png,images/archive-original/1290-1300 I/927o.jpg,1290-1300 I,6,90-cw,1,2024,1436,Potterie Brugge,,,1297,04,15,,0,0
928,928m.jpg,verso,0,verso,,images/pages-verso/928m.png,images/archive-original/1290-1300 I/928m.jpg,1290-1300 I,6,90-cw,1,2024,1436,Potterie Brugge,,,1297,04,15,,0,0
928,928o.jpg,recto,1,recto,,images/pages-recto/928o.png,images/archive-original/1290-1300 I/928o.jpg,1290-1300 I,6,90-cw,1,2024,1436,Potterie Brugge,,,1297,04,15,,0,0
929,929m.jpg,verso,0,verso,,images/pages-verso/929m.png,images/archive-original/1290-1300 I/929m.jpg,1290-1300 I,6,90-cw,1,2024,1436,Potterie Brugge,,,1297,04,20,,0,0
929,929o.jpg,recto,1,recto,,images/pages-recto/929o.png,images/archive-original/1290-1300 I/929o.jpg,1290-1300 I,6,90-cw,1,2024,1436,Potterie Brugge,,,1297,04,20,,0,0
930,930m.jpg,verso,0,verso,,images/pages-verso/930m.png,images/archive-original/1290-1300 I/930m.jpg,1290-1300 I,6,90-cw,1,2024,1436,Potterie Brugge,,,1299,01,30,,0,0
930,930o.jpg,recto,1,recto,,images/pages-recto/930o.png,images/archive-original/1290-1300 I/930o.jpg,1290-1300 I,6,90-cw,1,2024,1436,Potterie Brugge,,,1299,01,30,,0,0
931,931m.jpg,verso,0,verso,,images/pages-verso/931m.png,images/archive-original/1290-1300 I/931m.jpg,1290-1300 I,6,90-cw,1,2024,1436,Potterie Brugge,,,1299,02,25,,0,0
931,931o.jpg,recto,1,recto,,images/pages-recto/931o.png,images/archive-original/1290-1300 I/931o.jpg,1290-1300 I,6,90-cw,1,2024,1436,Potterie Brugge,,,1299,02,25,,0,0
932,932m.jpg,verso,0,verso,,images/pages-verso/932m.png,images/archive-original/1290-1300 I/932m.jpg,1290-1300 I,6,90-cw,1,2024,1436,Potterie Brugge,,,1299,03,11,,0,0
932,932o.jpg,recto,1,recto,,images/pages-recto/932o.png,images/archive-original/1290-1300 I/932o.jpg,1290-1300 I,6,90-cw,1,2024,1436,Potterie Brugge,,,1299,03,11,,0,0
933,933m.jpg,verso,0,verso,,images/pages-verso/933m.png,images/archive-original/1290-1300 I/933m.jpg,1290-1300 I,6,90-cw,1,2024,1436,C.O.O. Brugge,Magdalenahospitaal,,1299,07,04,,0,0
933,933o.jpg,recto,1,recto,,images/pages-recto/933o.png,images/archive-original/1290-1300 I/933o.jpg,1290-1300 I,6,90-cw,1,2024,1436,C.O.O. Brugge,Magdalenahospitaal,,1299,07,04,,0,0
934,934m.jpg,verso,0,verso,,images/pages-verso/934m.png,images/archive-original/1290-1300 I/934m.jpg,1290-1300 I,6,90-cw,1,2024,1436,C.O.O. Brugge,Dis Sint-Salvators,,1299,07,18,,0,0
934,934o.jpg,recto,1,recto,,images/pages-recto/934o.png,images/archive-original/1290-1300 I/934o.jpg,1290-1300 I,6,90-cw,1,2024,1436,C.O.O. Brugge,Dis Sint-Salvators,,1299,07,18,,0,0
935,935m.jpg,verso,0,verso,,images/pages-verso/935m.png,images/archive-original/1290-1300 I/935m.jpg,1290-1300 I,6,90-cw,1,2024,1436,Potterie Brugge,,,1290,02,08,,0,0
935,935o.jpg,recto,1,recto,,images/pages-recto/935o.png,images/archive-original/1290-1300 I/935o.jpg,1290-1300 I,6,90-cw,1,2024,1436,Potterie Brugge,,,1290,02,08,,0,0
936,936m.jpg,verso,0,verso,,images/pages-verso/936m.png,images/archive-original/1290-1300 I/936m.jpg,1290-1300 I,6,90-cw,1,2024,1436,SA Brugge,Potterie,,13xx,xx,xx,,0,0
936,936o.jpg,recto,1,recto,,images/pages-recto/936o.png,images/archive-original/1290-1300 I/936o.jpg,1290-1300 I,1,native,0,1436,2024,SA Brugge,Potterie,,13xx,xx,xx,,0,0
937,937m.jpg,verso,0,verso,,images/pages-verso/937m.png,images/archive-original/1290-1300 I/937m.jpg,1290-1300 I,6,90-cw,1,2024,1436,Maria Middelares Gent,Bijloke,,1298,05,29,,0,0
937,937o.jpg,recto,1,recto,,images/pages-recto/937o.png,images/archive-original/1290-1300 I/937o.jpg,1290-1300 I,6,90-cw,1,2024,1436,Maria Middelares Gent,Bijloke,,1298,05,29,,0,0
938,938m.jpg,verso,0,verso,,images/pages-verso/938m.png,images/archive-original/1290-1300 I/938m.jpg,1290-1300 I,6,90-cw,1,2024,1436,Potterie Brugge,,,1290,05,14,,0,0
938,938o.jpg,recto,1,recto,,images/pages-recto/938o.png,images/archive-original/1290-1300 I/938o.jpg,1290-1300 I,6,90-cw,1,2024,1436,Potterie Brugge,,,1290,05,14,,0,0
939,939m.jpg,verso,0,verso,,images/pages-verso/939m.png,images/archive-original/1290-1300 I/939m.jpg,1290-1300 I,6,90-cw,1,2024,1436,Potterie Brugge,,,1290,05,xx,,0,0
939,939o.jpg,recto,1,recto,,images/pages-recto/939o.png,images/archive-original/1290-1300 I/939o.jpg,1290-1300 I,6,90-cw,1,2024,1436,Potterie Brugge,,,1290,05,xx,,0,0
940,940m.jpg,verso,0,verso,,images/pages-verso/940m.png,images/archive-original/1290-1300 I/940m.jpg,1290-1300 I,6,90-cw,1,2024,1436,Potterie Brugge,,,1290,07,15,,0,0
940,940o.jpg,recto,1,recto,,images/pages-recto/940o.png,images/archive-original/1290-1300 I/940o.jpg,1290-1300 I,6,90-cw,1,2024,1436,Potterie Brugge,,,1290,07,15,,0,0
941,941m.jpg,verso,0,verso,,images/pages-verso/941m.png,images/archive-original/1290-1300 I/941m.jpg,1290-1300 I,6,90-cw,1,2024,1436,Potterie Brugge,,,1290,09,09,,0,0
941,941o.jpg,recto,1,recto,,images/pages-recto/941o.png,images/archive-original/1290-1300 I/941o.jpg,1290-1300 I,6,90-cw,1,2024,1436,Potterie Brugge,,,1290,09,09,,0,0
942,942m.jpg,verso,0,verso,,images/pages-verso/942m.png,images/archive-original/1290-1300 I/942m.jpg,1290-1300 I,6,90-cw,1,2024,1436,Potterie Brugge,,,1290,10,20,,0,0
942,942o.jpg,recto,1,recto,,images/pages-recto/942o.png,images/archive-original/1290-1300 I/942o.jpg,1290-1300 I,6,90-cw,1,2024,1436,Potterie Brugge,,,1290,10,20,,0,0
943,943m.jpg,verso,0,verso,,images/pages-verso/943m.png,images/archive-original/1290-1300 I/943m.jpg,1290-1300 I,6,90-cw,1,2024,1436,Potterie Brugge,,,1291,02,24,,0,0
943,943o.jpg,recto,1,recto,,images/pages-recto/943o.png,images/archive-original/1290-1300 I/943o.jpg,1290-1300 I,6,90-cw,1,2024,1436,Potterie Brugge,,,1291,02,24,,0,0
944,944m.jpg,verso,0,verso,,images/pages-verso/944m.png,images/archive-original/1290-1300 I/944m.jpg,1290-1300 I,6,90-cw,1,2024,1436,Potterie Brugge,,,1291,03,03,,0,0
944,944o.jpg,recto,1,recto,,images/pages-recto/944o.png,images/archive-original/1290-1300 I/944o.jpg,1290-1300 I,6,90-cw,1,2024,1436,Potterie Brugge,,,1291,03,03,,0,0
945,945m.jpg,verso,0,verso,,images/pages-verso/945m.png,images/archive-original/1290-1300 I/945m.jpg,1290-1300 I,6,90-cw,1,2024,1436,Potterie Brugge,,,1291,06,02,,0,0
945,945o.jpg,recto,1,recto,,images/pages-recto/945o.png,images/archive-original/1290-1300 I/945o.jpg,1290-1300 I,6,90-cw,1,2024,1436,Potterie Brugge,,,1291,06,02,,0,0
946,946m.jpg,verso,0,verso,,images/pages-verso/946m.png,images/archive-original/1290-1300 I/946m.jpg,1290-1300 I,6,90-cw,1,2024,1436,Potterie Brugge,,,1291,06,23,,0,0
946,946o.jpg,recto,1,recto,,images/pages-recto/946o.png,images/archive-original/1290-1300 I/946o.jpg,1290-1300 I,6,90-cw,1,2024,1436,Potterie Brugge,,,1291,06,23,,0,0
947,947m.jpg,verso,0,verso,,images/pages-verso/947m.png,images/archive-original/1290-1300 I/947m.jpg,1290-1300 I,6,90-cw,1,2024,1436,Potterie Brugge,,,1291,11,03,,0,0
947,947o.jpg,recto,1,recto,,images/pages-recto/947o.png,images/archive-original/1290-1300 I/947o.jpg,1290-1300 I,6,90-cw,1,2024,1436,Potterie Brugge,,,1291,11,03,,0,0
948,948m.jpg,verso,0,verso,,images/pages-verso/948m.png,images/archive-original/1290-1300 I/948m.jpg,1290-1300 I,6,90-cw,1,2024,1436,Potterie Brugge,,,1291,11,24,,0,0
948,948o.jpg,recto,1,recto,,images/pages-recto/948o.png,images/archive-original/1290-1300 I/948o.jpg,1290-1300 I,6,90-cw,1,2024,1436,Potterie Brugge,,,1291,11,24,,0,0
949,949m.jpg,verso,0,verso,,images/pages-verso/949m.png,images/archive-original/1290-1300 I/949m.jpg,1290-1300 I,6,90-cw,1,2024,1436,Sint-Janshospitaal Brugge,,,1295,11,05,,0,0
949,949o.jpg,recto,1,recto,,images/pages-recto/949o.png,images/archive-original/1290-1300 I/949o.jpg,1290-1300 I,6,90-cw,1,2024,1436,Sint-Janshospitaal Brugge,,,1295,11,05,,0,0
950,950m.jpg,verso,0,verso,,images/pages-verso/950m.png,images/archive-original/1290-1300 I/950m.jpg,1290-1300 I,6,90-cw,1,2024,1436,Sint-Janshospitaal Brugge,,,1295,09,03,,0,0
950,950o.jpg,recto,1,recto,,images/pages-recto/950o.png,images/archive-original/1290-1300 I/950o.jpg,1290-1300 I,6,90-cw,1,2024,1436,Sint-Janshospitaal Brugge,,,1295,09,03,,0,0
951,951m.jpg,verso,0,verso,,images/pages-verso/951m.png,images/archive-original/1290-1300 I/951m.jpg,1290-1300 I,6,90-cw,1,2024,1436,Sint-Janshospitaal Brugge,,,1295,06,10,,0,0
951,951o.jpg,recto,1,recto,,images/pages-recto/951o.png,images/archive-original/1290-1300 I/951o.jpg,1290-1300 I,6,90-cw,1,2024,1436,Sint-Janshospitaal Brugge,,,1295,06,10,,0,0
952,952m.jpg,verso,0,verso,,images/pages-verso/952m.png,images/archive-original/1290-1300 I/952m.jpg,1290-1300 I,6,90-cw,1,2024,1436,Sint-Janshospitaal Brugge,,,1295,06,08,,0,0
952,952o.jpg,recto,1,recto,,images/pages-recto/952o.png,images/archive-original/1290-1300 I/952o.jpg,1290-1300 I,6,90-cw,1,2024,1436,Sint-Janshospitaal Brugge,,,1295,06,08,,0,0
953,953m.jpg,verso,0,verso,,images/pages-verso/953m.png,images/archive-original/1290-1300 I/953m.jpg,1290-1300 I,6,90-cw,1,2024,1436,Sint-Janshospitaal Brugge,,,1295,06,08,,0,0
953,953o.jpg,recto,1,recto,,images/pages-recto/953o.png,images/archive-original/1290-1300 I/953o.jpg,1290-1300 I,6,90-cw,1,2024,1436,Sint-Janshospitaal Brugge,,,1295,06,08,,0,0
954,954m.jpg,verso,0,verso,,images/pages-verso/954m.png,images/archive-original/1290-1300 I/954m.jpg,1290-1300 I,6,90-cw,1,2024,1436,Sint-Janshospitaal Brugge,,,1295,04,16,,0,0
954,954o.jpg,recto,1,recto,,images/pages-recto/954o.png,images/archive-original/1290-1300 I/954o.jpg,1290-1300 I,6,90-cw,1,2024,1436,Sint-Janshospitaal Brugge,,,1295,04,16,,0,0
955,955m.jpg,verso,0,verso,,images/pages-verso/955m.png,images/archive-original/1290-1300 I/955m.jpg,1290-1300 I,6,90-cw,1,2024,1436,Sint-Janshospitaal Brugge,,,1295,04,09,,0,0
955,955o.jpg,recto,1,recto,,images/pages-recto/955o.png,images/archive-original/1290-1300 I/955o.jpg,1290-1300 I,6,90-cw,1,2024,1436,Sint-Janshospitaal Brugge,,,1295,04,09,,0,0
956,956m.jpg,verso,0,verso,,images/pages-verso/956m.png,images/archive-original/1290-1300 I/956m.jpg,1290-1300 I,6,90-cw,1,2024,1436,Maria Middelares Gent,Bijloke,,1292,03,xx,,0,0
956,956o.jpg,recto,1,recto,,images/pages-recto/956o.png,images/archive-original/1290-1300 I/956o.jpg,1290-1300 I,6,90-cw,1,2024,1436,Maria Middelares Gent,Bijloke,,1292,03,xx,,0,0
957,957m.jpg,verso,0,verso,,images/pages-verso/957m.png,images/archive-original/1290-1300 I/957m.jpg,1290-1300 I,,missing,0,1436,2024,RA Brugge,cart. O.L.Vrouwkerk,,129x,xx,xx,,0,0
957,957o.jpg,recto,1,recto,,images/pages-recto/957o.png,images/archive-original/1290-1300 I/957o.jpg,1290-1300 I,,missing,0,1436,2024,RA Brugge,cart. O.L.Vrouwkerk,,129x,xx,xx,,0,0
958,958m.jpg,verso,0,verso,,images/pages-verso/958m.png,images/archive-original/1290-1300 I/958m.jpg,1290-1300 I,6,90-cw,1,2024,1436,Sint-Janshospitaal Brugge,,,1292,05,17,,0,0
958,958o.jpg,recto,1,recto,,images/pages-recto/958o.png,images/archive-original/1290-1300 I/958o.jpg,1290-1300 I,6,90-cw,1,2024,1436,Sint-Janshospitaal Brugge,,,1292,05,17,,0,0
959,959m.jpg,verso,0,verso,,images/pages-verso/959m.png,images/archive-original/1290-1300 I/959m.jpg,1290-1300 I,6,90-cw,1,2024,1436,Sint-Janshospitaal Brugge,,,1292,03,15,,0,0
959,959o.jpg,recto,1,recto,,images/pages-recto/959o.png,images/archive-original/1290-1300 I/959o.jpg,1290-1300 I,6,90-cw,1,2024,1436,Sint-Janshospitaal Brugge,,,1292,03,15,,0,0
960,960m.jpg,verso,0,verso,,images/pages-verso/960m.png,images/archive-original/1290-1300 I/960m.jpg,1290-1300 I,6,90-cw,1,2024,1436,Sint-Janshospitaal Brugge,,,1292,03,14,,0,0
960,960o.jpg,recto,1,recto,,images/pages-recto/960o.png,images/archive-original/1290-1300 I/960o.jpg,1290-1300 I,6,90-cw,1,2024,1436,Sint-Janshospitaal Brugge,,,1292,03,14,,0,0
961,961m.jpg,verso,0,verso,,images/pages-verso/961m.png,images/archive-original/1290-1300 I/961m.jpg,1290-1300 I,6,90-cw,1,2024,1436,Sint-Janshospitaal Brugge,,,1292,03,22,,0,0
961,961o.jpg,recto,1,recto,,images/pages-recto/961o.png,images/archive-original/1290-1300 I/961o.jpg,1290-1300 I,6,90-cw,1,2024,1436,Sint-Janshospitaal Brugge,,,1292,03,22,,0,0
962,962m.jpg,verso,0,verso,,images/pages-verso/962m.png,images/archive-original/1290-1300 I/962m.jpg,1290-1300 I,6,90-cw,1,2024,1436,Sint-Janshospitaal Brugge,,,1292,03,07,,0,0
962,962o.jpg,recto,1,recto,,images/pages-recto/962o.png,images/archive-original/1290-1300 I/962o.jpg,1290-1300 I,6,90-cw,1,2024,1436,Sint-Janshospitaal Brugge,,,1292,03,07,,0,0
963,963m.jpg,verso,0,verso,,images/pages-verso/963m.png,images/archive-original/1290-1300 I/963m.jpg,1290-1300 I,6,90-cw,1,2024,1436,Sint-Janshospitaal Brugge,,,1292,01,19,,0,0
963,963o.jpg,recto,1,recto,,images/pages-recto/963o.png,images/archive-original/1290-1300 I/963o.jpg,1290-1300 I,6,90-cw,1,2024,1436,Sint-Janshospitaal Brugge,,,1292,01,19,,0,0
964,964m.jpg,verso,0,verso,,images/pages-verso/964m.png,images/archive-original/1290-1300 I/964m.jpg,1290-1300 I,6,90-cw,1,2024,1436,Sint-Janshospitaal Brugge,,,1292,01,18,,0,0
964,964o.jpg,recto,1,recto,,images/pages-recto/964o.png,images/archive-original/1290-1300 I/964o.jpg,1290-1300 I,6,90-cw,1,2024,1436,Sint-Janshospitaal Brugge,,,1292,01,18,,0,0
965,965m.jpg,verso,0,verso,,images/pages-verso/965m.png,images/archive-original/1290-1300 I/965m.jpg,1290-1300 I,6,90-cw,1,2024,1436,Sint-Janshospitaal Brugge,,,1291,11,23,,0,0
965,965o.jpg,recto,1,recto,,images/pages-recto/965o.png,images/archive-original/1290-1300 I/965o.jpg,1290-1300 I,6,90-cw,1,2024,1436,Sint-Janshospitaal Brugge,,,1291,11,23,,0,0
966,966m.jpg,verso,0,verso,,images/pages-verso/966m.png,images/archive-original/1290-1300 I/966m.jpg,1290-1300 I,6,90-cw,1,2024,1436,Sint-Janshospitaal Brugge,,,1291,11,16,,0,0
966,966o.jpg,recto,1,recto,,images/pages-recto/966o.png,images/archive-original/1290-1300 I/966o.jpg,1290-1300 I,6,90-cw,1,2024,1436,Sint-Janshospitaal Brugge,,,1291,11,16,,0,0
967,967m.jpg,verso,0,verso,,images/pages-verso/967m.png,images/archive-original/1290-1300 I/967m.jpg,1290-1300 I,6,90-cw,1,2024,1436,Sint-Janshospitaal Brugge,,,1291,10,20,,0,0
967,967o.jpg,recto,1,recto,,images/pages-recto/967o.png,images/archive-original/1290-1300 I/967o.jpg,1290-1300 I,6,90-cw,1,2024,1436,Sint-Janshospitaal Brugge,,,1291,10,20,,0,0
968,968m.jpg,verso,0,verso,,images/pages-verso/968m.png,images/archive-original/1290-1300 I/968m.jpg,1290-1300 I,6,90-cw,1,2024,1436,Sint-Janshospitaal Brugge,,,1291,10,06,,0,0
968,968o.jpg,recto,1,recto,,images/pages-recto/968o.png,images/archive-original/1290-1300 I/968o.jpg,1290-1300 I,6,90-cw,1,2024,1436,Sint-Janshospitaal Brugge,,,1291,10,06,,0,0
969,969m.jpg,verso,0,verso,,images/pages-verso/969m.png,images/archive-original/1290-1300 I/969m.jpg,1290-1300 I,6,90-cw,1,2024,1436,Sint-Janshospitaal Brugge,,,1291,08,04,,0,0
969,969o.jpg,recto,1,recto,,images/pages-recto/969o.png,images/archive-original/1290-1300 I/969o.jpg,1290-1300 I,6,90-cw,1,2024,1436,Sint-Janshospitaal Brugge,,,1291,08,04,,0,0
970,970m.jpg,verso,0,verso,,images/pages-verso/970m.png,images/archive-original/1290-1300 I/970m.jpg,1290-1300 I,6,90-cw,1,2024,1436,Sint-Janshospitaal Brugge,,,1291,07,28,,0,0
970,970o.jpg,recto,1,recto,,images/pages-recto/970o.png,images/archive-original/1290-1300 I/970o.jpg,1290-1300 I,6,90-cw,1,2024,1436,Sint-Janshospitaal Brugge,,,1291,07,28,,0,0
971,971m.jpg,verso,0,verso,,images/pages-verso/971m.png,images/archive-original/1290-1300 I/971m.jpg,1290-1300 I,6,90-cw,1,2024,1436,Sint-Janshospitaal Brugge,,,1291,07,19,,0,0
971,971o.jpg,recto,1,recto,,images/pages-recto/971o.png,images/archive-original/1290-1300 I/971o.jpg,1290-1300 I,6,90-cw,1,2024,1436,Sint-Janshospitaal Brugge,,,1291,07,19,,0,0
972,972m.jpg,verso,0,verso,,images/pages-verso/972m.png,images/archive-original/1290-1300 I/972m.jpg,1290-1300 I,6,90-cw,1,2024,1436,Sint-Janshospitaal Brugge,,,1291,07,10,,0,0
972,972o.jpg,recto,1,recto,,images/pages-recto/972o.png,images/archive-original/1290-1300 I/972o.jpg,1290-1300 I,6,90-cw,1,2024,1436,Sint-Janshospitaal Brugge,,,1291,07,10,,0,0
973,973m.jpg,verso,0,verso,,images/pages-verso/973m.png,images/archive-original/1290-1300 I/973m.jpg,1290-1300 I,6,90-cw,1,2024,1436,Sint-Janshospitaal Brugge,,,1291,06,29,,0,0
973,973o.jpg,recto,1,recto,,images/pages-recto/973o.png,images/archive-original/1290-1300 I/973o.jpg,1290-1300 I,6,90-cw,1,2024,1436,Sint-Janshospitaal Brugge,,,1291,06,29,,0,0
974,974m.jpg,verso,0,verso,,images/pages-verso/974m.png,images/archive-original/1290-1300 I/974m.jpg,1290-1300 I,6,90-cw,1,2024,1436,Sint-Janshospitaal Brugge,,,1291,06,02,,0,0
974,974o.jpg,recto,1,recto,,images/pages-recto/974o.png,images/archive-original/1290-1300 I/974o.jpg,1290-1300 I,6,90-cw,1,2024,1436,Sint-Janshospitaal Brugge,,,1291,06,02,,0,0
975,975m.jpg,verso,0,verso,,images/pages-verso/975m.png,images/archive-original/1290-1300 I/975m.jpg,1290-1300 I,6,90-cw,1,2024,1436,Sint-Janshospitaal Brugge,,,1291,05,29,,0,0
975,975o.jpg,recto,1,recto,,images/pages-recto/975o.png,images/archive-original/1290-1300 I/975o.jpg,1290-1300 I,6,90-cw,1,2024,1436,Sint-Janshospitaal Brugge,,,1291,05,29,,0,0
976,976m.jpg,verso,0,verso,,images/pages-verso/976m.png,images/archive-original/1290-1300 I/976m.jpg,1290-1300 I,6,90-cw,1,2024,1436,Sint-Janshospitaal Brugge,,,1291,05,11,,0,0
976,976o.jpg,recto,1,recto,,images/pages-recto/976o.png,images/archive-original/1290-1300 I/976o.jpg,1290-1300 I,6,90-cw,1,2024,1436,Sint-Janshospitaal Brugge,,,1291,05,11,,0,0
977,977m.jpg,verso,0,verso,,images/pages-verso/977m.png,images/archive-original/1290-1300 I/977m.jpg,1290-1300 I,6,90-cw,1,2024,1436,Sint-Janshospitaal Brugge,,,1291,04,07,,0,0
977,977o.jpg,recto,1,recto,,images/pages-recto/977o.png,images/archive-original/1290-1300 I/977o.jpg,1290-1300 I,6,90-cw,1,2024,1436,Sint-Janshospitaal Brugge,,,1291,04,07,,0,0
978,978m.jpg,verso,0,verso,,images/pages-verso/978m.png,images/archive-original/1290-1300 I/978m.jpg,1290-1300 I,6,90-cw,1,2024,1436,Sint-Janshospitaal Brugge,,,1291,03,31,,0,0
978,978o.jpg,recto,1,recto,,images/pages-recto/978o.png,images/archive-original/1290-1300 I/978o.jpg,1290-1300 I,6,90-cw,1,2024,1436,Sint-Janshospitaal Brugge,,,1291,03,31,,0,0
979,979m.jpg,verso,0,verso,,images/pages-verso/979m.png,images/archive-original/1290-1300 I/979m.jpg,1290-1300 I,6,90-cw,1,2024,1436,Sint-Janshospitaal Brugge,,,1291,03,24,,0,0
979,979o.jpg,recto,1,recto,,images/pages-recto/979o.png,images/archive-original/1290-1300 I/979o.jpg,1290-1300 I,6,90-cw,1,2024,1436,Sint-Janshospitaal Brugge,,,1291,03,24,,0,0
980,980m.jpg,verso,0,verso,,images/pages-verso/980m.png,images/archive-original/1290-1300 I/980m.jpg,1290-1300 I,6,90-cw,1,2024,1436,Sint-Janshospitaal Brugge,,,1291,03,24,,0,0
980,980o.jpg,recto,1,recto,,images/pages-recto/980o.png,images/archive-original/1290-1300 I/980o.jpg,1290-1300 I,6,90-cw,1,2024,1436,Sint-Janshospitaal Brugge,,,1291,03,24,,0,0
981,981m.jpg,verso,0,verso,,images/pages-verso/981m.png,images/archive-original/1290-1300 I/981m.jpg,1290-1300 I,6,90-cw,1,2024,1436,Sint-Janshospitaal Brugge,,,1291,02,03,,0,0
981,981o.jpg,recto,1,recto,,images/pages-recto/981o.png,images/archive-original/1290-1300 I/981o.jpg,1290-1300 I,6,90-cw,1,2024,1436,Sint-Janshospitaal Brugge,,,1291,02,03,,0,0
982,982m.jpg,verso,0,verso,,images/pages-verso/982m.png,images/archive-original/1290-1300 I/982m.jpg,1290-1300 I,6,90-cw,1,2024,1436,Sint-Janshospitaal Brugge,,,1291,01,26,,0,0
982,982o.jpg,recto,1,recto,,images/pages-recto/982o.png,images/archive-original/1290-1300 I/982o.jpg,1290-1300 I,6,90-cw,1,2024,1436,Sint-Janshospitaal Brugge,,,1291,01,26,,0,0
983,983m.jpg,verso,0,verso,,images/pages-verso/983m.png,images/archive-original/1290-1300 I/983m.jpg,1290-1300 I,6,90-cw,1,2024,1436,Sint-Janshospitaal Brugge,,,1290,11,25,,0,0
983,983o.jpg,recto,1,recto,,images/pages-recto/983o.png,images/archive-original/1290-1300 I/983o.jpg,1290-1300 I,6,90-cw,1,2024,1436,Sint-Janshospitaal Brugge,,,1290,11,25,,0,0
984,984m.jpg,verso,0,verso,,images/pages-verso/984m.png,images/archive-original/1290-1300 I/984m.jpg,1290-1300 I,6,90-cw,1,2024,1436,Sint-Janshospitaal Brugge,,,1290,11,04,,0,0
984,984o.jpg,recto,1,recto,,images/pages-recto/984o.png,images/archive-original/1290-1300 I/984o.jpg,1290-1300 I,6,90-cw,1,2024,1436,Sint-Janshospitaal Brugge,,,1290,11,04,,0,0
985,985m.jpg,verso,0,verso,,images/pages-verso/985m.png,images/archive-original/1290-1300 I/985m.jpg,1290-1300 I,6,90-cw,1,2024,1436,Sint-Janshospitaal Brugge,,,1290,09,09,,0,0
985,985o.jpg,recto,1,recto,,images/pages-recto/985o.png,images/archive-original/1290-1300 I/985o.jpg,1290-1300 I,6,90-cw,1,2024,1436,Sint-Janshospitaal Brugge,,,1290,09,09,,0,0
986,986m.jpg,verso,0,verso,,images/pages-verso/986m.png,images/archive-original/1290-1300 I/986m.jpg,1290-1300 I,6,90-cw,1,2024,1436,Sint-Janshospitaal Brugge,,,1290,09,02,,0,0
986,986o.jpg,recto,1,recto,,images/pages-recto/986o.png,images/archive-original/1290-1300 I/986o.jpg,1290-1300 I,6,90-cw,1,2024,1436,Sint-Janshospitaal Brugge,,,1290,09,02,,0,0
987,987m.jpg,verso,0,verso,,images/pages-verso/987m.png,images/archive-original/1290-1300 I/987m.jpg,1290-1300 I,6,90-cw,1,2024,1436,Sint-Janshospitaal Brugge,,,1290,08,29,,0,0
987,987o.jpg,recto,1,recto,,images/pages-recto/987o.png,images/archive-original/1290-1300 I/987o.jpg,1290-1300 I,6,90-cw,1,2024,1436,Sint-Janshospitaal Brugge,,,1290,08,29,,0,0
988,988m.jpg,verso,0,verso,,images/pages-verso/988m.png,images/archive-original/1290-1300 I/988m.jpg,1290-1300 I,6,90-cw,1,2024,1436,Sint-Janshospitaal Brugge,,,1290,07,15,,0,0
988,988o.jpg,recto,1,recto,,images/pages-recto/988o.png,images/archive-original/1290-1300 I/988o.jpg,1290-1300 I,6,90-cw,1,2024,1436,Sint-Janshospitaal Brugge,,,1290,07,15,,0,0
989,989m.jpg,verso,0,verso,,images/pages-verso/989m.png,images/archive-original/1290-1300 I/989m.jpg,1290-1300 I,6,90-cw,1,2024,1436,Sint-Janshospitaal Brugge,,,1290,06,03,,0,0
989,989o.jpg,recto,1,recto,,images/pages-recto/989o.png,images/archive-original/1290-1300 I/989o.jpg,1290-1300 I,6,90-cw,1,2024,1436,Sint-Janshospitaal Brugge,,,1290,06,03,,0,0
990,990m.jpg,verso,0,verso,,images/pages-verso/990m.png,images/archive-original/1290-1300 I/990m.jpg,1290-1300 I,6,90-cw,1,2024,1436,Sint-Janshospitaal Brugge,,,1290,07,02,,0,0
990,990o.jpg,recto,1,recto,,images/pages-recto/990o.png,images/archive-original/1290-1300 I/990o.jpg,1290-1300 I,6,90-cw,1,2024,1436,Sint-Janshospitaal Brugge,,,1290,07,02,,0,0
991,991m.jpg,verso,0,verso,,images/pages-verso/991m.png,images/archive-original/1290-1300 I/991m.jpg,1290-1300 I,6,90-cw,1,2024,1436,Sint-Janshospitaal Brugge,,,1290,07,02,,0,0
991,991o.jpg,recto,1,recto,,images/pages-recto/991o.png,images/archive-original/1290-1300 I/991o.jpg,1290-1300 I,6,90-cw,1,2024,1436,Sint-Janshospitaal Brugge,,,1290,07,02,,0,0
992,992m.jpg,verso,0,verso,,images/pages-verso/992m.png,images/archive-original/1290-1300 I/992m.jpg,1290-1300 I,6,90-cw,1,2024,1436,Sint-Janshospitaal Brugge,,,1290,06,17,,0,0
992,992o.jpg,recto,1,recto,,images/pages-recto/992o.png,images/archive-original/1290-1300 I/992o.jpg,1290-1300 I,6,90-cw,1,2024,1436,Sint-Janshospitaal Brugge,,,1290,06,17,,0,0
993,993m.jpg,verso,0,verso,,images/pages-verso/993m.png,images/archive-original/1290-1300 I/993m.jpg,1290-1300 I,6,90-cw,1,2024,1436,Sint-Janshospitaal Brugge,,,1290,04,15,,0,0
993,993o.jpg,recto,1,recto,,images/pages-recto/993o.png,images/archive-original/1290-1300 I/993o.jpg,1290-1300 I,6,90-cw,1,2024,1436,Sint-Janshospitaal Brugge,,,1290,04,15,,0,0
994,994m.jpg,verso,0,verso,,images/pages-verso/994m.png,images/archive-original/1290-1300 I/994m.jpg,1290-1300 I,6,90-cw,1,2024,1436,Groot Seminarie Gent,,,1294,10,xx,,0,0
994,994o.jpg,recto,1,recto,,images/pages-recto/994o.png,images/archive-original/1290-1300 I/994o.jpg,1290-1300 I,6,90-cw,1,2024,1436,Groot Seminarie Gent,,,1294,10,xx,,0,0
995,995m.jpg,verso,0,verso,,images/pages-verso/995m.png,images/archive-original/1290-1300 I/995m.jpg,1290-1300 I,6,90-cw,1,2024,1436,C.O.O. Brugge,Magdalenahospitaal,,1291,01,15,,0,0
995,995o.jpg,recto,1,recto,,images/pages-recto/995o.png,images/archive-original/1290-1300 I/995o.jpg,1290-1300 I,6,90-cw,1,2024,1436,C.O.O. Brugge,Magdalenahospitaal,,1291,01,15,,0,0
996,996m.jpg,verso,0,verso,,images/pages-verso/996m.png,images/archive-original/1290-1300 I/996m.jpg,1290-1300 I,6,90-cw,1,2024,1436,C.O.O. Brugge,Magdalenahospitaal,,1290,10,28,,0,0
996,996o.jpg,recto,1,recto,,images/pages-recto/996o.png,images/archive-original/1290-1300 I/996o.jpg,1290-1300 I,6,90-cw,1,2024,1436,C.O.O. Brugge,Magdalenahospitaal,,1290,10,28,,0,0
997,997m.jpg,verso,0,verso,,images/pages-verso/997m.png,images/archive-original/1290-1300 I/997m.jpg,1290-1300 I,6,90-cw,1,2024,1436,C.O.O. Brugge,Magdalenahospitaal,,1290,09,02,,0,0
997,997o.jpg,recto,1,recto,,images/pages-recto/997o.png,images/archive-original/1290-1300 I/997o.jpg,1290-1300 I,6,90-cw,1,2024,1436,C.O.O. Brugge,Magdalenahospitaal,,1290,09,02,,0,0
998,998m.jpg,verso,0,verso,,images/pages-verso/998m.png,images/archive-original/1290-1300 I/998m.jpg,1290-1300 I,6,90-cw,1,2024,1436,C.O.O. Brugge,Dis Sint-Salvators,,1290,07,22,,0,0
998,998o.jpg,recto,1,recto,,images/pages-recto/998o.png,images/archive-original/1290-1300 I/998o.jpg,1290-1300 I,6,90-cw,1,2024,1436,C.O.O. Brugge,Dis Sint-Salvators,,1290,07,22,,0,0
999,999m.jpg,verso,0,verso,,images/pages-verso/999m.png,images/archive-original/1290-1300 I/999m.jpg,1290-1300 I,6,90-cw,1,2024,1436,C.O.O. Brugge,Magdalenahospitaal,,1290,06,01,,0,0
999,999o.jpg,recto,1,recto,,images/pages-recto/999o.png,images/archive-original/1290-1300 I/999o.jpg,1290-1300 I,6,90-cw,1,2024,1436,C.O.O. Brugge,Magdalenahospitaal,,1290,06,01,,0,0
1200,1200m.jpg,verso,0,verso,,images/pages-verso/1200m.png,images/archive-original/1290-1300 II/1200m.jpg,1290-1300 II,1,native,0,2024,1436,Karmelietenklooster Brugge,statuten gilde zwartledertouwers Brugge,,12xx,xx,xx,,0,0
1200,1200o.jpg,recto,1,recto,,images/pages-recto/1200o.png,images/archive-original/1290-1300 II/1200o.jpg,1290-1300 II,1,native,0,2024,1436,Karmelietenklooster Brugge,statuten gilde zwartledertouwers Brugge,,12xx,xx,xx,,0,0
1201,1201m.jpg,verso,0,verso,,images/pages-verso/1201m.png,images/archive-original/1290-1300 II/1201m.jpg,1290-1300 II,1,native,0,2024,1436,RA Brugge,Sint-Jacobskerk,,1292,12,12,,0,0
1201,1201o.jpg,recto,1,recto,,images/pages-recto/1201o.png,images/archive-original/1290-1300 II/1201o.jpg,1290-1300 II,1,native,0,2024,1436,RA Brugge,Sint-Jacobskerk,,1292,12,12,,0,0
1202,1202m.jpg,verso,0,verso,,images/pages-verso/1202m.png,images/archive-original/1290-1300 II/1202m.jpg,1290-1300 II,1,native,0,2024,1436,RA Brugge,Sint-Jacobskerk,,1293,05,09,,0,0
1202,1202o.jpg,recto,1,recto,,images/pages-recto/1202o.png,images/archive-original/1290-1300 II/1202o.jpg,1290-1300 II,6,90-cw,1,2024,1436,RA Brugge,Sint-Jacobskerk,,1293,05,09,,0,0
1203,1203m.jpg,verso,0,verso,,images/pages-verso/1203m.png,images/archive-original/1290-1300 II/1203m.jpg,1290-1300 II,1,native,0,2024,1436,O.L.V. Brugge,,,1291,11,16,,0,0
1203,1203o.jpg,recto,1,recto,,images/pages-recto/1203o.png,images/archive-original/1290-1300 II/1203o.jpg,1290-1300 II,1,native,0,2024,1436,O.L.V. Brugge,,,1291,11,16,,0,0
1204,1204m.jpg,verso,0,verso,,images/pages-verso/1204m.png,images/archive-original/1290-1300 II/1204m.jpg,1290-1300 II,1,native,0,2024,1436,O.L.V. Brugge,,,12xx,xx,xx,,0,0
1204,1204o.jpg,recto,1,recto,,images/pages-recto/1204o.png,images/archive-original/1290-1300 II/1204o.jpg,1290-1300 II,1,native,0,2024,1436,O.L.V. Brugge,,,12xx,xx,xx,,0,0
1205,1205m.jpg,verso,0,verso,,images/pages-verso/1205m.png,images/archive-original/1290-1300 II/1205m.jpg,1290-1300 II,1,native,0,2024,1436,SA Gent,,"162, 2 r°",1291,xx,xx,,0,0
1205,1205o.jpg,recto,1,recto,,images/pages-recto/1205o.png,images/archive-original/1290-1300 II/1205o.jpg,1290-1300 II,,missing,0,1436,2024,SA Gent,,"162, 2 r°",1291,xx,xx,,0,0
1206,1206m.jpg,verso,0,verso,,images/pages-verso/1206m.png,images/archive-original/1290-1300 II/1206m.jpg,1290-1300 II,1,native,0,2024,1436,Karmelieten Brugge,,,1297,02,02,,0,0
1206,1206o.jpg,recto,1,recto,,images/pages-recto/1206o.png,images/archive-original/1290-1300 II/1206o.jpg,1290-1300 II,1,native,0,2024,1436,Karmelieten Brugge,,,1297,02,02,,0,0
1207,1207m.jpg,verso,0,verso,,images/pages-verso/1207m.png,images/archive-original/1290-1300 II/1207m.jpg,1290-1300 II,1,native,0,2024,1436,O.L.V. Brugge,,,1291,10,26,,0,0
1207,1207o.jpg,recto,1,recto,,images/pages-recto/1207o.png,images/archive-original/1290-1300 II/1207o.jpg,1290-1300 II,1,native,0,2024,1436,O.L.V. Brugge,,,1291,10,26,,0,0
1208,1208m.jpg,verso,0,verso,,images/pages-verso/1208m.png,images/archive-original/1290-1300 II/1208m.jpg,1290-1300 II,1,native,0,2024,1436,RA Brugge,blauw,11680,1296,03,10,,0,0
1208,1208o.jpg,recto,1,recto,,images/pages-recto/1208o.png,images/archive-original/1290-1300 II/1208o.jpg,1290-1300 II,1,native,0,2024,1436,RA Brugge,blauw,11680,1296,03,10,,0,0
1209,1209m.jpg,verso,0,verso,,images/pages-verso/1209m.png,images/archive-original/1290-1300 II/1209m.jpg,1290-1300 II,,missing,0,1656,2339,Algemeen Rijksarchief Den Haag,Zeeland,,1292,08,03,,0,0
1209,1209o.jpg,recto,1,recto,,images/pages-recto/1209o.png,images/archive-original/1290-1300 II/1209o.jpg,1290-1300 II,1,native,0,2339,1656,Algemeen Rijksarchief Den Haag,Zeeland,,1292,08,03,,0,0
1210,1210m.jpg,verso,0,verso,,images/pages-verso/1210m.png,images/archive-original/1290-1300 II/1210m.jpg,1290-1300 II,,missing,0,1656,2339,Algemeen Rijksarchief Den Haag,Zeeland,,1292,08,02,,0,0
1210,1210o.jpg,recto,1,recto,,images/pages-recto/1210o.png,images/archive-original/1290-1300 II/1210o.jpg,1290-1300 II,1,native,0,2339,1656,Algemeen Rijksarchief Den Haag,Zeeland,,1292,08,02,,0,0
1211,1211m.jpg,verso,0,verso,,images/pages-verso/1211m.png,images/archive-original/1290-1300 II/1211m.jpg,1290-1300 II,,missing,0,1656,2339,Algemeen Rijksarchief Den Haag,Rijnsburg,,1292,03,25,,0,0
1211,1211o.jpg,recto,1,recto,,images/pages-recto/1211o.png,images/archive-original/1290-1300 II/1211o.jpg,1290-1300 II,1,native,0,2339,1656,Algemeen Rijksarchief Den Haag,Rijnsburg,,1292,03,25,,0,0
1212,1212m.jpg,verso,0,verso,,images/pages-verso/1212m.png,images/archive-original/1290-1300 II/1212m.jpg,1290-1300 II,,missing,0,1656,2339,Algemeen Rijksarchief Den Haag,Grafelijkheid,,1292,03,2x,,0,0
1212,1212o.jpg,recto,1,recto,,images/pages-recto/1212o.png,images/archive-original/1290-1300 II/1212o.jpg,1290-1300 II,1,native,0,2339,1656,Algemeen Rijksarchief Den Haag,Grafelijkheid,,1292,03,2x,,0,0
1213,1213m.jpg,verso,0,verso,,images/pages-verso/1213m.png,images/archive-original/1290-1300 II/1213m.jpg,1290-1300 II,,missing,0,1656,2339,Algemeen Rijksarchief Den Haag,Grafelijkheid,,1292,03,18,,0,0
1213,1213o.jpg,recto,1,recto,,images/pages-recto/1213o.png,images/archive-original/1290-1300 II/1213o.jpg,1290-1300 II,1,native,0,2339,1656,Algemeen Rijksarchief Den Haag,Grafelijkheid,,1292,03,18,,0,0
1214,1214m.jpg,verso,0,verso,,images/pages-verso/1214m.png,images/archive-original/1290-1300 II/1214m.jpg,1290-1300 II,,missing,0,1656,2339,Algemeen Rijksarchief Den Haag,Zeeland,,1292,02,11,,0,0
1214,1214o.jpg,recto,1,recto,,images/pages-recto/1214o.png,images/archive-original/1290-1300 II/1214o.jpg,1290-1300 II,1,native,0,2339,1656,Algemeen Rijksarchief Den Haag,Zeeland,,1292,02,11,,0,0
1215,1215m.jpg,verso,0,verso,,images/pages-verso/1215m.png,images/archive-original/1290-1300 II/1215m.jpg,1290-1300 II,,missing,0,1656,2339,Algemeen Rijksarchief Den Haag,Rijnsburg,,1292,02,09,,0,0
1215,1215o.jpg,recto,1,recto,,images/pages-recto/1215o.png,images/archive-original/1290-1300 II/1215o.jpg,1290-1300 II,1,native,0,2339,1656,Algemeen Rijksarchief Den Haag,Rijnsburg,,1292,02,09,,0,0
1216,1216m.jpg,verso,0,verso,,images/pages-verso/1216m.png,images/archive-original/1290-1300 II/1216m.jpg,1290-1300 II,,missing,0,1656,2339,Algemeen Rijksarchief Den Haag,Grafelijkheid,,1292,02,07,,0,0
1216,1216o.jpg,recto,1,recto,,images/pages-recto/1216o.png,images/archive-original/1290-1300 II/1216o.jpg,1290-1300 II,1,native,0,2339,1656,Algemeen Rijksarchief Den Haag,Grafelijkheid,,1292,02,07,,0,1
1217,1217m.jpg,verso,0,verso,,images/pages-verso/1217m.png,images/archive-original/1290-1300 II/1217m.jpg,1290-1300 II,,missing,0,1656,2339,Algemeen Rijksarchief Den Haag,Grafelijkheid,,1292,02,06,,0,0
1217,1217o.jpg,recto,1,recto,,images/pages-recto/1217o.png,images/archive-original/1290-1300 II/1217o.jpg,1290-1300 II,1,native,0,2339,1656,Algemeen Rijksarchief Den Haag,Grafelijkheid,,1292,02,06,,0,1
1218,1218m.jpg,verso,0,verso,,images/pages-verso/1218m.png,images/archive-original/1290-1300 II/1218m.jpg,1290-1300 II,,missing,0,1656,2339,Algemeen Rijksarchief Den Haag,Grafelijkheid,,1292,02,06,,0,0
1218,1218o.jpg,recto,1,recto,,images/pages-recto/1218o.png,images/archive-original/1290-1300 II/1218o.jpg,1290-1300 II,1,native,0,1656,2339,Algemeen Rijksarchief Den Haag,Grafelijkheid,,1292,02,06,,0,0
1219,1219m.jpg,verso,0,verso,,images/pages-verso/1219m.png,images/archive-original/1290-1300 II/1219m.jpg,1290-1300 II,,missing,0,1656,2339,Algemeen Rijksarchief Den Haag,Grafelijkheid,,1292,02,06,,0,0
1219,1219o.jpg,recto,0,neardup_of=1218o,,images/pages-recto/1219o.png,images/archive-original/1290-1300 II/1219o.jpg,1290-1300 II,1,native,0,1656,2339,Algemeen Rijksarchief Den Haag,Grafelijkheid,,1292,02,06,,0,0
1220,1220m.jpg,verso,0,verso,,images/pages-verso/1220m.png,images/archive-original/1290-1300 II/1220m.jpg,1290-1300 II,,missing,0,1656,2339,Algemeen Rijksarchief Den Haag,Zeeland,,1292,02,06,,0,0
1220,1220o.jpg,recto,0,neardup_of=1218o,,images/pages-recto/1220o.png,images/archive-original/1290-1300 II/1220o.jpg,1290-1300 II,1,native,0,1656,2339,Algemeen Rijksarchief Den Haag,Zeeland,,1292,02,06,,0,0
1221,1221m.jpg,verso,0,verso,,images/pages-verso/1221m.png,images/archive-original/1290-1300 II/1221m.jpg,1290-1300 II,,missing,0,1656,2339,Algemeen Rijksarchief Den Haag,Zeeland,,1292,02,06,,0,0
1221,1221o.jpg,recto,0,neardup_of=1218o,,images/pages-recto/1221o.png,images/archive-original/1290-1300 II/1221o.jpg,1290-1300 II,1,native,0,1656,2339,Algemeen Rijksarchief Den Haag,Zeeland,,1292,02,06,,0,0
1222,1222m.jpg,verso,0,verso,,images/pages-verso/1222m.png,images/archive-original/1290-1300 II/1222m.jpg,1290-1300 II,,missing,0,1656,2339,Algemeen Rijksarchief Den Haag,Zeeland,,1292,02,06,,0,0
1222,1222o.jpg,recto,0,neardup_of=1218o,,images/pages-recto/1222o.png,images/archive-original/1290-1300 II/1222o.jpg,1290-1300 II,1,native,0,1656,2339,Algemeen Rijksarchief Den Haag,Zeeland,,1292,02,06,,0,0
1223,1223m.jpg,verso,0,verso,,images/pages-verso/1223m.png,images/archive-original/1290-1300 II/1223m.jpg,1290-1300 II,,missing,0,1656,2339,Algemeen Rijksarchief Den Haag,Zeeland,,1292,02,06,,0,0
1223,1223o.jpg,recto,0,neardup_of=1218o,,images/pages-recto/1223o.png,images/archive-original/1290-1300 II/1223o.jpg,1290-1300 II,1,native,0,1656,2339,Algemeen Rijksarchief Den Haag,Zeeland,,1292,02,06,,0,0
1224,1224m.jpg,verso,0,verso,,images/pages-verso/1224m.png,images/archive-original/1290-1300 II/1224m.jpg,1290-1300 II,,missing,0,1656,2339,Algemeen Rijksarchief Den Haag,Voorne,,1291,11,07,,0,0
1224,1224o.jpg,recto,1,recto,,images/pages-recto/1224o.png,images/archive-original/1290-1300 II/1224o.jpg,1290-1300 II,1,native,0,2339,1656,Algemeen Rijksarchief Den Haag,Voorne,,1291,11,07,,0,0
1225,1225m.jpg,verso,0,verso,,images/pages-verso/1225m.png,images/archive-original/1290-1300 II/1225m.jpg,1290-1300 II,,missing,0,1656,2339,Algemeen Rijksarchief Den Haag,Grafelijkheid,,1291,07,16,,0,0
1225,1225o.jpg,recto,1,recto,,images/pages-recto/1225o.png,images/archive-original/1290-1300 II/1225o.jpg,1290-1300 II,1,native,0,2339,1656,Algemeen Rijksarchief Den Haag,Grafelijkheid,,1291,07,16,,0,1
1226,1226m.jpg,verso,0,verso,,images/pages-verso/1226m.png,images/archive-original/1290-1300 II/1226m.jpg,1290-1300 II,,missing,0,1656,2339,Algemeen Rijksarchief Den Haag,Grafelijkheid,,1291,04,20,,0,0
1226,1226o.jpg,recto,1,recto,,images/pages-recto/1226o.png,images/archive-original/1290-1300 II/1226o.jpg,1290-1300 II,1,native,0,2339,1656,Algemeen Rijksarchief Den Haag,Grafelijkheid,,1291,04,20,,0,0
1227,1227m.jpg,verso,0,verso,,images/pages-verso/1227m.png,images/archive-original/1290-1300 II/1227m.jpg,1290-1300 II,,missing,0,1656,2339,Gemeentearchief Harderwijk,,,1291,03,27,,0,0
1227,1227o.jpg,recto,1,recto,,images/pages-recto/1227o.png,images/archive-original/1290-1300 II/1227o.jpg,1290-1300 II,1,native,0,2339,1656,Gemeentearchief Harderwijk,,,1291,03,27,,0,0
1228,1228m.jpg,verso,0,verso,,images/pages-verso/1228m.png,images/archive-original/1290-1300 II/1228m.jpg,1290-1300 II,,missing,0,1656,2339,Algemeen Rijksarchief Den Haag,Zeeland,,1291,03,05,,0,0
1228,1228o.jpg,recto,0,neardup_of=1229o,,images/pages-recto/1228o.png,images/archive-original/1290-1300 II/1228o.jpg,1290-1300 II,1,native,0,2339,1656,Algemeen Rijksarchief Den Haag,Zeeland,,1291,03,05,,0,0
1229,1229m.jpg,verso,0,verso,,images/pages-verso/1229m.png,images/archive-original/1290-1300 II/1229m.jpg,1290-1300 II,,missing,0,1656,2339,Algemeen Rijksarchief Den Haag,Zeeland,,1291,03,05,,0,0
1229,1229o.jpg,recto,1,recto,,images/pages-recto/1229o.png,images/archive-original/1290-1300 II/1229o.jpg,1290-1300 II,1,native,0,2339,1656,Algemeen Rijksarchief Den Haag,Zeeland,,1291,03,05,,0,0
1230,1230m.jpg,verso,0,verso,,images/pages-verso/1230m.png,images/archive-original/1290-1300 II/1230m.jpg,1290-1300 II,,missing,0,1656,2339,Algemeen Rijksarchief Den Haag,Rijnsburg,,1291,02,23,,0,0
1230,1230o.jpg,recto,1,recto,,images/pages-recto/1230o.png,images/archive-original/1290-1300 II/1230o.jpg,1290-1300 II,1,native,0,2339,1656,Algemeen Rijksarchief Den Haag,Rijnsburg,,1291,02,23,,0,0
1231,1231m.jpg,verso,0,verso,,images/pages-verso/1231m.png,images/archive-original/1290-1300 II/1231m.jpg,1290-1300 II,,missing,0,1656,2339,Algemeen Rijksarchief Den Haag,Nassause Domeinraad I,618,1290,12,11,,0,0
1231,1231o.jpg,recto,1,recto,,images/pages-recto/1231o.png,images/archive-original/1290-1300 II/1231o.jpg,1290-1300 II,1,native,0,2339,1656,Algemeen Rijksarchief Den Haag,Nassause Domeinraad I,618,1290,12,11,,0,0
1232,1232m.jpg,verso,0,verso,,images/pages-verso/1232m.png,images/archive-original/1290-1300 II/1232m.jpg,1290-1300 II,,missing,0,1656,2339,Algemeen Rijksarchief Den Haag,Rijnsburg,,1296,04,01,,0,0
1232,1232o.jpg,recto,1,recto,,images/pages-recto/1232o.png,images/archive-original/1290-1300 II/1232o.jpg,1290-1300 II,1,native,0,2339,1656,Algemeen Rijksarchief Den Haag,Rijnsburg,,1296,04,01,,0,0
1233,1233m.jpg,verso,0,verso,,images/pages-verso/1233m.png,images/archive-original/1290-1300 II/1233m.jpg,1290-1300 II,,missing,0,1656,2339,Algemeen Rijksarchief Den Haag,Voorne,,1296,03,26,,0,0
1233,1233o.jpg,recto,1,recto,,images/pages-recto/1233o.png,images/archive-original/1290-1300 II/1233o.jpg,1290-1300 II,1,native,0,2339,1656,Algemeen Rijksarchief Den Haag,Voorne,,1296,03,26,,0,1
1234,1234m.jpg,verso,0,verso,,images/pages-verso/1234m.png,images/archive-original/1290-1300 II/1234m.jpg,1290-1300 II,,missing,0,1656,2339,Algemeen Rijksarchief Den Haag,Rijnsburg,,1295,11,23,,0,0
1234,1234o.jpg,recto,1,recto,,images/pages-recto/1234o.png,images/archive-original/1290-1300 II/1234o.jpg,1290-1300 II,1,native,0,2339,1656,Algemeen Rijksarchief Den Haag,Rijnsburg,,1295,11,23,,0,0
1235,1235m.jpg,verso,0,verso,,images/pages-verso/1235m.png,images/archive-original/1290-1300 II/1235m.jpg,1290-1300 II,,missing,0,1656,2339,Algemeen Rijksarchief Den Haag,Nassause Domeinraad I,37,1295,11,06,,0,0
1235,1235o.jpg,recto,1,recto,,images/pages-recto/1235o.png,images/archive-original/1290-1300 II/1235o.jpg,1290-1300 II,1,native,0,2339,1656,Algemeen Rijksarchief Den Haag,Nassause Domeinraad I,37,1295,11,06,,0,1
1236,1236m.jpg,verso,0,verso,,images/pages-verso/1236m.png,images/archive-original/1290-1300 II/1236m.jpg,1290-1300 II,,missing,0,1656,2339,Algemeen Rijksarchief Den Haag,Nassause Domeinraad I,422,1295,10,24,,0,0
1236,1236o.jpg,recto,1,recto,,images/pages-recto/1236o.png,images/archive-original/1290-1300 II/1236o.jpg,1290-1300 II,1,native,0,2339,1656,Algemeen Rijksarchief Den Haag,Nassause Domeinraad I,422,1295,10,24,,0,0
1237,1237m.jpg,verso,0,verso,,images/pages-verso/1237m.png,images/archive-original/1290-1300 II/1237m.jpg,1290-1300 II,,missing,0,1656,2339,Algemeen Rijksarchief Den Haag,Rijnsburg,,1295,08,29,,0,0
1237,1237o.jpg,recto,1,recto,,images/pages-recto/1237o.png,images/archive-original/1290-1300 II/1237o.jpg,1290-1300 II,1,native,0,2339,1656,Algemeen Rijksarchief Den Haag,Rijnsburg,,1295,08,29,,0,0
1238,1238m.jpg,verso,0,verso,,images/pages-verso/1238m.png,images/archive-original/1290-1300 II/1238m.jpg,1290-1300 II,,missing,0,1656,2339,Algemeen Rijksarchief Den Haag,Putten,,1295,04,05,,0,0
1238,1238o.jpg,recto,1,recto,,images/pages-recto/1238o.png,images/archive-original/1290-1300 II/1238o.jpg,1290-1300 II,1,native,0,2339,1656,Algemeen Rijksarchief Den Haag,Putten,,1295,04,05,,0,1
1239,1239m.jpg,verso,0,verso,,images/pages-verso/1239m.png,images/archive-original/1290-1300 II/1239m.jpg,1290-1300 II,,missing,0,1656,2339,Algemeen Rijksarchief Den Haag,Grafelijkheid,,1295,01,20,,0,0
1239,1239o.jpg,recto,1,recto,,images/pages-recto/1239o.png,images/archive-original/1290-1300 II/1239o.jpg,1290-1300 II,1,native,0,2339,1656,Algemeen Rijksarchief Den Haag,Grafelijkheid,,1295,01,20,,0,1
1240,1240m.jpg,verso,0,verso,,images/pages-verso/1240m.png,images/archive-original/1290-1300 II/1240m.jpg,1290-1300 II,,missing,0,1656,2339,Algemeen Rijksarchief Den Haag,Rijnsburg,,1294,xx,xx,,0,0
1240,1240o.jpg,recto,1,recto,,images/pages-recto/1240o.png,images/archive-original/1290-1300 II/1240o.jpg,1290-1300 II,1,native,0,2339,1656,Algemeen Rijksarchief Den Haag,Rijnsburg,,1294,xx,xx,,0,0
1241,1241m.jpg,verso,0,verso,,images/pages-verso/1241m.png,images/archive-original/1290-1300 II/1241m.jpg,1290-1300 II,,missing,0,1656,2339,Algemeen Rijksarchief Den Haag,Nassause Domeinraad I,223,1294,10,13,,0,0
1241,1241o.jpg,recto,1,recto,,images/pages-recto/1241o.png,images/archive-original/1290-1300 II/1241o.jpg,1290-1300 II,1,native,0,2339,1656,Algemeen Rijksarchief Den Haag,Nassause Domeinraad I,223,1294,10,13,,0,0
1242,1242m.jpg,verso,0,verso,,images/pages-verso/1242m.png,images/archive-original/1290-1300 II/1242m.jpg,1290-1300 II,,missing,0,1656,2339,Algemeen Rijksarchief Den Haag,Rijnsburg,,1294,09,22,,0,0
1242,1242o.jpg,recto,1,recto,,images/pages-recto/1242o.png,images/archive-original/1290-1300 II/1242o.jpg,1290-1300 II,1,native,0,2339,1656,Algemeen Rijksarchief Den Haag,Rijnsburg,,1294,09,22,,0,0
1243,1243m.jpg,verso,0,verso,,images/pages-verso/1243m.png,images/archive-original/1290-1300 II/1243m.jpg,1290-1300 II,,missing,0,1656,2339,Algemeen Rijksarchief Den Haag,Nassause Domeinraad I,408,1294,03,12,,0,0
1243,1243o.jpg,recto,1,recto,,images/pages-recto/1243o.png,images/archive-original/1290-1300 II/1243o.jpg,1290-1300 II,1,native,0,2339,1656,Algemeen Rijksarchief Den Haag,Nassause Domeinraad I,408,1294,03,12,,1,1
1244,1244m.jpg,verso,0,verso,,images/pages-verso/1244m.png,images/archive-original/1290-1300 II/1244m.jpg,1290-1300 II,,missing,0,1656,2339,Algemeen Rijksarchief Den Haag,Grafelijkheid,,1293,11,25,,0,0
1244,1244o.jpg,recto,1,recto,,images/pages-recto/1244o.png,images/archive-original/1290-1300 II/1244o.jpg,1290-1300 II,1,native,0,2339,1656,Algemeen Rijksarchief Den Haag,Grafelijkheid,,1293,11,25,,1,1
1245,1245m.jpg,verso,0,verso,,images/pages-verso/1245m.png,images/archive-original/1290-1300 II/1245m.jpg,1290-1300 II,,missing,0,1656,2339,Algemeen Rijksarchief Den Haag,Grafelijkheid,,1293,10,28,,0,0
1245,1245o.jpg,recto,1,recto,,images/pages-recto/1245o.png,images/archive-original/1290-1300 II/1245o.jpg,1290-1300 II,1,native,0,2339,1656,Algemeen Rijksarchief Den Haag,Grafelijkheid,,1293,10,28,,1,1
1246,1246m.jpg,verso,0,verso,,images/pages-verso/1246m.png,images/archive-original/1290-1300 II/1246m.jpg,1290-1300 II,,missing,0,1656,2339,Algemeen Rijksarchief Den Haag,Rijnsburg,,1293,09,25,,0,0
1246,1246o.jpg,recto,1,recto,,images/pages-recto/1246o.png,images/archive-original/1290-1300 II/1246o.jpg,1290-1300 II,1,native,0,2339,1656,Algemeen Rijksarchief Den Haag,Rijnsburg,,1293,09,25,,1,1
1247,1247m.jpg,verso,0,verso,,images/pages-verso/1247m.png,images/archive-original/1290-1300 II/1247m.jpg,1290-1300 II,,missing,0,1656,2339,Algemeen Rijksarchief Den Haag,Voorne,,1293,07,08,,0,0
1247,1247o.jpg,recto,1,recto,,images/pages-recto/1247o.png,images/archive-original/1290-1300 II/1247o.jpg,1290-1300 II,1,native,0,2339,1656,Algemeen Rijksarchief Den Haag,Voorne,,1293,07,08,,1,1
1248,1248m.jpg,verso,0,verso,,images/pages-verso/1248m.png,images/archive-original/1290-1300 II/1248m.jpg,1290-1300 II,,missing,0,1656,2339,Algemeen Rijksarchief Den Haag,Nedersticht,,1293,06,28,,0,0
1248,1248o.jpg,recto,1,recto,,images/pages-recto/1248o.png,images/archive-original/1290-1300 II/1248o.jpg,1290-1300 II,1,native,0,2339,1656,Algemeen Rijksarchief Den Haag,Nedersticht,,1293,06,28,,1,1
1249,1249m.jpg,verso,0,verso,,images/pages-verso/1249m.png,images/archive-original/1290-1300 II/1249m.jpg,1290-1300 II,,missing,0,1656,2339,Algemeen Rijksarchief Den Haag,Grafelijkheid,,1293,05,07,,0,0
1249,1249o.jpg,recto,1,recto,,images/pages-recto/1249o.png,images/archive-original/1290-1300 II/1249o.jpg,1290-1300 II,1,native,0,2339,1656,Algemeen Rijksarchief Den Haag,Grafelijkheid,,1293,05,07,,1,1
1250,1250m.jpg,verso,0,verso,,images/pages-verso/1250m.png,images/archive-original/1290-1300 II/1250m.jpg,1290-1300 II,,missing,0,1656,2339,Algemeen Rijksarchief Den Haag,Grafelijkheid,,1293,05,07,,0,0
1250,1250o.jpg,recto,1,recto,,images/pages-recto/1250o.png,images/archive-original/1290-1300 II/1250o.jpg,1290-1300 II,1,native,0,2339,1656,Algemeen Rijksarchief Den Haag,Grafelijkheid,,1293,05,07,,1,1
1251,1251m.jpg,verso,0,verso,,images/pages-verso/1251m.png,images/archive-original/1290-1300 II/1251m.jpg,1290-1300 II,,missing,0,1656,2339,Algemeen Rijksarchief Den Haag,Grafelijkheid,,1293,04,03,,0,0
1251,1251o.jpg,recto,1,recto,,images/pages-recto/1251o.png,images/archive-original/1290-1300 II/1251o.jpg,1290-1300 II,1,native,0,2339,1656,Algemeen Rijksarchief Den Haag,Grafelijkheid,,1293,04,03,,1,1
1252,1252m.jpg,verso,0,verso,,images/pages-verso/1252m.png,images/archive-original/1290-1300 II/1252m.jpg,1290-1300 II,,missing,0,1656,2339,Algemeen Rijksarchief Den Haag,Rijnsburg,,1292,xx,xx,,0,0
1252,1252o.jpg,recto,1,recto,,images/pages-recto/1252o.png,images/archive-original/1290-1300 II/1252o.jpg,1290-1300 II,1,native,0,2339,1656,Algemeen Rijksarchief Den Haag,Rijnsburg,,1292,xx,xx,,1,1
1253,1253m.jpg,verso,0,verso,,images/pages-verso/1253m.png,images/archive-original/1290-1300 II/1253m.jpg,1290-1300 II,,missing,0,1656,2339,Algemeen Rijksarchief Den Haag,Nedersticht,,1297,10,02,,0,0
1253,1253o.jpg,recto,1,recto,,images/pages-recto/1253o.png,images/archive-original/1290-1300 II/1253o.jpg,1290-1300 II,1,native,0,2339,1656,Algemeen Rijksarchief Den Haag,Nedersticht,,1297,10,02,,1,1
1254,1254m.jpg,verso,0,verso,,images/pages-verso/1254m.png,images/archive-original/1290-1300 II/1254m.jpg,1290-1300 II,,missing,0,1656,2339,Algemeen Rijksarchief Den Haag,Grafelijkheid,,1297,09,30,,0,0
1254,1254o.jpg,recto,1,recto,,images/pages-recto/1254o.png,images/archive-original/1290-1300 II/1254o.jpg,1290-1300 II,1,native,0,2339,1656,Algemeen Rijksarchief Den Haag,Grafelijkheid,,1297,09,30,,1,1
1255,1255m.jpg,verso,0,verso,,images/pages-verso/1255m.png,images/archive-original/1290-1300 II/1255m.jpg,1290-1300 II,,missing,0,1656,2339,Algemeen Rijksarchief Den Haag,Zeeland,,1297,09,13,,0,0
1255,1255o.jpg,recto,1,recto,,images/pages-recto/1255o.png,images/archive-original/1290-1300 II/1255o.jpg,1290-1300 II,1,native,0,2339,1656,Algemeen Rijksarchief Den Haag,Zeeland,,1297,09,13,,1,1
1256,1256m.jpg,verso,0,verso,,images/pages-verso/1256m.png,images/archive-original/1290-1300 II/1256m.jpg,1290-1300 II,,missing,0,1656,2339,Algemeen Rijksarchief Den Haag,Leeuwenhorst,,1297,07,18,,0,0
1256,1256o.jpg,recto,1,recto,,images/pages-recto/1256o.png,images/archive-original/1290-1300 II/1256o.jpg,1290-1300 II,1,native,0,2339,1656,Algemeen Rijksarchief Den Haag,Leeuwenhorst,,1297,07,18,,1,1
1257,1257m.jpg,verso,0,verso,,images/pages-verso/1257m.png,images/archive-original/1290-1300 II/1257m.jpg,1290-1300 II,,missing,0,1656,2339,Algemeen Rijksarchief Den Haag,Leeuwenhorst,,1297,07,18,,0,0
1257,1257o.jpg,recto,1,recto,,images/pages-recto/1257o.png,images/archive-original/1290-1300 II/1257o.jpg,1290-1300 II,1,native,0,2339,1656,Algemeen Rijksarchief Den Haag,Leeuwenhorst,,1297,07,18,,1,1
1258,1258m.jpg,verso,0,verso,,images/pages-verso/1258m.png,images/archive-original/1290-1300 II/1258m.jpg,1290-1300 II,,missing,0,1656,2339,Algemeen Rijksarchief Den Haag,Leeuwenhorst,,1297,06,12,,0,0
1258,1258o.jpg,recto,1,recto,,images/pages-recto/1258o.png,images/archive-original/1290-1300 II/1258o.jpg,1290-1300 II,1,native,0,2339,1656,Algemeen Rijksarchief Den Haag,Leeuwenhorst,,1297,06,12,,1,1
1259,1259m.jpg,verso,0,verso,1259,images/pages-verso/1259m.png,images/archive-original/1290-1300 II/1259m.jpg,1290-1300 II,,missing,0,1656,2339,Algemeen Rijksarchief Den Haag,Nassause Domeinraad II,1303,1297,05,02,,0,0
1259,1259o.jpg,recto,1,series_first,1259,images/pages-recto/1259o.png,images/archive-original/1290-1300 II/1259o.jpg,1290-1300 II,1,native,0,2339,1656,Algemeen Rijksarchief Den Haag,Nassause Domeinraad II,1303,1297,05,02,,1,1
1260,1260m.jpg,verso,0,verso,1259,images/pages-verso/1260m.png,images/archive-original/1290-1300 II/1260m.jpg,1290-1300 II,,missing,0,1656,2339,Algemeen Rijksarchief Den Haag,Nassause Domeinraad II,1303,1297,05,02,,0,0
1260,1260o.jpg,recto,0,series_of=1259o,1259,images/pages-recto/1260o.png,images/archive-original/1290-1300 II/1260o.jpg,1290-1300 II,1,native,0,2339,1656,Algemeen Rijksarchief Den Haag,Nassause Domeinraad II,1303,1297,05,02,,0,0
1261,1261m.jpg,verso,0,verso,,images/pages-verso/1261m.png,images/archive-original/1290-1300 II/1261m.jpg,1290-1300 II,,missing,0,1656,2339,Algemeen Rijksarchief Den Haag,Nedersticht,,1296,09,09,,0,0
1261,1261o.jpg,recto,1,recto,,images/pages-recto/1261o.png,images/archive-original/1290-1300 II/1261o.jpg,1290-1300 II,1,native,0,2339,1656,Algemeen Rijksarchief Den Haag,Nedersticht,,1296,09,09,,1,1
1262,1262m.jpg,verso,0,verso,,images/pages-verso/1262m.png,images/archive-original/1290-1300 II/1262m.jpg,1290-1300 II,,missing,0,1656,2339,Algemeen Rijksarchief Den Haag,Nedersticht,,1296,09,09,,0,0
1262,1262o.jpg,recto,0,neardup_of=1261o,,images/pages-recto/1262o.png,images/archive-original/1290-1300 II/1262o.jpg,1290-1300 II,1,native,0,2339,1656,Algemeen Rijksarchief Den Haag,Nedersticht,,1296,09,09,,1,1
1263,1263m.jpg,verso,0,verso,,images/pages-verso/1263m.png,images/archive-original/1290-1300 II/1263m.jpg,1290-1300 II,,missing,0,1656,2339,Algemeen Rijksarchief Den Haag,Nedersticht,,1296,09,09,,0,0
1263,1263o.jpg,recto,0,neardup_of=1261o,,images/pages-recto/1263o.png,images/archive-original/1290-1300 II/1263o.jpg,1290-1300 II,1,native,0,2339,1656,Algemeen Rijksarchief Den Haag,Nedersticht,,1296,09,09,,1,1
1264,1264m.jpg,verso,0,verso,,images/pages-verso/1264m.png,images/archive-original/1290-1300 II/1264m.jpg,1290-1300 II,,missing,0,1656,2339,Algemeen Rijksarchief Den Haag,Nedersticht,,1296,09,09,,0,0
1264,1264o.jpg,recto,0,neardup_of=1261o,,images/pages-recto/1264o.png,images/archive-original/1290-1300 II/1264o.jpg,1290-1300 II,1,native,0,2339,1656,Algemeen Rijksarchief Den Haag,Nedersticht,,1296,09,09,,1,1
1265,1265m.jpg,verso,0,verso,,images/pages-verso/1265m.png,images/archive-original/1290-1300 II/1265m.jpg,1290-1300 II,,missing,0,1656,2339,Algemeen Rijksarchief Den Haag,Nedersticht,,1296,09,09,,0,0
1265,1265o.jpg,recto,0,neardup_of=1261o,,images/pages-recto/1265o.png,images/archive-original/1290-1300 II/1265o.jpg,1290-1300 II,1,native,0,2339,1656,Algemeen Rijksarchief Den Haag,Nedersticht,,1296,09,09,,1,1
1266,1266m.jpg,verso,0,verso,,images/pages-verso/1266m.png,images/archive-original/1290-1300 II/1266m.jpg,1290-1300 II,,missing,0,1656,2339,Algemeen Rijksarchief Den Haag,Nedersticht,,1296,09,09,,0,0
1266,1266o.jpg,recto,0,neardup_of=1261o,,images/pages-recto/1266o.png,images/archive-original/1290-1300 II/1266o.jpg,1290-1300 II,1,native,0,2339,1656,Algemeen Rijksarchief Den Haag,Nedersticht,,1296,09,09,,1,1
1267,1267m.jpg,verso,0,verso,,images/pages-verso/1267m.png,images/archive-original/1290-1300 II/1267m.jpg,1290-1300 II,,missing,0,1656,2339,Algemeen Rijksarchief Den Haag,Nedersticht,,1296,09,09,,0,0
1267,1267o.jpg,recto,0,neardup_of=1261o,,images/pages-recto/1267o.png,images/archive-original/1290-1300 II/1267o.jpg,1290-1300 II,1,native,0,2339,1656,Algemeen Rijksarchief Den Haag,Nedersticht,,1296,09,09,,1,1
1268,1268m.jpg,verso,0,verso,,images/pages-verso/1268m.png,images/archive-original/1290-1300 II/1268m.jpg,1290-1300 II,,missing,0,1656,2339,Algemeen Rijksarchief Den Haag,Nedersticht,,1296,09,09,,0,0
1268,1268o.jpg,recto,0,neardup_of=1261o,,images/pages-recto/1268o.png,images/archive-original/1290-1300 II/1268o.jpg,1290-1300 II,1,native,0,2339,1656,Algemeen Rijksarchief Den Haag,Nedersticht,,1296,09,09,,1,1
1269,1269m.jpg,verso,0,verso,,images/pages-verso/1269m.png,images/archive-original/1290-1300 II/1269m.jpg,1290-1300 II,,missing,0,1656,2339,Algemeen Rijksarchief Den Haag,Nassause Domeinraad II,4,1296,08,15,,0,0
1269,1269o.jpg,recto,1,recto,,images/pages-recto/1269o.png,images/archive-original/1290-1300 II/1269o.jpg,1290-1300 II,1,native,0,2339,1656,Algemeen Rijksarchief Den Haag,Nassause Domeinraad II,4,1296,08,15,,1,1
1270,1270m.jpg,verso,0,verso,,images/pages-verso/1270m.png,images/archive-original/1290-1300 II/1270m.jpg,1290-1300 II,,missing,0,1656,2339,Algemeen Rijksarchief Den Haag,Leeuwenhorst,,1296,06,29,,0,0
1270,1270o.jpg,recto,1,recto,,images/pages-recto/1270o.png,images/archive-original/1290-1300 II/1270o.jpg,1290-1300 II,1,native,0,2339,1656,Algemeen Rijksarchief Den Haag,Leeuwenhorst,,1296,06,29,,1,1
1271,1271m.jpg,verso,0,verso,,images/pages-verso/1271m.png,images/archive-original/1290-1300 II/1271m.jpg,1290-1300 II,,missing,0,1656,2339,Algemeen Rijksarchief Den Haag,Nedersticht,,1296,06,20,,0,0
1271,1271o.jpg,recto,1,recto,,images/pages-recto/1271o.png,images/archive-original/1290-1300 II/1271o.jpg,1290-1300 II,1,native,0,2339,1656,Algemeen Rijksarchief Den Haag,Nedersticht,,1296,06,20,,1,1
1272,1272m.jpg,verso,0,verso,,images/pages-verso/1272m.png,images/archive-original/1290-1300 II/1272m.jpg,1290-1300 II,,missing,0,1656,2339,Algemeen Rijksarchief Den Haag,Grafelijkheid,,1299,10,18,,0,0
1272,1272o.jpg,recto,1,recto,,images/pages-recto/1272o.png,images/archive-original/1290-1300 II/1272o.jpg,1290-1300 II,1,native,0,2339,1656,Algemeen Rijksarchief Den Haag,Grafelijkheid,,1299,10,18,,1,1
1273,1273m.jpg,verso,0,verso,,images/pages-verso/1273m.png,images/archive-original/1290-1300 II/1273m.jpg,1290-1300 II,,missing,0,1656,2339,Algemeen Rijksarchief Den Haag,Zeeland,,1299,09,26,,0,0
1273,1273o.jpg,recto,1,recto,,images/pages-recto/1273o.png,images/archive-original/1290-1300 II/1273o.jpg,1290-1300 II,1,native,0,2339,1656,Algemeen Rijksarchief Den Haag,Zeeland,,1299,09,26,,1,1
1274,1274m.jpg,verso,0,verso,,images/pages-verso/1274m.png,images/archive-original/1290-1300 II/1274m.jpg,1290-1300 II,,missing,0,1656,2339,Algemeen Rijksarchief Den Haag,Zeeland,,1299,08,01,,0,0
1274,1274o.jpg,recto,1,recto,,images/pages-recto/1274o.png,images/archive-original/1290-1300 II/1274o.jpg,1290-1300 II,1,native,0,2339,1656,Algemeen Rijksarchief Den Haag,Zeeland,,1299,08,01,,1,1
1275,1275m.jpg,verso,0,verso,,images/pages-verso/1275m.png,images/archive-original/1290-1300 II/1275m.jpg,1290-1300 II,,missing,0,1656,2339,Algemeen Rijksarchief Den Haag,Rijnsburg,,1299,07,26,,0,0
1275,1275o.jpg,recto,1,recto,,images/pages-recto/1275o.png,images/archive-original/1290-1300 II/1275o.jpg,1290-1300 II,1,native,0,2339,1656,Algemeen Rijksarchief Den Haag,Rijnsburg,,1299,07,26,,1,1
1276,1276m.jpg,verso,0,verso,,images/pages-verso/1276m.png,images/archive-original/1290-1300 II/1276m.jpg,1290-1300 II,,missing,0,1656,2339,Algemeen Rijksarchief Den Haag,Rijnsburg,,1299,07,26,,0,0
1276,1276o.jpg,recto,1,recto,,images/pages-recto/1276o.png,images/archive-original/1290-1300 II/1276o.jpg,1290-1300 II,1,native,0,2339,1656,Algemeen Rijksarchief Den Haag,Rijnsburg,,1299,07,26,,1,1
1277,1277m.jpg,verso,0,verso,,images/pages-verso/1277m.png,images/archive-original/1290-1300 II/1277m.jpg,1290-1300 II,,missing,0,1656,2339,Algemeen Rijksarchief Den Haag,Arkel,,1299,07,25,,0,0
1277,1277o.jpg,recto,1,recto,,images/pages-recto/1277o.png,images/archive-original/1290-1300 II/1277o.jpg,1290-1300 II,1,native,0,2339,1656,Algemeen Rijksarchief Den Haag,Arkel,,1299,07,25,,1,1
1278,1278m.jpg,verso,0,verso,,images/pages-verso/1278m.png,images/archive-original/1290-1300 II/1278m.jpg,1290-1300 II,,missing,0,1656,2339,Algemeen Rijksarchief Den Haag,Koningsveld,,1299,07,11,,0,0
1278,1278o.jpg,recto,1,recto,,images/pages-recto/1278o.png,images/archive-original/1290-1300 II/1278o.jpg,1290-1300 II,,missing,0,1656,2339,Algemeen Rijksarchief Den Haag,Koningsveld,,1299,07,11,,1,1
1279,1279m.jpg,verso,0,verso,,images/pages-verso/1279m.png,images/archive-original/1290-1300 II/1279m.jpg,1290-1300 II,,missing,0,1656,2339,Algemeen Rijksarchief Den Haag,Nassause Domeinraad II,1306,1299,06,16,,0,0
1279,1279o.jpg,recto,1,recto,,images/pages-recto/1279o.png,images/archive-original/1290-1300 II/1279o.jpg,1290-1300 II,1,native,0,2339,1656,Algemeen Rijksarchief Den Haag,Nassause Domeinraad II,1306,1299,06,16,,1,1
1280,1280m.jpg,verso,0,verso,,images/pages-verso/1280m.png,images/archive-original/1290-1300 II/1280m.jpg,1290-1300 II,,missing,0,1656,2339,Algemeen Rijksarchief Den Haag,Nassause Domeinraad II,5,1299,06,16,,0,0
1280,1280o.jpg,recto,1,recto,,images/pages-recto/1280o.png,images/archive-original/1290-1300 II/1280o.jpg,1290-1300 II,1,native,0,2339,1656,Algemeen Rijksarchief Den Haag,Nassause Domeinraad II,5,1299,06,16,,1,1
1281,1281m.jpg,verso,0,verso,,images/pages-verso/1281m.png,images/archive-original/1290-1300 II/1281m.jpg,1290-1300 II,,missing,0,1656,2339,Algemeen Rijksarchief Den Haag,Leeuwenhorst,,1299,04,12,,0,0
1281,1281o.jpg,recto,1,recto,,images/pages-recto/1281o.png,images/archive-original/1290-1300 II/1281o.jpg,1290-1300 II,1,native,0,2339,1656,Algemeen Rijksarchief Den Haag,Leeuwenhorst,,1299,04,12,,1,1
1282,1282m.jpg,verso,0,verso,,images/pages-verso/1282m.png,images/archive-original/1290-1300 II/1282m.jpg,1290-1300 II,,missing,0,1656,2339,Algemeen Rijksarchief Den Haag,Grafelijkheid,,1298,06,30,,0,0
1282,1282o.jpg,recto,1,recto,,images/pages-recto/1282o.png,images/archive-original/1290-1300 II/1282o.jpg,1290-1300 II,1,native,0,2339,1656,Algemeen Rijksarchief Den Haag,Grafelijkheid,,1298,06,30,,1,1
1283,1283m.jpg,verso,0,verso,,images/pages-verso/1283m.png,images/archive-original/1290-1300 II/1283m.jpg,1290-1300 II,,missing,0,1656,2339,Algemeen Rijksarchief Den Haag,Grafelijkheid,,1298,06,28,,0,0
1283,1283o.jpg,recto,1,recto,,images/pages-recto/1283o.png,images/archive-original/1290-1300 II/1283o.jpg,1290-1300 II,1,native,0,2339,1656,Algemeen Rijksarchief Den Haag,Grafelijkheid,,1298,06,28,,1,1
1284,1284m.jpg,verso,0,verso,,images/pages-verso/1284m.png,images/archive-original/1290-1300 II/1284m.jpg,1290-1300 II,,missing,0,1656,2339,Algemeen Rijksarchief Den Haag,Grafelijkheid,,1298,06,24,,0,0
1284,1284o.jpg,recto,1,recto,,images/pages-recto/1284o.png,images/archive-original/1290-1300 II/1284o.jpg,1290-1300 II,1,native,0,2339,1656,Algemeen Rijksarchief Den Haag,Grafelijkheid,,1298,06,24,,1,1
1285,1285m.jpg,verso,0,verso,,images/pages-verso/1285m.png,images/archive-original/1290-1300 II/1285m.jpg,1290-1300 II,,missing,0,1656,2339,Algemeen Rijksarchief Den Haag,Rijnsburg,,1298,04,27,,0,0
1285,1285o.jpg,recto,1,recto,,images/pages-recto/1285o.png,images/archive-original/1290-1300 II/1285o.jpg,1290-1300 II,1,native,0,2339,1656,Algemeen Rijksarchief Den Haag,Rijnsburg,,1298,04,27,,1,1
1286,1286m.jpg,verso,0,verso,,images/pages-verso/1286m.png,images/archive-original/1290-1300 II/1286m.jpg,1290-1300 II,,missing,0,1656,2339,Algemeen Rijksarchief Den Haag,Grafelijkheid,,1298,04,26,,0,0
1286,1286o.jpg,recto,1,recto,,images/pages-recto/1286o.png,images/archive-original/1290-1300 II/1286o.jpg,1290-1300 II,1,native,0,2339,1656,Algemeen Rijksarchief Den Haag,Grafelijkheid,,1298,04,26,,1,1
1287,1287m.jpg,verso,0,verso,,images/pages-verso/1287m.png,images/archive-original/1290-1300 II/1287m.jpg,1290-1300 II,,missing,0,1656,2339,Algemeen Rijksarchief Den Haag,Nassause Domeinraad II,1305,1298,04,24,,0,0
1287,1287o.jpg,recto,1,recto,,images/pages-recto/1287o.png,images/archive-original/1290-1300 II/1287o.jpg,1290-1300 II,1,native,0,2339,1656,Algemeen Rijksarchief Den Haag,Nassause Domeinraad II,1305,1298,04,24,,1,1
1288,1288m.jpg,verso,0,verso,,images/pages-verso/1288m.png,images/archive-original/1290-1300 II/1288m.jpg,1290-1300 II,,missing,0,1656,2339,Algemeen Rijksarchief Den Haag,Rijnsburg,,1298,04,06,,0,0
1288,1288o.jpg,recto,1,recto,,images/pages-recto/1288o.png,images/archive-original/1290-1300 II/1288o.jpg,1290-1300 II,1,native,0,2339,1656,Algemeen Rijksarchief Den Haag,Rijnsburg,,1298,04,06,,1,1
1289,1289m.jpg,verso,0,verso,,images/pages-verso/1289m.png,images/archive-original/1290-1300 II/1289m.jpg,1290-1300 II,,missing,0,1656,2339,Algemeen Rijksarchief Den Haag,Nassause Domeinraad II,1304,1297,11,25,,0,0
1289,1289o.jpg,recto,1,recto,,images/pages-recto/1289o.png,images/archive-original/1290-1300 II/1289o.jpg,1290-1300 II,1,native,0,2339,1656,Algemeen Rijksarchief Den Haag,Nassause Domeinraad II,1304,1297,11,25,,1,1
1290,1290m.jpg,verso,0,verso,,images/pages-verso/1290m.png,images/archive-original/1290-1300 II/1290m.jpg,1290-1300 II,,missing,0,1656,2339,Algemeen Rijksarchief Den Haag,Koningsveld,,1297,10,10,,0,0
1290,1290o.jpg,recto,1,recto,,images/pages-recto/1290o.png,images/archive-original/1290-1300 II/1290o.jpg,1290-1300 II,1,native,0,2339,1656,Algemeen Rijksarchief Den Haag,Koningsveld,,1297,10,10,,1,1
1291,1291m.jpg,verso,0,verso,,images/pages-verso/1291m.png,images/archive-original/1290-1300 II/1291m.jpg,1290-1300 II,,missing,0,1656,2339,Algemeen Rijksarchief Den Haag,Egmond,,1300,11,02,,0,0
1291,1291o.jpg,recto,1,recto,,images/pages-recto/1291o.png,images/archive-original/1290-1300 II/1291o.jpg,1290-1300 II,1,native,0,2339,1656,Algemeen Rijksarchief Den Haag,Egmond,,1300,11,02,,1,1
1292,1292m.jpg,verso,0,verso,,images/pages-verso/1292m.png,images/archive-original/1290-1300 II/1292m.jpg,1290-1300 II,,missing,0,1656,2339,Algemeen Rijksarchief Den Haag,Koningsveld,,1300,07,17,,0,0
1292,1292o.jpg,recto,1,recto,,images/pages-recto/1292o.png,images/archive-original/1290-1300 II/1292o.jpg,1290-1300 II,1,native,0,2339,1656,Algemeen Rijksarchief Den Haag,Koningsveld,,1300,07,17,,1,1
1293,1293m.jpg,verso,0,verso,,images/pages-verso/1293m.png,images/archive-original/1290-1300 II/1293m.jpg,1290-1300 II,,missing,0,1656,2339,Algemeen Rijksarchief Den Haag,Nassause Domeinraad II,6,1300,05,21,,0,0
1293,1293o.jpg,recto,1,recto,,images/pages-recto/1293o.png,images/archive-original/1290-1300 II/1293o.jpg,1290-1300 II,1,native,0,2339,1656,Algemeen Rijksarchief Den Haag,Nassause Domeinraad II,6,1300,05,21,,1,1
1294,1294m.jpg,verso,0,verso,,images/pages-verso/1294m.png,images/archive-original/1290-1300 II/1294m.jpg,1290-1300 II,,missing,0,1656,2339,Algemeen Rijksarchief Den Haag,Nassause Domeinraad I,224,1300,04,24,,0,0
1294,1294o.jpg,recto,1,recto,,images/pages-recto/1294o.png,images/archive-original/1290-1300 II/1294o.jpg,1290-1300 II,1,native,0,2339,1656,Algemeen Rijksarchief Den Haag,Nassause Domeinraad I,224,1300,04,24,,1,1
1295,1295m.jpg,verso,0,verso,,images/pages-verso/1295m.png,images/archive-original/1290-1300 II/1295m.jpg,1290-1300 II,,missing,0,1656,2339,Algemeen Rijksarchief Den Haag,Koningsveld,,1300,01,24,,0,0
1295,1295o.jpg,recto,1,recto,,images/pages-recto/1295o.png,images/archive-original/1290-1300 II/1295o.jpg,1290-1300 II,1,native,0,2339,1656,Algemeen Rijksarchief Den Haag,Koningsveld,,1300,01,24,,1,1
1296,1296m.jpg,verso,0,verso,,images/pages-verso/1296m.png,images/archive-original/1290-1300 II/1296m.jpg,1290-1300 II,,missing,0,1656,2339,Gemeentearchief Harderwijk,,,1300,01,11,,0,0
1296,1296o.jpg,recto,1,recto,,images/pages-recto/1296o.png,images/archive-original/1290-1300 II/1296o.jpg,1290-1300 II,1,native,0,2339,1656,Gemeentearchief Harderwijk,,,1300,01,11,,1,1
1297,1297m.jpg,verso,0,verso,,images/pages-verso/1297m.png,images/archive-original/1290-1300 II/1297m.jpg,1290-1300 II,,missing,0,1656,2339,Algemeen Rijksarchief Den Haag,Henegouwen,,1300,01,10,,0,0
1297,1297o.jpg,recto,1,recto,,images/pages-recto/1297o.png,images/archive-original/1290-1300 II/1297o.jpg,1290-1300 II,1,native,0,2339,1656,Algemeen Rijksarchief Den Haag,Henegouwen,,1300,01,10,,1,1
1298,1298m.jpg,verso,0,verso,,images/pages-verso/1298m.png,images/archive-original/1290-1300 II/1298m.jpg,1290-1300 II,,missing,0,1656,2339,Algemeen Rijksarchief Den Haag,Henegouwen,,1300,01,09,,0,0
1298,1298o.jpg,recto,1,recto,,images/pages-recto/1298o.png,images/archive-original/1290-1300 II/1298o.jpg,1290-1300 II,1,native,0,2339,1656,Algemeen Rijksarchief Den Haag,Henegouwen,,1300,01,09,,1,1
1299,1299m.jpg,verso,0,verso,,images/pages-verso/1299m.png,images/archive-original/1290-1300 II/1299m.jpg,1290-1300 II,,missing,0,1656,2339,Algemeen Rijksarchief Den Haag,Henegouwen,,1300,01,06,,0,0
1299,1299o.jpg,recto,1,recto,,images/pages-recto/1299o.png,images/archive-original/1290-1300 II/1299o.jpg,1290-1300 II,1,native,0,2339,1656,Algemeen Rijksarchief Den Haag,Henegouwen,,1300,01,06,,1,1
1300,1300m.jpg,verso,0,verso,,images/pages-verso/1300m.png,images/archive-original/1290-1300 II/1300m.jpg,1290-1300 II,,missing,0,1656,2339,Algemeen Rijksarchief Den Haag,Henegouwen,,1300,01,06,,0,0
1300,1300o.jpg,recto,1,recto,,images/pages-recto/1300o.png,images/archive-original/1290-1300 II/1300o.jpg,1290-1300 II,1,native,0,2339,1656,Algemeen Rijksarchief Den Haag,Henegouwen,,1300,01,06,,1,1
1301,1301m.jpg,verso,0,verso,,images/pages-verso/1301m.png,images/archive-original/1290-1300 II/1301m.jpg,1290-1300 II,,missing,0,1656,2339,Algemeen Rijksarchief Den Haag,Grafelijkheid,,1299,12,23,,0,0
1301,1301o.jpg,recto,1,recto,,images/pages-recto/1301o.png,images/archive-original/1290-1300 II/1301o.jpg,1290-1300 II,1,native,0,2339,1656,Algemeen Rijksarchief Den Haag,Grafelijkheid,,1299,12,23,,1,1
1302,1302m.jpg,verso,0,verso,,images/pages-verso/1302m.png,images/archive-original/1290-1300 II/1302m.jpg,1290-1300 II,,missing,0,1656,2339,Algemeen Rijksarchief Den Haag,Grafelijkheid,,1299,12,23,,0,0
1302,1302o.jpg,recto,1,recto,,images/pages-recto/1302o.png,images/archive-original/1290-1300 II/1302o.jpg,1290-1300 II,1,native,0,2339,1656,Algemeen Rijksarchief Den Haag,Grafelijkheid,,1299,12,23,,1,1
1303,1303m.jpg,verso,0,verso,,images/pages-verso/1303m.png,images/archive-original/1290-1300 II/1303m.jpg,1290-1300 II,,missing,0,1656,2339,Algemeen Rijksarchief Den Haag,Grafelijkheid,,1299,12,14,,0,0
1303,1303o.jpg,recto,1,recto,,images/pages-recto/1303o.png,images/archive-original/1290-1300 II/1303o.jpg,1290-1300 II,1,native,0,2339,1656,Algemeen Rijksarchief Den Haag,Grafelijkheid,,1299,12,14,,1,1
1304,1304m.jpg,verso,0,verso,,images/pages-verso/1304m.png,images/archive-original/1290-1300 II/1304m.jpg,1290-1300 II,,missing,0,1656,2339,Algemeen Rijksarchief Den Haag,Nassause Domeinraad I,100,1299,12,13,,0,0
1304,1304o.jpg,recto,1,recto,,images/pages-recto/1304o.png,images/archive-original/1290-1300 II/1304o.jpg,1290-1300 II,1,native,0,2339,1656,Algemeen Rijksarchief Den Haag,Nassause Domeinraad I,100,1299,12,13,,1,1
1305,1305m.jpg,verso,0,verso,,images/pages-verso/1305m.png,images/archive-original/1290-1300 II/1305m.jpg,1290-1300 II,,missing,0,1656,2339,Algemeen Rijksarchief Den Haag,Grafelijkheid,,1299,12,12,,0,0
1305,1305o.jpg,recto,1,recto,,images/pages-recto/1305o.png,images/archive-original/1290-1300 II/1305o.jpg,1290-1300 II,1,native,0,2339,1656,Algemeen Rijksarchief Den Haag,Grafelijkheid,,1299,12,12,,1,1
1306,1306m.jpg,verso,0,verso,,images/pages-verso/1306m.png,images/archive-original/1290-1300 II/1306m.jpg,1290-1300 II,,missing,0,1656,2339,Algemeen Rijksarchief Den Haag,Grafelijkheid,,1299,12,11,,0,0
1306,1306o.jpg,recto,1,recto,,images/pages-recto/1306o.png,images/archive-original/1290-1300 II/1306o.jpg,1290-1300 II,1,native,0,2339,1656,Algemeen Rijksarchief Den Haag,Grafelijkheid,,1299,12,11,,1,1
1307,1307m.jpg,verso,0,verso,,images/pages-verso/1307m.png,images/archive-original/1290-1300 II/1307m.jpg,1290-1300 II,,missing,0,1656,2339,Algemeen Rijksarchief Den Haag,Zeeland,,1299,12,07,,0,0
1307,1307o.jpg,recto,1,recto,,images/pages-recto/1307o.png,images/archive-original/1290-1300 II/1307o.jpg,1290-1300 II,1,native,0,2339,1656,Algemeen Rijksarchief Den Haag,Zeeland,,1299,12,07,,1,1
1308,1308m.jpg,verso,0,verso,,images/pages-verso/1308m.png,images/archive-original/1290-1300 II/1308m.jpg,1290-1300 II,,missing,0,1656,2339,Algemeen Rijksarchief Den Haag,Zeeland,,1299,11,29,,0,0
1308,1308o.jpg,recto,1,recto,,images/pages-recto/1308o.png,images/archive-original/1290-1300 II/1308o.jpg,1290-1300 II,1,native,0,2339,1656,Algemeen Rijksarchief Den Haag,Zeeland,,1299,11,29,,1,1
1309,1309m.jpg,verso,0,verso,,images/pages-verso/1309m.png,images/archive-original/1290-1300 II/1309m.jpg,1290-1300 II,,missing,0,1656,2339,Algemeen Rijksarchief Den Haag,Grafelijkheid,,1299,11,07,,0,0
1309,1309o.jpg,recto,1,recto,,images/pages-recto/1309o.png,images/archive-original/1290-1300 II/1309o.jpg,1290-1300 II,1,native,0,2339,1656,Algemeen Rijksarchief Den Haag,Grafelijkheid,,1299,11,07,,1,1
1310,1310m.jpg,verso,0,verso,,images/pages-verso/1310m.png,images/archive-original/1290-1300 II/1310m.jpg,1290-1300 II,,missing,0,1656,2339,Algemeen Rijksarchief Den Haag,Arkel,,1299,10,20,,0,0
1310,1310o.jpg,recto,1,recto,,images/pages-recto/1310o.png,images/archive-original/1290-1300 II/1310o.jpg,1290-1300 II,1,native,0,2339,1656,Algemeen Rijksarchief Den Haag,Arkel,,1299,10,20,,1,1
1311,1311m.jpg,verso,0,verso,,images/pages-verso/1311m.png,images/archive-original/1290-1300 II/1311m.jpg,1290-1300 II,,missing,0,1656,2339,Algemeen Rijksarchief Den Haag,Grafelijkheid,,1299,10,17,,0,0
1311,1311o.jpg,recto,1,recto,,images/pages-recto/1311o.png,images/archive-original/1290-1300 II/1311o.jpg,1290-1300 II,1,native,0,2339,1656,Algemeen Rijksarchief Den Haag,Grafelijkheid,,1299,10,17,,1,1
1312,1312m.jpg,verso,0,verso,,images/pages-verso/1312m.png,images/archive-original/1290-1300 II/1312m.jpg,1290-1300 II,,missing,0,1656,2339,Algemeen Rijksarchief Den Haag,Grafelijkheid,,1299,10,17,,0,0
1312,1312o.jpg,recto,1,recto,,images/pages-recto/1312o.png,images/archive-original/1290-1300 II/1312o.jpg,1290-1300 II,1,native,0,2339,1656,Algemeen Rijksarchief Den Haag,Grafelijkheid,,1299,10,17,,1,1
1313,1313m.jpg,verso,0,verso,,images/pages-verso/1313m.png,images/archive-original/1290-1300 II/1313m.jpg,1290-1300 II,,missing,0,1656,2339,Algemeen Rijksarchief Den Haag,Grafelijkheid,,1299,10,18,,0,0
1313,1313o.jpg,recto,1,recto,,images/pages-recto/1313o.png,images/archive-original/1290-1300 II/1313o.jpg,1290-1300 II,1,native,0,2339,1656,Algemeen Rijksarchief Den Haag,Grafelijkheid,,1299,10,18,,1,1
1314,1314m.jpg,verso,0,verso,,images/pages-verso/1314m.png,images/archive-original/1290-1300 III/1314m.jpg,1290-1300 III,1,native,0,2339,1656,Gemeentearchief van Amersfoort,,,1300,11,21,Deze informatie staat op de voorzijde (1314o).,0,0
1314,1314o.jpg,recto,1,recto,,images/pages-recto/1314o.png,images/archive-original/1290-1300 III/1314o.jpg,1290-1300 III,1,native,0,2339,1656,Gemeentearchief van Amersfoort,,,1300,11,21,Deze informatie staat op de voorzijde (1314o).,0,0
1315,1315m.jpg,verso,0,verso,,images/pages-verso/1315m.png,images/archive-original/1290-1300 III/1315m.jpg,1290-1300 III,,missing,0,1656,2339,Rijksarchief Utrecht,Bisschoppelijk archief,n° 424,1298,10,25,,0,0
1315,1315o.jpg,recto,1,recto,,images/pages-recto/1315o.png,images/archive-original/1290-1300 III/1315o.jpg,1290-1300 III,1,native,0,2339,1656,Rijksarchief Utrecht,Bisschoppelijk archief,n° 424,1298,10,25,,0,0
1316,1316m.jpg,verso,0,verso,,images/pages-verso/1316m.png,images/archive-original/1290-1300 III/1316m.jpg,1290-1300 III,,missing,0,1656,2339,Gemeentearchief Utrecht,,n° 68,1298,03,23,,0,0
1316,1316o.jpg,recto,1,recto,,images/pages-recto/1316o.png,images/archive-original/1290-1300 III/1316o.jpg,1290-1300 III,1,native,0,2339,1656,Gemeentearchief Utrecht,,n° 68,1298,03,23,,0,0
1317,1317m.jpg,verso,0,verso,,images/pages-verso/1317m.png,images/archive-original/1290-1300 III/1317m.jpg,1290-1300 III,,missing,0,1656,2339,Rijksarchief Utrecht,Bisschoppelijk archief,n° 57,1297,09,30,,0,0
1317,1317o.jpg,recto,1,recto,,images/pages-recto/1317o.png,images/archive-original/1290-1300 III/1317o.jpg,1290-1300 III,1,native,0,2339,1656,Rijksarchief Utrecht,Bisschoppelijk archief,n° 57,1297,09,30,,0,0
1318,1318m.jpg,verso,0,verso,,images/pages-verso/1318m.png,images/archive-original/1290-1300 III/1318m.jpg,1290-1300 III,,missing,0,1656,2339,Rijksarchief Utrecht,Bisschoppelijk archief,n° 57,1297,09,29,,0,0
1318,1318o.jpg,recto,1,recto,,images/pages-recto/1318o.png,images/archive-original/1290-1300 III/1318o.jpg,1290-1300 III,1,native,0,2339,1656,Rijksarchief Utrecht,Bisschoppelijk archief,n° 57,1297,09,29,,0,0
1319,1319m.jpg,verso,0,verso,,images/pages-verso/1319m.png,images/archive-original/1290-1300 III/1319m.jpg,1290-1300 III,,missing,0,1656,2339,Rijksarchief Utrecht,Montfoort,n° 141,1296,08,27,,0,0
1319,1319o.jpg,recto,1,recto,,images/pages-recto/1319o.png,images/archive-original/1290-1300 III/1319o.jpg,1290-1300 III,1,native,0,2339,1656,Rijksarchief Utrecht,Montfoort,n° 141,1296,08,27,,0,0
1320,1320m.jpg,verso,0,verso,,images/pages-verso/1320m.png,images/archive-original/1290-1300 III/1320m.jpg,1290-1300 III,,missing,0,1656,2339,Rijksarchief Utrecht,Sint-Jan,n° 326,1296,02,09,,0,0
1320,1320o.jpg,recto,1,recto,,images/pages-recto/1320o.png,images/archive-original/1290-1300 III/1320o.jpg,1290-1300 III,1,native,0,2339,1656,Rijksarchief Utrecht,Sint-Jan,n° 326,1296,02,09,,0,0
1321,1321m.jpg,verso,0,verso,,images/pages-verso/1321m.png,images/archive-original/1290-1300 III/1321m.jpg,1290-1300 III,,missing,0,1656,2339,Rijksarchief Utrecht,Dom,n° 1692,1295,06,15,,0,0
1321,1321o.jpg,recto,1,recto,,images/pages-recto/1321o.png,images/archive-original/1290-1300 III/1321o.jpg,1290-1300 III,1,native,0,2339,1656,Rijksarchief Utrecht,Dom,n° 1692,1295,06,15,,0,0
1322,1322m.jpg,verso,0,verso,,images/pages-verso/1322m.png,images/archive-original/1290-1300 III/1322m.jpg,1290-1300 III,,missing,0,1656,2339,Rijksarchief Utrecht,Oudmunster,n° 399,1295,01,15,,0,0
1322,1322o.jpg,recto,1,recto,,images/pages-recto/1322o.png,images/archive-original/1290-1300 III/1322o.jpg,1290-1300 III,1,native,0,2339,1656,Rijksarchief Utrecht,Oudmunster,n° 399,1295,01,15,,0,0
1323,1323m.jpg,verso,0,verso,,images/pages-verso/1323m.png,images/archive-original/1290-1300 III/1323m.jpg,1290-1300 III,,missing,0,1656,2339,Rijksarchief Bergen,verbrand,,1294,10,25,,0,0
1323,1323o.jpg,recto,1,recto,,images/pages-recto/1323o.png,images/archive-original/1290-1300 III/1323o.jpg,1290-1300 III,1,native,0,2339,1656,Rijksarchief Bergen,verbrand,,1294,10,25,,0,0
1324,1324m.jpg,verso,0,verso,,images/pages-verso/1324m.png,images/archive-original/1290-1300 III/1324m.jpg,1290-1300 III,,missing,0,1656,2339,Gemeentearchief Utrecht,,n° 66,1294,10,25,,0,0
1324,1324o.jpg,recto,1,recto,,images/pages-recto/1324o.png,images/archive-original/1290-1300 III/1324o.jpg,1290-1300 III,1,native,0,2339,1656,Gemeentearchief Utrecht,,n° 66,1294,10,25,,0,0
1325,1325m.jpg,verso,0,verso,,images/pages-verso/1325m.png,images/archive-original/1290-1300 III/1325m.jpg,1290-1300 III,,missing,0,1656,2339,Duits Huis te Utrecht,,n° 1026,1294,09,08,,0,0
1325,1325o.jpg,recto,1,recto,,images/pages-recto/1325o.png,images/archive-original/1290-1300 III/1325o.jpg,1290-1300 III,1,native,0,2339,1656,Duits Huis te Utrecht,,n° 1026,1294,09,08,,0,0
1326,1326m.jpg,verso,0,verso,,images/pages-verso/1326m.png,images/archive-original/1290-1300 III/1326m.jpg,1290-1300 III,,missing,0,1656,2339,Rijksarchief Utrecht,Oudmunster,n° 2581,1293,12,21,,0,0
1326,1326o.jpg,recto,1,recto,,images/pages-recto/1326o.png,images/archive-original/1290-1300 III/1326o.jpg,1290-1300 III,1,native,0,2339,1656,Rijksarchief Utrecht,Oudmunster,n° 2581,1293,12,21,,0,0
1327,1327m.jpg,verso,0,verso,,images/pages-verso/1327m.png,images/archive-original/1290-1300 III/1327m.jpg,1290-1300 III,,missing,0,1656,2339,Rijksarchief Utrecht,Oudmunster,2580,1293,07,06,,0,0
1327,1327o.jpg,recto,1,recto,,images/pages-recto/1327o.png,images/archive-original/1290-1300 III/1327o.jpg,1290-1300 III,1,native,0,2339,1656,Rijksarchief Utrecht,Oudmunster,2580,1293,07,06,,0,0
1328,1328m.jpg,verso,0,verso,,images/pages-verso/1328m.png,images/archive-original/1290-1300 III/1328m.jpg,1290-1300 III,,missing,0,1656,2339,Algemeen Rijksarchief Den Haag,Grafelijkheid,,1290,12,11,,0,0
1328,1328o.jpg,recto,1,recto,,images/pages-recto/1328o.png,images/archive-original/1290-1300 III/1328o.jpg,1290-1300 III,1,native,0,1656,2339,Algemeen Rijksarchief Den Haag,Grafelijkheid,,1290,12,11,,0,0
1329,1329m.jpg,verso,0,verso,,images/pages-verso/1329m.png,images/archive-original/1290-1300 III/1329m.jpg,1290-1300 III,,missing,0,1168,1654,Utrecht,,,129x,02,22,,0,0
1329,1329o.jpg,recto,1,recto,,images/pages-recto/1329o.png,images/archive-original/1290-1300 III/1329o.jpg,1290-1300 III,1,native,0,1654,1168,Utrecht,,,129x,02,22,,0,0
1330,1330m.jpg,verso,0,verso,,images/pages-verso/1330m.png,images/archive-original/1290-1300 III/1330m.jpg,1290-1300 III,,missing,0,1656,2339,Gemeentearchief Leiden,,,1300,11,11,,0,0
1330,1330o.jpg,recto,1,recto,,images/pages-recto/1330o.png,images/archive-original/1290-1300 III/1330o.jpg,1290-1300 III,1,native,0,2339,1656,Gemeentearchief Leiden,,,1300,11,11,,0,0
1331,1331m.jpg,verso,0,verso,,images/pages-verso/1331m.png,images/archive-original/1290-1300 III/1331m.jpg,1290-1300 III,,missing,0,1656,2339,Duits Huis te Utrecht,,n° 306,1300,10,01,,0,0
1331,1331o.jpg,recto,1,recto,,images/pages-recto/1331o.png,images/archive-original/1290-1300 III/1331o.jpg,1290-1300 III,1,native,0,2339,1656,Duits Huis te Utrecht,,n° 306,1300,10,01,,0,0
1332,1332m.jpg,verso,0,verso,,images/pages-verso/1332m.png,images/archive-original/1290-1300 III/1332m.jpg,1290-1300 III,,missing,0,1656,2339,Gemeentearchief Utrecht,,n° 6,1300,10,31,,0,0
1332,1332o.jpg,recto,1,recto,,images/pages-recto/1332o.png,images/archive-original/1290-1300 III/1332o.jpg,1290-1300 III,1,native,0,2339,1656,Gemeentearchief Utrecht,,n° 6,1300,10,31,,0,0
1333,1333m.jpg,verso,0,verso,,images/pages-verso/1333m.png,images/archive-original/1290-1300 III/1333m.jpg,1290-1300 III,,missing,0,1656,2339,Rijksarchief Utrecht,Sint-Marie,n° 497,1300,08,31,,0,0
1333,1333o.jpg,recto,1,recto,,images/pages-recto/1333o.png,images/archive-original/1290-1300 III/1333o.jpg,1290-1300 III,1,native,0,2339,1656,Rijksarchief Utrecht,Sint-Marie,n° 497,1300,08,31,,0,0
1334,1334m.jpg,verso,0,verso,1334,images/pages-verso/1334m.png,images/archive-original/1290-1300 III/1334m.jpg,1290-1300 III,,missing,0,1656,2339,Gemeentearchief Utrecht,,n° 346,1300,07,21,vidimus begin 14e eeuw,0,0
1334,1334o.jpg,recto,1,series_first,1334,images/pages-recto/1334o.png,images/archive-original/1290-1300 III/1334o.jpg,1290-1300 III,1,native,0,2339,1656,Gemeentearchief Utrecht,,n° 346,1300,07,21,vidimus begin 14e eeuw,0,0
1335,1335m.jpg,verso,0,verso,1334,images/pages-verso/1335m.png,images/archive-original/1290-1300 III/1335m.jpg,1290-1300 III,,missing,0,1656,2339,Gemeentearchief Utrecht,,n° 346,1300,07,21,,0,0
1335,1335o.jpg,recto,0,series_of=1334o,1334,images/pages-recto/1335o.png,images/archive-original/1290-1300 III/1335o.jpg,1290-1300 III,1,native,0,2339,1656,Gemeentearchief Utrecht,,n° 346,1300,07,21,,0,0
1336,1336m.jpg,verso,0,verso,,images/pages-verso/1336m.png,images/archive-original/1290-1300 III/1336m.jpg,1290-1300 III,,missing,0,1656,2339,Rijksarchief Utrecht,Dom,n° 2200,1300,06,23,,0,0
1336,1336o.jpg,recto,1,recto,,images/pages-recto/1336o.png,images/archive-original/1290-1300 III/1336o.jpg,1290-1300 III,1,native,0,2339,1656,Rijksarchief Utrecht,Dom,n° 2200,1300,06,23,,0,0
1337,1337m.jpg,verso,0,verso,,images/pages-verso/1337m.png,images/archive-original/1290-1300 III/1337m.jpg,1290-1300 III,,missing,0,1656,2339,Rijksarchief Utrecht,Bisschoppelijk archief,n° 147,1300,02,29,,0,0
1337,1337o.jpg,recto,1,recto,,images/pages-recto/1337o.png,images/archive-original/1290-1300 III/1337o.jpg,1290-1300 III,1,native,0,2339,1656,Rijksarchief Utrecht,Bisschoppelijk archief,n° 147,1300,02,29,,0,0
1338,1338m.jpg,verso,0,verso,,images/pages-verso/1338m.png,images/archive-original/1290-1300 III/1338m.jpg,1290-1300 III,,missing,0,1656,2339,Rijksarchief Utrecht,Sint-Jan,n° 537,1299,08,26,,0,0
1338,1338o.jpg,recto,1,recto,,images/pages-recto/1338o.png,images/archive-original/1290-1300 III/1338o.jpg,1290-1300 III,1,native,0,2339,1656,Rijksarchief Utrecht,Sint-Jan,n° 537,1299,08,26,,0,0
1339,1339m.jpg,verso,0,verso,,images/pages-verso/1339m.png,images/archive-original/1290-1300 III/1339m.jpg,1290-1300 III,,missing,0,1656,2339,Rijksarchief Utrecht,Dom,n° 2911,1299,03,27,,0,0
1339,1339o.jpg,recto,1,recto,,images/pages-recto/1339o.png,images/archive-original/1290-1300 III/1339o.jpg,1290-1300 III,1,native,0,2339,1656,Rijksarchief Utrecht,Dom,n° 2911,1299,03,27,,0,0
1340,1340m.jpg,verso,0,verso,,images/pages-verso/1340m.png,images/archive-original/1290-1300 III/1340m.jpg,1290-1300 III,,missing,0,1656,2339,COO Brussel,Ter Kisten,,1291,05,xx,,0,0
1340,1340o.jpg,recto,1,recto,,images/pages-recto/1340o.png,images/archive-original/1290-1300 III/1340o.jpg,1290-1300 III,1,native,0,2339,1656,COO Brussel,Ter Kisten,,1291,05,xx,,0,0
1341,1341m.jpg,verso,0,verso,,images/pages-verso/1341m.png,images/archive-original/1290-1300 III/1341m.jpg,1290-1300 III,,missing,0,1656,2339,Algemeen Rijksarchief Den Haag,Heusden,,1290,05,31,,0,0
1341,1341o.jpg,recto,1,recto,,images/pages-recto/1341o.png,images/archive-original/1290-1300 III/1341o.jpg,1290-1300 III,1,native,0,2339,1656,Algemeen Rijksarchief Den Haag,Heusden,,1290,05,31,,0,0
1342,1342m.jpg,verso,0,verso,,images/pages-verso/1342m.png,images/archive-original/1290-1300 III/1342m.jpg,1290-1300 III,,missing,0,1656,2339,Algemeen Rijksarchief Den Haag,Heusden,,1290,05,31,,0,0
1342,1342o.jpg,recto,1,recto,,images/pages-recto/1342o.png,images/archive-original/1290-1300 III/1342o.jpg,1290-1300 III,1,native,0,2339,1656,Algemeen Rijksarchief Den Haag,Heusden,,1290,05,31,,0,0
1343,1343m.jpg,verso,0,verso,,images/pages-verso/1343m.png,images/archive-original/1290-1300 III/1343m.jpg,1290-1300 III,,missing,0,1656,2339,Rijksarchief Utrecht,Dom,n° 3527,1292,07,25,,0,0
1343,1343o.jpg,recto,1,recto,,images/pages-recto/1343o.png,images/archive-original/1290-1300 III/1343o.jpg,1290-1300 III,1,native,0,2339,1656,Rijksarchief Utrecht,Dom,n° 3527,1292,07,25,,0,0
1344,1344m.jpg,verso,0,verso,,images/pages-verso/1344m.png,images/archive-original/1290-1300 III/1344m.jpg,1290-1300 III,,missing,0,1656,2339,Duits Huis te Utrecht,,n° 2569,1290,12,01,,0,0
1344,1344o.jpg,recto,1,recto,,images/pages-recto/1344o.png,images/archive-original/1290-1300 III/1344o.jpg,1290-1300 III,1,native,0,2339,1656,Duits Huis te Utrecht,,n° 2569,1290,12,01,,0,0
1345,1345m.jpg,verso,0,verso,,images/pages-verso/1345m.png,images/archive-original/1290-1300 III/1345m.jpg,1290-1300 III,,missing,0,1656,2339,Karmelietenklooster Brugge,statuten gilde zwartledertouwers Brugge,,12xx,xx,xx,,0,0
1345,1345o.jpg,recto,1,recto,,images/pages-recto/1345o.png,images/archive-original/1290-1300 III/1345o.jpg,1290-1300 III,,missing,0,1656,2339,Karmelietenklooster Brugge,statuten gilde zwartledertouwers Brugge,,12xx,xx,xx,,0,0
1346,1346m.jpg,verso,0,verso,,images/pages-verso/1346m.png,images/archive-original/1290-1300 III/1346m.jpg,1290-1300 III,,missing,0,1656,2339,COO Brussel,Ter Kisten,,1299,07,xx,,0,0
1346,1346o.jpg,recto,1,recto,,images/pages-recto/1346o.png,images/archive-original/1290-1300 III/1346o.jpg,1290-1300 III,1,native,0,2339,1656,COO Brussel,Ter Kisten,,1299,07,xx,,0,0
1347,1347m.jpg,verso,0,verso,,images/pages-verso/1347m.png,images/archive-original/1290-1300 III/1347m.jpg,1290-1300 III,,missing,0,1656,2339,COO Brussel,Ter Kisten,,1299,07,16,,0,0
1347,1347o.jpg,recto,1,recto,,images/pages-recto/1347o.png,images/archive-original/1290-1300 III/1347o.jpg,1290-1300 III,1,native,0,2339,1656,COO Brussel,Ter Kisten,,1299,07,16,,0,0
1348,1348m.jpg,verso,0,verso,,images/pages-verso/1348m.png,images/archive-original/1290-1300 III/1348m.jpg,1290-1300 III,,missing,0,1656,2339,COO Brussel,Broederschap Sint-Elooi,,1299,01,30,,0,0
1348,1348o.jpg,recto,1,recto,,images/pages-recto/1348o.png,images/archive-original/1290-1300 III/1348o.jpg,1290-1300 III,1,native,0,2339,1656,COO Brussel,Broederschap Sint-Elooi,,1299,01,30,,0,0
1349,1349m.jpg,verso,0,verso,,images/pages-verso/1349m.png,images/archive-original/1290-1300 III/1349m.jpg,1290-1300 III,,missing,0,1656,2339,Stadsarchief Brussel,,,1298,05,xx,,0,0
1349,1349o.jpg,recto,1,recto,,images/pages-recto/1349o.png,images/archive-original/1290-1300 III/1349o.jpg,1290-1300 III,1,native,0,2339,1656,Stadsarchief Brussel,,,1298,05,xx,,0,0
1350,1350m.jpg,verso,0,verso,,images/pages-verso/1350m.png,images/archive-original/1290-1300 III/1350m.jpg,1290-1300 III,,missing,0,1656,2339,COO Brussel,Armen van de Kapel,,1298,02,xx,,0,0
1350,1350o.jpg,recto,1,recto,,images/pages-recto/1350o.png,images/archive-original/1290-1300 III/1350o.jpg,1290-1300 III,1,native,0,2339,1656,COO Brussel,Armen van de Kapel,,1298,02,xx,,0,0
1351,1351m.jpg,verso,0,verso,,images/pages-verso/1351m.png,images/archive-original/1290-1300 III/1351m.jpg,1290-1300 III,,missing,0,1656,2339,COO Brussel,Armen Sint-Goedele,,1298,01,26,,0,0
1351,1351o.jpg,recto,1,recto,,images/pages-recto/1351o.png,images/archive-original/1290-1300 III/1351o.jpg,1290-1300 III,1,native,0,2339,1656,COO Brussel,Armen Sint-Goedele,,1298,01,26,,0,0
1352,1352m.jpg,verso,0,verso,,images/pages-verso/1352m.png,images/archive-original/1290-1300 III/1352m.jpg,1290-1300 III,,missing,0,1656,2339,COO Brussel,Armen Sint-Goedele,,1298,01,26,,0,0
1352,1352o.jpg,recto,1,recto,,images/pages-recto/1352o.png,images/archive-original/1290-1300 III/1352o.jpg,1290-1300 III,1,native,0,2339,1656,COO Brussel,Armen Sint-Goedele,,1298,01,26,,0,0
1353,1353m.jpg,verso,0,verso,,images/pages-verso/1353m.png,images/archive-original/1290-1300 III/1353m.jpg,1290-1300 III,,missing,0,1656,2339,COO Brussel,Armen Sint-Goedele,,1298,01,26,,0,0
1353,1353o.jpg,recto,1,recto,,images/pages-recto/1353o.png,images/archive-original/1290-1300 III/1353o.jpg,1290-1300 III,1,native,0,2339,1656,COO Brussel,Armen Sint-Goedele,,1298,01,26,,0,0
1354,1354m.jpg,verso,0,verso,,images/pages-verso/1354m.png,images/archive-original/1290-1300 III/1354m.jpg,1290-1300 III,,missing,0,1656,2339,COO Brussel,Ter Kisten,,1298,01,25,,0,0
1354,1354o.jpg,recto,1,recto,,images/pages-recto/1354o.png,images/archive-original/1290-1300 III/1354o.jpg,1290-1300 III,1,native,0,2339,1656,COO Brussel,Ter Kisten,,1298,01,25,,0,0
1355,1355m.jpg,verso,0,verso,,images/pages-verso/1355m.png,images/archive-original/1290-1300 III/1355m.jpg,1290-1300 III,,missing,0,1656,2339,COO Brussel,Ter Kisten,,1297,03,01,,0,0
1355,1355o.jpg,recto,1,recto,,images/pages-recto/1355o.png,images/archive-original/1290-1300 III/1355o.jpg,1290-1300 III,1,native,0,2339,1656,COO Brussel,Ter Kisten,,1297,03,01,,0,0
1356,1356m.jpg,verso,0,verso,,images/pages-verso/1356m.png,images/archive-original/1290-1300 III/1356m.jpg,1290-1300 III,,missing,0,1656,2339,COO Brussel,Ter Kisten,,1297,01,21,,0,0
1356,1356o.jpg,recto,1,recto,,images/pages-recto/1356o.png,images/archive-original/1290-1300 III/1356o.jpg,1290-1300 III,1,native,0,2339,1656,COO Brussel,Ter Kisten,,1297,01,21,,0,0
1357,1357m.jpg,verso,0,verso,,images/pages-verso/1357m.png,images/archive-original/1290-1300 III/1357m.jpg,1290-1300 III,,missing,0,1656,2339,COO Brussel,Infirmerie,,1296,10,21,,0,0
1357,1357o.jpg,recto,1,recto,,images/pages-recto/1357o.png,images/archive-original/1290-1300 III/1357o.jpg,1290-1300 III,1,native,0,2339,1656,COO Brussel,Infirmerie,,1296,10,21,,0,0
1358,1358m.jpg,verso,0,verso,,images/pages-verso/1358m.png,images/archive-original/1290-1300 III/1358m.jpg,1290-1300 III,,missing,0,1656,2339,COO Brussel,Sint-Janshospitaal,,1293,04,12,,0,0
1358,1358o.jpg,recto,1,recto,,images/pages-recto/1358o.png,images/archive-original/1290-1300 III/1358o.jpg,1290-1300 III,1,native,0,2339,1656,COO Brussel,Sint-Janshospitaal,,1293,04,12,,0,0
1359,1359m.jpg,verso,0,verso,,images/pages-verso/1359m.png,images/archive-original/1290-1300 III/1359m.jpg,1290-1300 III,,missing,0,1656,2339,COO Brussel,Ter Kisten,,1291,11,24,,0,0
1359,1359o.jpg,recto,1,recto,,images/pages-recto/1359o.png,images/archive-original/1290-1300 III/1359o.jpg,1290-1300 III,1,native,0,2339,1656,COO Brussel,Ter Kisten,,1291,11,24,,0,0
1360,1360m.jpg,verso,0,verso,1360,images/pages-verso/1360m.png,images/archive-original/1290-1300 III/1360m.jpg,1290-1300 III,,missing,0,1656,2339,Rijsel,B,247,1299,03,27,,0,0
1360,1360o.jpg,recto,1,series_first,1360,images/pages-recto/1360o.png,images/archive-original/1290-1300 III/1360o.jpg,1290-1300 III,,missing,0,1656,2339,Rijsel,B,247,1299,03,27,,0,0
1361,1361m.jpg,verso,0,verso,1360,images/pages-verso/1361m.png,images/archive-original/1290-1300 III/1361m.jpg,1290-1300 III,,missing,0,1656,2339,Rijsel,B,247,1299,03,27,,0,0
1361,1361o.jpg,recto,0,series_of=1360o,1360,images/pages-recto/1361o.png,images/archive-original/1290-1300 III/1361o.jpg,1290-1300 III,,missing,0,1656,2339,Rijsel,B,247,1299,03,27,,0,0
1362,1362m.jpg,verso,0,verso,1360,images/pages-verso/1362m.png,images/archive-original/1290-1300 III/1362m.jpg,1290-1300 III,,missing,0,1656,2339,Rijsel,B,247,1299,03,27,,0,0
1362,1362o.jpg,recto,0,series_of=1360o,1360,images/pages-recto/1362o.png,images/archive-original/1290-1300 III/1362o.jpg,1290-1300 III,,missing,0,1656,2339,Rijsel,B,247,1299,03,27,,0,0
1363,1363m.jpg,verso,0,verso,1360,images/pages-verso/1363m.png,images/archive-original/1290-1300 III/1363m.jpg,1290-1300 III,,missing,0,1656,2339,Rijsel,B,247,1299,03,27,,0,0
1363,1363o.jpg,recto,0,series_of=1360o,1360,images/pages-recto/1363o.png,images/archive-original/1290-1300 III/1363o.jpg,1290-1300 III,,missing,0,1656,2339,Rijsel,B,247,1299,03,27,,0,0
1364,1364m.jpg,verso,0,verso,1364,images/pages-verso/1364m.png,images/archive-original/1290-1300 III/1364m.jpg,1290-1300 III,,missing,0,1656,2339,Rijsel,B,247,1299,03,11,,0,0
1364,1364o.jpg,recto,1,series_first,1364,images/pages-recto/1364o.png,images/archive-original/1290-1300 III/1364o.jpg,1290-1300 III,1,native,0,2339,1656,Rijsel,B,247,1299,03,11,,0,0
1365,1365m.jpg,verso,0,verso,1364,images/pages-verso/1365m.png,images/archive-original/1290-1300 III/1365m.jpg,1290-1300 III,,missing,0,1656,2339,Rijsel,B,247,1299,03,11,,0,0
1365,1365o.jpg,recto,0,series_of=1364o,1364,images/pages-recto/1365o.png,images/archive-original/1290-1300 III/1365o.jpg,1290-1300 III,1,native,0,2339,1656,Rijsel,B,247,1299,03,11,,0,0
1366,1366m.jpg,verso,0,verso,,images/pages-verso/1366m.png,images/archive-original/1290-1300 III/1366m.jpg,1290-1300 III,,missing,0,1656,2339,Staatsarchiv Düsseldorf,Kleve-Mark,,1298,10,22,,0,0
1366,1366o.jpg,recto,1,recto,,images/pages-recto/1366o.png,images/archive-original/1290-1300 III/1366o.jpg,1290-1300 III,,missing,0,1656,2339,Staatsarchiv Düsseldorf,Kleve-Mark,,1298,10,22,,0,0
1367,1367m.jpg,verso,0,verso,,images/pages-verso/1367m.png,images/archive-original/1290-1300 III/1367m.jpg,1290-1300 III,,missing,0,1656,2339,Staatsarchiv Düsseldorf,Kleve-Mark,,1298,10,22,,0,0
1367,1367o.jpg,recto,0,neardup_of=1366o,,images/pages-recto/1367o.png,images/archive-original/1290-1300 III/1367o.jpg,1290-1300 III,,missing,0,1656,2339,Staatsarchiv Düsseldorf,Kleve-Mark,,1298,10,22,,0,0
1368,1368m.jpg,verso,0,verso,,images/pages-verso/1368m.png,images/archive-original/1290-1300 III/1368m.jpg,1290-1300 III,,missing,0,1656,2339,Gemeentearchief Beverwijk,,n° 18,1298,10,01,Deze informatie staat op de voorzijde (1368o).,0,0
1368,1368o.jpg,recto,1,recto,,images/pages-recto/1368o.png,images/archive-original/1290-1300 III/1368o.jpg,1290-1300 III,,missing,0,1656,2339,Gemeentearchief Beverwijk,,n° 18,1298,10,01,Deze informatie staat op de voorzijde (1368o).,0,0
1369,1369m.jpg,verso,0,verso,,images/pages-verso/1369m.png,images/archive-original/1290-1300 III/1369m.jpg,1290-1300 III,,missing,0,1656,2339,foto Utrecht,,,1298,01,02,,0,0
1369,1369o.jpg,recto,1,recto,,images/pages-recto/1369o.png,images/archive-original/1290-1300 III/1369o.jpg,1290-1300 III,1,native,0,2339,1656,foto Utrecht,,,1298,01,02,,0,0
1370,1370m.jpg,verso,0,verso,,images/pages-verso/1370m.png,images/archive-original/1290-1300 III/1370m.jpg,1290-1300 III,,missing,0,1656,2339,Gemeentearchief Rotterdam,,,1297,07,09,,0,0
1370,1370o.jpg,recto,0,neardup_of=1371o,,images/pages-recto/1370o.png,images/archive-original/1290-1300 III/1370o.jpg,1290-1300 III,1,native,0,2339,1656,Gemeentearchief Rotterdam,,,1297,07,09,,0,0
1371,1371m.jpg,verso,0,verso,,images/pages-verso/1371m.png,images/archive-original/1290-1300 III/1371m.jpg,1290-1300 III,,missing,0,1656,2339,Gemeentearchief Rotterdam,,,1297,07,09,,0,0
1371,1371o.jpg,recto,1,recto,,images/pages-recto/1371o.png,images/archive-original/1290-1300 III/1371o.jpg,1290-1300 III,1,native,0,2339,1656,Gemeentearchief Rotterdam,,,1297,07,09,,0,0
1372,1372m.jpg,verso,0,verso,,images/pages-verso/1372m.png,images/archive-original/1290-1300 III/1372m.jpg,1290-1300 III,,missing,0,1656,2339,Gemeentearchief Rotterdam,,,1297,07,09,,0,0
1372,1372o.jpg,recto,0,neardup_of=1371o,,images/pages-recto/1372o.png,images/archive-original/1290-1300 III/1372o.jpg,1290-1300 III,1,native,0,2339,1656,Gemeentearchief Rotterdam,,,1297,07,09,,0,0
1373,1373m.jpg,verso,0,verso,,images/pages-verso/1373m.png,images/archive-original/1290-1300 III/1373m.jpg,1290-1300 III,,missing,0,1656,2339,Gemeentearchief Rotterdam,,,1297,07,09,,0,0
1373,1373o.jpg,recto,1,recto,,images/pages-recto/1373o.png,images/archive-original/1290-1300 III/1373o.jpg,1290-1300 III,1,native,0,2339,1656,Gemeentearchief Rotterdam,,,1297,07,09,,0,0
1374,1374m.jpg,verso,0,verso,,images/pages-verso/1374m.png,images/archive-original/1290-1300 III/1374m.jpg,1290-1300 III,,missing,0,1656,2339,Gemeentearchief Rotterdam,,,1297,07,09,,0,0
1374,1374o.jpg,recto,0,neardup_of=1373o,,images/pages-recto/1374o.png,images/archive-original/1290-1300 III/1374o.jpg,1290-1300 III,1,native,0,2339,1656,Gemeentearchief Rotterdam,,,1297,07,09,,0,0
1375,1375m.jpg,verso,0,verso,,images/pages-verso/1375m.png,images/archive-original/1290-1300 III/1375m.jpg,1290-1300 III,,missing,0,1656,2339,Gemeentearchief Haarlem,,,1297,02,14,,0,0
1375,1375o.jpg,recto,1,recto,,images/pages-recto/1375o.png,images/archive-original/1290-1300 III/1375o.jpg,1290-1300 III,1,native,0,2339,1656,Gemeentearchief Haarlem,,,1297,02,14,,0,0
1376,1376m.jpg,verso,0,verso,,images/pages-verso/1376m.png,images/archive-original/1290-1300 III/1376m.jpg,1290-1300 III,,missing,0,1656,2339,Gemeentearchief Haarlem,,,1297,02,14,,0,0
1376,1376o.jpg,recto,0,neardup_of=1375o,,images/pages-recto/1376o.png,images/archive-original/1290-1300 III/1376o.jpg,1290-1300 III,1,native,0,2339,1656,Gemeentearchief Haarlem,,,1297,02,14,,0,0
1377,1377m.jpg,verso,0,verso,,images/pages-verso/1377m.png,images/archive-original/1290-1300 III/1377m.jpg,1290-1300 III,,missing,0,1656,2339,Gemeentearchief Haarlem,,,1297,02,14,,0,0
1377,1377o.jpg,recto,0,neardup_of=1375o,,images/pages-recto/1377o.png,images/archive-original/1290-1300 III/1377o.jpg,1290-1300 III,1,native,0,2339,1656,Gemeentearchief Haarlem,,,1297,02,14,,0,0
1378,1378m.jpg,verso,0,verso,,images/pages-verso/1378m.png,images/archive-original/1290-1300 III/1378m.jpg,1290-1300 III,,missing,0,1656,2339,Gemeentearchief Haarlem,,,1296,08,02,,0,0
1378,1378o.jpg,recto,1,recto,,images/pages-recto/1378o.png,images/archive-original/1290-1300 III/1378o.jpg,1290-1300 III,1,native,0,2339,1656,Gemeentearchief Haarlem,,,1296,08,02,,0,0
1379,1379m.jpg,verso,0,verso,,images/pages-verso/1379m.png,images/archive-original/1290-1300 III/1379m.jpg,1290-1300 III,,missing,0,1656,2339,Waalwijk,,,1295,05,12,,0,0
1379,1379o.jpg,recto,1,recto,,images/pages-recto/1379o.png,images/archive-original/1290-1300 III/1379o.jpg,1290-1300 III,1,native,0,2339,1656,Waalwijk,,,1295,05,12,,0,0
1380,1380m.jpg,verso,0,verso,,images/pages-verso/1380m.png,images/archive-original/1290-1300 III/1380m.jpg,1290-1300 III,,missing,0,1656,2339,COO Kortrijk,,,1294,10,12,,0,0
1380,1380o.jpg,recto,1,recto,,images/pages-recto/1380o.png,images/archive-original/1290-1300 III/1380o.jpg,1290-1300 III,,missing,0,1656,2339,COO Kortrijk,,,1294,10,12,,0,0
1381,1381m.jpg,verso,0,verso,,images/pages-verso/1381m.png,images/archive-original/1290-1300 III/1381m.jpg,1290-1300 III,,missing,0,1656,2339,COO Kortrijk,,,1294,10,12,,0,0
1381,1381o.jpg,recto,0,neardup_of=1380o,,images/pages-recto/1381o.png,images/archive-original/1290-1300 III/1381o.jpg,1290-1300 III,,missing,0,1656,2339,COO Kortrijk,,,1294,10,12,,0,0
1382,1382m.jpg,verso,0,verso,,images/pages-verso/1382m.png,images/archive-original/1290-1300 III/1382m.jpg,1290-1300 III,,missing,0,1656,2339,COO Kortrijk,,,1294,10,12,,0,0
1382,1382o.jpg,recto,0,neardup_of=1380o,,images/pages-recto/1382o.png,images/archive-original/1290-1300 III/1382o.jpg,1290-1300 III,,missing,0,1656,2339,COO Kortrijk,,,1294,10,12,,0,0
1383,1383m.jpg,verso,0,verso,,images/pages-verso/1383m.png,images/archive-original/1290-1300 III/1383m.jpg,1290-1300 III,,missing,0,1656,2339,Algemeen Rijksarchief Den Haag,Nassau la Lecq,437,1293,12,21,,0,0
1383,1383o.jpg,recto,1,recto,,images/pages-recto/1383o.png,images/archive-original/1290-1300 III/1383o.jpg,1290-1300 III,1,native,0,2339,1656,Algemeen Rijksarchief Den Haag,Nassau la Lecq,437,1293,12,21,,0,0
1384,1384m.jpg,verso,0,verso,,images/pages-verso/1384m.png,images/archive-original/1290-1300 III/1384m.jpg,1290-1300 III,,missing,0,1656,2339,Gemeentearchief 's-Hertogenbos,,,1291,06,14,,0,0
1384,1384o.jpg,recto,1,recto,,images/pages-recto/1384o.png,images/archive-original/1290-1300 III/1384o.jpg,1290-1300 III,1,native,0,2339,1656,Gemeentearchief 's-Hertogenbos,,,1291,06,14,,0,0
1385,1385m.jpg,verso,0,verso,1385,images/pages-verso/1385m.png,images/archive-original/1290-1300 III/1385m.jpg,1290-1300 III,,missing,0,1656,2339,Rijsel,B,234,1290,06,02,,0,0
1385,1385o.jpg,recto,1,series_first,1385,images/pages-recto/1385o.png,images/archive-original/1290-1300 III/1385o.jpg,1290-1300 III,1,native,0,2339,1656,Rijsel,B,234,1290,06,02,,0,0
1386,1386m.jpg,verso,0,verso,1385,images/pages-verso/1386m.png,images/archive-original/1290-1300 III/1386m.jpg,1290-1300 III,,missing,0,1656,2339,Rijsel,B,234,1290,06,02,,0,0
1386,1386o.jpg,recto,0,series_of=1385o,1385,images/pages-recto/1386o.png,images/archive-original/1290-1300 III/1386o.jpg,1290-1300 III,1,native,0,2339,1656,Rijsel,B,234,1290,06,02,,0,0
1387,1387m.jpg,verso,0,verso,,images/pages-verso/1387m.png,images/archive-original/1290-1300 III/1387m.jpg,1290-1300 III,,missing,0,1656,2339,Rijksarchief 's-Hertogenbos,,,1290,04,25,,0,0
1387,1387o.jpg,recto,1,recto,,images/pages-recto/1387o.png,images/archive-original/1290-1300 III/1387o.jpg,1290-1300 III,1,native,0,2339,1656,Rijksarchief 's-Hertogenbos,,,1290,04,25,,0,0
1388,1388m.jpg,verso,0,verso,,images/pages-verso/1388m.png,images/archive-original/1290-1300 III/1388m.jpg,1290-1300 III,,missing,0,1656,2339,Gemeentearchief Leiden,,,1290,04,15,,0,0
1388,1388o.jpg,recto,1,recto,,images/pages-recto/1388o.png,images/archive-original/1290-1300 III/1388o.jpg,1290-1300 III,1,native,0,2339,1656,Gemeentearchief Leiden,,,1290,04,15,,0,0
1389,1389m.jpg,verso,0,verso,,images/pages-verso/1389m.png,images/archive-original/1290-1300 III/1389m.jpg,1290-1300 III,,missing,0,1656,2339,Duitse Orde Utrecht,,,1290,01,14,,0,0
1389,1389o.jpg,recto,1,recto,,images/pages-recto/1389o.png,images/archive-original/1290-1300 III/1389o.jpg,1290-1300 III,1,native,0,2339,1656,Duitse Orde Utrecht,,,1290,01,14,,0,0
1390,1390m.jpg,verso,0,verso,,images/pages-verso/1390m.png,images/archive-original/1290-1300 III/1390m.jpg,1290-1300 III,,missing,0,1656,2339,Gemeentearchief Haarlem,,,1290,12,21,,0,0
1390,1390o.jpg,recto,1,recto,,images/pages-recto/1390o.png,images/archive-original/1290-1300 III/1390o.jpg,1290-1300 III,1,native,0,2339,1656,Gemeentearchief Haarlem,,,1290,12,21,,0,0
1391,1391m.jpg,verso,0,verso,,images/pages-verso/1391m.png,images/archive-original/1290-1300 III/1391m.jpg,1290-1300 III,,missing,0,1656,2339,Algemeen Rijksarchief Den Haag,Arkel,,1290,04,18,,0,0
1391,1391o.jpg,recto,1,recto,,images/pages-recto/1391o.png,images/archive-original/1290-1300 III/1391o.jpg,1290-1300 III,1,native,0,2339,1656,Algemeen Rijksarchief Den Haag,Arkel,,1290,04,18,,0,0
1392,1392m.jpg,verso,0,verso,,images/pages-verso/1392m.png,images/archive-original/1290-1300 III/1392m.jpg,1290-1300 III,,missing,0,1656,2339,Algemeen Rijksarchief Den Haag,Nassause Domeinraad II,317,1290,04,26,,0,0
1392,1392o.jpg,recto,1,recto,,images/pages-recto/1392o.png,images/archive-original/1290-1300 III/1392o.jpg,1290-1300 III,1,native,0,2339,1656,Algemeen Rijksarchief Den Haag,Nassause Domeinraad II,317,1290,04,26,,0,0
1393,1393m.jpg,verso,0,verso,,images/pages-verso/1393m.png,images/archive-original/1290-1300 III/1393m.jpg,1290-1300 III,,missing,0,1656,2339,Algemeen Rijksarchief Den Haag,Nassause Domeinraad II,671 a,1290,05,01,,0,0
1393,1393o.jpg,recto,1,recto,,images/pages-recto/1393o.png,images/archive-original/1290-1300 III/1393o.jpg,1290-1300 III,1,native,0,2339,1656,Algemeen Rijksarchief Den Haag,Nassause Domeinraad II,671 a,1290,05,01,,0,0
1394,1394m.jpg,verso,0,verso,,images/pages-verso/1394m.png,images/archive-original/1290-1300 III/1394m.jpg,1290-1300 III,,missing,0,1656,2339,Algemeen Rijksarchief Den Haag,Grafelijkheid,,1290,12,11,,0,0
1394,1394o.jpg,recto,1,recto,,images/pages-recto/1394o.png,images/archive-original/1290-1300 III/1394o.jpg,1290-1300 III,1,native,0,1656,2339,Algemeen Rijksarchief Den Haag,Grafelijkheid,,1290,12,11,,0,0
1395,1395m.jpg,verso,0,verso,,images/pages-verso/1395m.png,images/archive-original/1290-1300 III/1395m.jpg,1290-1300 III,,missing,0,1656,2339,Algemeen Rijksarchief Den Haag,Koningsveld,,1300,07,17,,0,0
1395,1395o.jpg,recto,1,recto,,images/pages-recto/1395o.png,images/archive-original/1290-1300 III/1395o.jpg,1290-1300 III,1,native,0,2339,1656,Algemeen Rijksarchief Den Haag,Koningsveld,,1300,07,17,,0,0
1396,1396m.jpg,verso,0,verso,,images/pages-verso/1396m.png,images/archive-original/1290-1300 III/1396m.jpg,1290-1300 III,,missing,0,1656,2339,Staatsarchiv Düsseldorf,Kranenburg-Zyfflich,,1300,04,28,,0,0
1396,1396o.jpg,recto,1,recto,,images/pages-recto/1396o.png,images/archive-original/1290-1300 III/1396o.jpg,1290-1300 III,1,native,0,2339,1656,Staatsarchiv Düsseldorf,Kranenburg-Zyfflich,,1300,04,28,,0,0
1397,1397m.jpg,verso,0,verso,,images/pages-verso/1397m.png,images/archive-original/1290-1300 III/1397m.jpg,1290-1300 III,,missing,0,1656,2339,Gemeentearchief Haarlem,,,1299,12,23,,0,0
1397,1397o.jpg,recto,1,recto,,images/pages-recto/1397o.png,images/archive-original/1290-1300 III/1397o.jpg,1290-1300 III,1,native,0,2339,1656,Gemeentearchief Haarlem,,,1299,12,23,,0,0
1398,1398m.jpg,verso,0,verso,,images/pages-verso/1398m.png,images/archive-original/1290-1300 III/1398m.jpg,1290-1300 III,,missing,0,1656,2339,Gemeentearchief Rotterdam,,,1299,11,24,,0,0
1398,1398o.jpg,recto,0,neardup_of=1399o,,images/pages-recto/1398o.png,images/archive-original/1290-1300 III/1398o.jpg,1290-1300 III,1,native,0,2339,1656,Gemeentearchief Rotterdam,,,1299,11,24,,0,0
1399,1399m.jpg,verso,0,verso,,images/pages-verso/1399m.png,images/archive-original/1290-1300 III/1399m.jpg,1290-1300 III,,missing,0,1656,2339,Gemeentearchief Rotterdam,,,1299,11,24,,0,0
1399,1399o.jpg,recto,1,recto,,images/pages-recto/1399o.png,images/archive-original/1290-1300 III/1399o.jpg,1290-1300 III,1,native,0,2339,1656,Gemeentearchief Rotterdam,,,1299,11,24,,0,0
1400,1400m.jpg,verso,0,verso,1360,images/pages-verso/1400m.png,images/archive-original/1290-1300 III/1400m.jpg,1290-1300 III,,missing,0,1656,2339,Rijsel,B,247,1299,03,27,,0,0
1400,1400o.jpg,recto,0,series_of=1360o,1360,images/pages-recto/1400o.png,images/archive-original/1290-1300 III/1400o.jpg,1290-1300 III,1,native,0,2339,1656,Rijsel,B,247,1299,03,27,,0,0
1401,1401m.jpg,verso,0,verso,1360,images/pages-verso/1401m.png,images/archive-original/1290-1300 III/1401m.jpg,1290-1300 III,,missing,0,1656,2339,Rijsel,B,247,1299,03,27,,0,0
1401,1401o.jpg,recto,0,series_of=1360o,1360,images/pages-recto/1401o.png,images/archive-original/1290-1300 III/1401o.jpg,1290-1300 III,1,native,0,2339,1656,Rijsel,B,247,1299,03,27,,0,0
1402,1402m.jpg,verso,0,verso,1360,images/pages-verso/1402m.png,images/archive-original/1290-1300 III/1402m.jpg,1290-1300 III,,missing,0,1656,2339,Rijsel,B,247,1299,03,27,,0,0
1402,1402o.jpg,recto,0,series_of=1360o,1360,images/pages-recto/1402o.png,images/archive-original/1290-1300 III/1402o.jpg,1290-1300 III,1,native,0,2339,1656,Rijsel,B,247,1299,03,27,,0,0
1403,1403m.jpg,verso,0,verso,1360,images/pages-verso/1403m.png,images/archive-original/1290-1300 III/1403m.jpg,1290-1300 III,,missing,0,1656,2339,Rijsel,B,247,1299,03,27,,0,0
1403,1403o.jpg,recto,0,series_of=1360o,1360,images/pages-recto/1403o.png,images/archive-original/1290-1300 III/1403o.jpg,1290-1300 III,,missing,0,1656,2339,Rijsel,B,247,1299,03,27,,0,0
1404,1404m.jpg,verso,0,verso,1360,images/pages-verso/1404m.png,images/archive-original/1290-1300 III/1404m.jpg,1290-1300 III,,missing,0,1656,2339,Rijsel,B,247,1299,03,27,,0,0
1404,1404o.jpg,recto,0,series_of=1360o,1360,images/pages-recto/1404o.png,images/archive-original/1290-1300 III/1404o.jpg,1290-1300 III,,missing,0,1656,2339,Rijsel,B,247,1299,03,27,,0,0
1405,1405m.jpg,verso,0,verso,1360,images/pages-verso/1405m.png,images/archive-original/1290-1300 III/1405m.jpg,1290-1300 III,,missing,0,1656,2339,Rijsel,B,247,1299,03,27,,0,0
1405,1405o.jpg,recto,0,series_of=1360o,1360,images/pages-recto/1405o.png,images/archive-original/1290-1300 III/1405o.jpg,1290-1300 III,,missing,0,1656,2339,Rijsel,B,247,1299,03,27,,0,0
1406,1406m.jpg,verso,0,verso,,images/pages-verso/1406m.png,images/archive-original/1290-1300 IV (voorlopig 1 tekst 1289)/1406m.jpg,1290-1300 IV (voorlopig 1 tekst 1289),,missing,0,2340,3307,"Arras, Arch. Dij.",Calais,A 902,1289,11,24,,0,0
1406,1406o.jpg,recto,1,recto,,images/pages-recto/1406o.png,images/archive-original/1290-1300 IV (voorlopig 1 tekst 1289)/1406o.jpg,1290-1300 IV (voorlopig 1 tekst 1289),,missing,0,2340,3307,"Arras, Arch. Dij.",Calais,A 902,1289,11,24,,0,0
1407,1407m.jpg,verso,0,verso,,images/pages-verso/1407m.png,images/archive-original/1290-1300 IV (voorlopig 1 tekst 1289)/1407m.jpg,1290-1300 IV (voorlopig 1 tekst 1289),,missing,0,2340,3307,Karmelieten Brugge,,,1297,02,02,,0,0
1407,1407o.jpg,recto,1,recto,,images/pages-recto/1407o.png,images/archive-original/1290-1300 IV (voorlopig 1 tekst 1289)/1407o.jpg,1290-1300 IV (voorlopig 1 tekst 1289),,missing,0,3307,2340,Karmelieten Brugge,,,1297,02,02,,0,0
1408,1408m.jpg,verso,0,verso,,images/pages-verso/1408m.png,images/archive-original/1290-1300 IV (voorlopig 1 tekst 1289)/1408m.jpg,1290-1300 IV (voorlopig 1 tekst 1289),,missing,0,2340,3307,Karmelieten Brugge,,,1297,02,02,,0,0
1408,1408o.jpg,recto,0,neardup_of=1407o,,images/pages-recto/1408o.png,images/archive-original/1290-1300 IV (voorlopig 1 tekst 1289)/1408o.jpg,1290-1300 IV (voorlopig 1 tekst 1289),,missing,0,3307,2340,Karmelieten Brugge,,,1297,02,02,,0,0
63,63m.jpg,verso,0,verso,,images/pages-verso/63m.png,images/archive-original/Naamloze map 1/63m.jpg,Naamloze map 1,1,native,0,1654,1168,RA Gent,Rijke Gasthuis,,1236,xx,xx,Statuten Gentse leprozerie van 1236,0,0
63,63o.jpg,recto,1,recto,,images/pages-recto/63o.png,images/archive-original/Naamloze map 1/63o.jpg,Naamloze map 1,,missing,0,1168,1654,RA Gent,Rijke Gasthuis,,1236,xx,xx,Statuten Gentse leprozerie van 1236,0,0
64,64m.jpg,verso,0,verso,,images/pages-verso/64m.png,images/archive-original/Naamloze map 1/64m.jpg,Naamloze map 1,6,90-cw,1,1654,1168,RA Gent,Piers de Raveschoot,941 bis,12x1,03,xx,vertaling 4e kwart 13e,0,0
64,64o.jpg,recto,1,recto,,images/pages-recto/64o.png,images/archive-original/Naamloze map 1/64o.jpg,Naamloze map 1,,missing,0,1168,1654,RA Gent,Piers de Raveschoot,941 bis,12x1,03,xx,vertaling 4e kwart 13e,0,0
51,51m.jpg,verso,0,verso,,images/pages-verso/51m.png,images/archive-original/niet gedateerd (_oudste leeuregister Holl._Reinaertfragmenten R_dam)/51m.jpg,niet gedateerd (_oudste leeuregister Holl._Reinaertfragmenten R_dam),,missing,0,1656,2339,oudste leenregister van Holland,,f° 34 v°,xxxx,xx,xx,handen B E F,0,0
51,51o.jpg,recto,1,recto,,images/pages-recto/51o.png,images/archive-original/niet gedateerd (_oudste leeuregister Holl._Reinaertfragmenten R_dam)/51o.jpg,niet gedateerd (_oudste leeuregister Holl._Reinaertfragmenten R_dam),1,native,0,2339,1656,oudste leenregister van Holland,,f° 34 v°,xxxx,xx,xx,handen B E F,0,0
52,52m.jpg,verso,0,verso,,images/pages-verso/52m.png,images/archive-original/niet gedateerd (_oudste leeuregister Holl._Reinaertfragmenten R_dam)/52m.jpg,niet gedateerd (_oudste leeuregister Holl._Reinaertfragmenten R_dam),,missing,0,1656,2339,oudste leenregister van Holland,,f° 34 r°,xxxx,xx,xx,hand E,0,0
52,52o.jpg,recto,0,neardup_of=51o,,images/pages-recto/52o.png,images/archive-original/niet gedateerd (_oudste leeuregister Holl._Reinaertfragmenten R_dam)/52o.jpg,niet gedateerd (_oudste leeuregister Holl._Reinaertfragmenten R_dam),1,native,0,2339,1656,oudste leenregister van Holland,,f° 34 r°,xxxx,xx,xx,hand E,0,0
53,53m.jpg,verso,0,verso,,images/pages-verso/53m.png,images/archive-original/niet gedateerd (_oudste leeuregister Holl._Reinaertfragmenten R_dam)/53m.jpg,niet gedateerd (_oudste leeuregister Holl._Reinaertfragmenten R_dam),,missing,0,1656,2339,oudste leenregister van Holland,,f° 17 v°,xxxx,xx,xx,hand D,0,0
53,53o.jpg,recto,0,neardup_of=51o,,images/pages-recto/53o.png,images/archive-original/niet gedateerd (_oudste leeuregister Holl._Reinaertfragmenten R_dam)/53o.jpg,niet gedateerd (_oudste leeuregister Holl._Reinaertfragmenten R_dam),1,native,0,2339,1656,oudste leenregister van Holland,,f° 17 v°,xxxx,xx,xx,hand D,0,0
54,54m.jpg,verso,0,verso,,images/pages-verso/54m.png,images/archive-original/niet gedateerd (_oudste leeuregister Holl._Reinaertfragmenten R_dam)/54m.jpg,niet gedateerd (_oudste leeuregister Holl._Reinaertfragmenten R_dam),,missing,0,1656,2339,oudste leenregister van Holland,,f° 54 v°,xxxx,xx,xx,hand C,0,0
54,54o.jpg,recto,0,neardup_of=51o,,images/pages-recto/54o.png,images/archive-original/niet gedateerd (_oudste leeuregister Holl._Reinaertfragmenten R_dam)/54o.jpg,niet gedateerd (_oudste leeuregister Holl._Reinaertfragmenten R_dam),1,native,0,2339,1656,oudste leenregister van Holland,,f° 54 v°,xxxx,xx,xx,hand C,0,0
55,55m.jpg,verso,0,verso,,images/pages-verso/55m.png,images/archive-original/niet gedateerd (_oudste leeuregister Holl._Reinaertfragmenten R_dam)/55m.jpg,niet gedateerd (_oudste leeuregister Holl._Reinaertfragmenten R_dam),,missing,0,1656,2339,oudste leenregister van Holland,,f° 1 r°,xxxx,xx,xx,hand B,0,0
55,55o.jpg,recto,0,neardup_of=51o,,images/pages-recto/55o.png,images/archive-original/niet gedateerd (_oudste leeuregister Holl._Reinaertfragmenten R_dam)/55o.jpg,niet gedateerd (_oudste leeuregister Holl._Reinaertfragmenten R_dam),1,native,0,2339,1656,oudste leenregister van Holland,,f° 1 r°,xxxx,xx,xx,hand B,0,0
56,56m.jpg,verso,0,verso,,images/pages-verso/56m.png,images/archive-original/niet gedateerd (_oudste leeuregister Holl._Reinaertfragmenten R_dam)/56m.jpg,niet gedateerd (_oudste leeuregister Holl._Reinaertfragmenten R_dam),,missing,0,1656,2339,oudste leenregister van Holland,,f° 46 r°,xxxx,xx,xx,hand A,0,0
56,56o.jpg,recto,0,neardup_of=51o,,images/pages-recto/56o.png,images/archive-original/niet gedateerd (_oudste leeuregister Holl._Reinaertfragmenten R_dam)/56o.jpg,niet gedateerd (_oudste leeuregister Holl._Reinaertfragmenten R_dam),1,native,0,2339,1656,oudste leenregister van Holland,,f° 46 r°,xxxx,xx,xx,hand A,0,0
57,57m.jpg,verso,0,verso,,images/pages-verso/57m.png,images/archive-original/niet gedateerd (_oudste leeuregister Holl._Reinaertfragmenten R_dam)/57m.jpg,niet gedateerd (_oudste leeuregister Holl._Reinaertfragmenten R_dam),,missing,0,1656,2339,Rotterdam,,,xxxx,xx,xx,Reinaert-fragmenten,0,0
57,57o.jpg,recto,1,recto,,images/pages-recto/57o.png,images/archive-original/niet gedateerd (_oudste leeuregister Holl._Reinaertfragmenten R_dam)/57o.jpg,niet gedateerd (_oudste leeuregister Holl._Reinaertfragmenten R_dam),1,native,0,2339,1656,Rotterdam,,,xxxx,xx,xx,Reinaert-fragmenten,0,0
58,58m.jpg,verso,0,verso,,images/pages-verso/58m.png,images/archive-original/niet gedateerd (_oudste leeuregister Holl._Reinaertfragmenten R_dam)/58m.jpg,niet gedateerd (_oudste leeuregister Holl._Reinaertfragmenten R_dam),,missing,0,1656,2339,Rotterdam,,,xxxx,xx,xx,Reinaert-fragmenten,0,0
58,58o.jpg,recto,1,recto,,images/pages-recto/58o.png,images/archive-original/niet gedateerd (_oudste leeuregister Holl._Reinaertfragmenten R_dam)/58o.jpg,niet gedateerd (_oudste leeuregister Holl._Reinaertfragmenten R_dam),1,native,0,2339,1656,Rotterdam,,,xxxx,xx,xx,Reinaert-fragmenten,0,0
59,59m.jpg,verso,0,verso,,images/pages-verso/59m.png,images/archive-original/niet gedateerd (_oudste leeuregister Holl._Reinaertfragmenten R_dam)/59m.jpg,niet gedateerd (_oudste leeuregister Holl._Reinaertfragmenten R_dam),,missing,0,1656,2339,Rotterdam,,,xxxx,xx,xx,Reinaert-fragmenten,0,0
59,59o.jpg,recto,1,recto,,images/pages-recto/59o.png,images/archive-original/niet gedateerd (_oudste leeuregister Holl._Reinaertfragmenten R_dam)/59o.jpg,niet gedateerd (_oudste leeuregister Holl._Reinaertfragmenten R_dam),1,native,0,2339,1656,Rotterdam,,,xxxx,xx,xx,Reinaert-fragmenten,0,0
60,60m.jpg,verso,0,verso,,images/pages-verso/60m.png,images/archive-original/niet gedateerd (_oudste leeuregister Holl._Reinaertfragmenten R_dam)/60m.jpg,niet gedateerd (_oudste leeuregister Holl._Reinaertfragmenten R_dam),,missing,0,1656,2339,Rotterdam,,,xxxx,xx,xx,Reinaert-fragmenten,0,0
60,60o.jpg,recto,1,recto,,images/pages-recto/60o.png,images/archive-original/niet gedateerd (_oudste leeuregister Holl._Reinaertfragmenten R_dam)/60o.jpg,niet gedateerd (_oudste leeuregister Holl._Reinaertfragmenten R_dam),1,native,0,2339,1656,Rotterdam,,,xxxx,xx,xx,Reinaert-fragmenten,0,0
61,61m.jpg,verso,0,verso,,images/pages-verso/61m.png,images/archive-original/niet gedateerd (_oudste leeuregister Holl._Reinaertfragmenten R_dam)/61m.jpg,niet gedateerd (_oudste leeuregister Holl._Reinaertfragmenten R_dam),,missing,0,1656,2339,Rotterdam,,,xxxx,xx,xx,Reinaert-fragmenten,0,0
61,61o.jpg,recto,1,recto,,images/pages-recto/61o.png,images/archive-original/niet gedateerd (_oudste leeuregister Holl._Reinaertfragmenten R_dam)/61o.jpg,niet gedateerd (_oudste leeuregister Holl._Reinaertfragmenten R_dam),1,native,0,2339,1656,Rotterdam,,,xxxx,xx,xx,Reinaert-fragmenten,0,0
62,62m.jpg,verso,0,verso,,images/pages-verso/62m.png,images/archive-original/niet gedateerd (_oudste leeuregister Holl._Reinaertfragmenten R_dam)/62m.jpg,niet gedateerd (_oudste leeuregister Holl._Reinaertfragmenten R_dam),,missing,0,1656,2339,Rotterdam,,,xxxx,xx,xx,Reinaert-fragmenten,0,0
62,62o.jpg,recto,1,recto,,images/pages-recto/62o.png,images/archive-original/niet gedateerd (_oudste leeuregister Holl._Reinaertfragmenten R_dam)/62o.jpg,niet gedateerd (_oudste leeuregister Holl._Reinaertfragmenten R_dam),1,native,0,2339,1656,Rotterdam,,,xxxx,xx,xx,Reinaert-fragmenten,0,0
45,45m.jpg,verso,0,verso,,images/pages-verso/45m.png,images/archive-original/vóór 1240/45m.jpg,vóór 1240,,missing,0,1656,2339,Rijsel,B,,1444,xx,xx,,0,0
45,45o.jpg,recto,1,recto,,images/pages-recto/45o.png,images/archive-original/vóór 1240/45o.jpg,vóór 1240,,missing,0,1656,2339,Rijsel,B,,1444,xx,xx,,0,0
46,46m.jpg,verso,0,verso,,images/pages-verso/46m.png,images/archive-original/vóór 1240/46m.jpg,vóór 1240,,missing,0,1656,2339,Rijsel,B,,1444,xx,xx,,0,0
46,46o.jpg,recto,0,neardup_of=45o,,images/pages-recto/46o.png,images/archive-original/vóór 1240/46o.jpg,vóór 1240,,missing,0,1656,2339,Rijsel,B,,1444,xx,xx,,0,0
47,47m.jpg,verso,0,verso,,images/pages-verso/47m.png,images/archive-original/vóór 1240/47m.jpg,vóór 1240,,missing,0,1656,2339,Rijsel,B,,1444,xx,xx,,0,0
47,47o.jpg,recto,0,neardup_of=45o,,images/pages-recto/47o.png,images/archive-original/vóór 1240/47o.jpg,vóór 1240,,missing,0,1656,2339,Rijsel,B,,1444,xx,xx,,0,0
48,48m.jpg,verso,0,verso,,images/pages-verso/48m.png,images/archive-original/vóór 1240/48m.jpg,vóór 1240,,missing,0,1656,2339,Rijsel,B,,1444,xx,xx,,0,0
48,48o.jpg,recto,0,neardup_of=45o,,images/pages-recto/48o.png,images/archive-original/vóór 1240/48o.jpg,vóór 1240,,missing,0,1656,2339,Rijsel,B,,1444,xx,xx,,0,0
49,49m.jpg,verso,0,verso,,images/pages-verso/49m.png,images/archive-original/vóór 1240/49m.jpg,vóór 1240,,missing,0,1656,2339,Karmelietenklooster Brugge,keure ambacht zwartledertouwers Brugge,,13xx,xx,xx,,0,0
49,49o.jpg,recto,0,neardup_of=50o,,images/pages-recto/49o.png,images/archive-original/vóór 1240/49o.jpg,vóór 1240,,missing,0,1656,2339,Karmelietenklooster Brugge,keure ambacht zwartledertouwers Brugge,,13xx,xx,xx,,0,0
50,50m.jpg,verso,0,verso,,images/pages-verso/50m.png,images/archive-original/vóór 1240/50m.jpg,vóór 1240,1,native,0,2024,1436,Karmelietenklooster Brugge,keure ambacht zwartledertouwers Brugge,,13xx,xx,xx,,0,0
50,50o.jpg,recto,1,recto,,images/pages-recto/50o.png,images/archive-original/vóór 1240/50o.jpg,vóór 1240,1,native,0,2024,1436,Karmelietenklooster Brugge,keure ambacht zwartledertouwers Brugge,,13xx,xx,xx,,0,0
