filename,main_document,fell_back,n_regions,x0,y0,x1,y1,width,height,ox0,oy0,ox1,oy1,original_path
1o.png,1,0,1,283,125,2077,1449,2339,1656,283,125,2077,1449,images/archive-original/1260-1269/1o.jpg
2o.png,1,0,5,154,143,2291,1327,2339,1656,154,143,2291,1327,images/archive-original/1260-1269/2o.jpg
3o.png,1,0,37,420,208,1971,1371,2339,1656,420,208,1971,1371,images/archive-original/1260-1269/3o.jpg
4o.png,1,0,4,165,132,2283,1136,2339,1656,165,132,2283,1136,images/archive-original/1260-1269/4o.jpg
5o.png,1,0,6,207,296,1893,1329,2024,1436,296,130,1329,1816,images/archive-original/1260-1269/5o.jpg
6o.png,1,0,9,169,341,2001,1297,2024,1436,341,22,1297,1854,images/archive-original/1260-1269/6o.jpg
7o.png,1,0,2,149,609,1921,1291,2024,1436,609,102,1291,1874,images/archive-original/1260-1269/7o.jpg
8o.png,1,0,6,216,137,2014,1232,2024,1436,137,9,1232,1807,images/archive-original/1260-1269/8o.jpg
9o.png,1,0,4,412,638,1765,1253,2024,1436,638,258,1253,1611,images/archive-original/1260-1269/9o.jpg
10o.png,1,0,1,461,178,1834,1345,2024,1436,178,189,1345,1562,images/archive-original/1260-1269/10o.jpg
11o.png,1,0,5,182,871,2011,1386,2024,1436,871,12,1386,1841,images/archive-original/1260-1269/11o.jpg
12o.png,1,0,1,38,20,1627,1151,1654,1168,20,26,1151,1615,images/archive-original/1260-1269/12o.jpg
13o.png,1,0,1,201,351,2008,1400,2024,1436,351,15,1400,1822,images/archive-original/1260-1269/13o.jpg
14o.png,1,0,4,331,127,1931,1326,2024,1436,127,92,1326,1692,images/archive-original/1260-1269/14o.jpg
15o.png,1,0,6,220,216,1456,901,1654,1168,216,197,901,1433,images/archive-original/1260-1269/15o.jpg
16o.png,1,0,7,545,112,1713,1412,2024,1436,112,310,1412,1478,images/archive-original/1260-1269/16o.jpg
17o.png,1,0,1,135,192,1553,2052,1654,2340,192,100,2052,1518,images/archive-original/1260-1269/17o.jpg
18o.png,1,0,10,559,118,1829,1264,2024,1436,118,194,1264,1464,images/archive-original/1260-1269/18o.jpg
19o.png,1,0,1,156,0,2014,1109,2024,1436,0,9,1109,1867,images/archive-original/1260-1269/19o.jpg
20o.png,1,0,1,125,67,1363,1878,1433,2024,67,69,1878,1307,images/archive-original/1260-1269/20o.jpg
21o.png,1,0,2,573,194,1822,1259,2024,1436,194,201,1259,1450,images/archive-original/1260-1269/21o.jpg
22o.png,1,0,3,201,121,1981,1412,2024,1436,121,42,1412,1822,images/archive-original/1260-1269/22o.jpg
23o.png,1,0,2,0,33,1128,908,1165,1656,33,36,908,1164,images/archive-original/1260-1269/23o.jpg
24o.png,1,0,3,0,25,1131,1625,1165,1656,25,33,1625,1164,images/archive-original/1260-1269/24o.jpg
25o.png,1,0,2,106,59,1622,1151,1654,1168,59,31,1151,1547,images/archive-original/1260-1269/25o.jpg
26o.png,1,0,3,78,91,1609,1167,1654,1168,91,44,1167,1575,images/archive-original/1260-1269/26o.jpg
27o.png,1,0,3,89,182,1619,1167,1654,1168,182,34,1167,1564,images/archive-original/1260-1269/27o.jpg
28o.png,1,0,1,146,165,2008,1074,2024,1436,165,15,1074,1877,images/archive-original/1260-1269/28o.jpg
29o.png,1,0,4,29,150,1124,1625,1165,1656,150,40,1625,1135,images/archive-original/1260-1269/29o.jpg
30o.png,1,0,6,175,51,1968,1373,2024,1436,51,55,1373,1848,images/archive-original/1240-1260/30o.jpg
31o.png,1,0,12,231,33,1450,928,1654,1168,33,203,928,1422,images/archive-original/1240-1260/31o.jpg
32o.png,1,0,1,225,15,1956,1409,2024,1436,15,67,1409,1798,images/archive-original/1240-1260/32o.jpg
33o.png,1,0,1,55,99,1142,1653,1168,1654,55,99,1142,1653,images/archive-original/1240-1260/33o.jpg
34o.png,1,0,1,25,60,1116,1608,1168,1654,25,60,1116,1608,images/archive-original/1240-1260/34o.jpg
35o.png,1,0,1,206,40,2246,1603,2339,1656,40,92,1603,2132,images/archive-original/1240-1260/35o.jpg
36o.png,1,0,1,161,44,2202,1603,2339,1656,44,136,1603,2177,images/archive-original/1240-1260/36o.jpg
37o.png,1,0,6,209,44,2215,1599,2339,1656,44,123,1599,2129,images/archive-original/1240-1260/37o.jpg
38o.png,1,0,5,46,62,1624,1744,1656,2339,31,594,1609,2276,images/archive-original/1240-1260/38o.jpg
39o.png,1,0,2,104,62,1609,1756,1656,2339,46,582,1551,2276,images/archive-original/1240-1260/39o.jpg
40o.png,1,0,2,36,73,1619,2192,1656,2339,36,146,1619,2265,images/archive-original/1240-1260/40o.jpg
41o.png,1,0,3,77,62,1614,2192,1656,2339,41,146,1578,2276,images/archive-original/1240-1260/41o.jpg
42o.png,1,0,2,46,72,1619,2093,1656,2339,36,245,1609,2266,images/archive-original/1240-1260/42o.jpg
43o.png,1,0,6,113,172,1609,2153,1656,2339,46,185,1542,2166,images/archive-original/1240-1260/43o.jpg
44o.png,1,0,10,184,47,2149,1255,2339,1656,47,189,1255,2154,images/archive-original/1240-1260/44o.jpg
45o.png,1,0,8,203,209,1588,2290,1656,2339,203,209,1588,2290,images/archive-original/vóór 1240/45o.jpg
46o.png,1,0,4,41,230,1523,2280,1656,2339,41,230,1523,2280,images/archive-original/vóór 1240/46o.jpg
47o.png,1,0,8,232,51,1609,2021,1656,2339,232,51,1609,2021,images/archive-original/vóór 1240/47o.jpg
48o.png,1,0,4,57,46,1525,2030,1656,2339,57,46,1525,2030,images/archive-original/vóór 1240/48o.jpg
49o.png,1,0,4,177,202,1475,1925,1656,2339,177,202,1475,1925,images/archive-original/vóór 1240/49o.jpg
50o.png,1,0,5,371,62,1759,1408,2024,1436,371,62,1759,1408,images/archive-original/vóór 1240/50o.jpg
51o.png,1,0,16,246,225,2097,996,2339,1656,246,225,2097,996,images/archive-original/niet gedateerd (_oudste leeuregister Holl._Reinaertfragmenten R_dam)/51o.jpg
52o.png,1,0,11,244,228,2151,1487,2339,1656,244,228,2151,1487,images/archive-original/niet gedateerd (_oudste leeuregister Holl._Reinaertfragmenten R_dam)/52o.jpg
53o.png,1,0,9,314,152,2106,1274,2339,1656,314,152,2106,1274,images/archive-original/niet gedateerd (_oudste leeuregister Holl._Reinaertfragmenten R_dam)/53o.jpg
54o.png,1,0,6,349,266,2121,1500,2339,1656,349,266,2121,1500,images/archive-original/niet gedateerd (_oudste leeuregister Holl._Reinaertfragmenten R_dam)/54o.jpg
55o.png,1,0,11,322,250,2175,1487,2339,1656,322,250,2175,1487,images/archive-original/niet gedateerd (_oudste leeuregister Holl._Reinaertfragmenten R_dam)/55o.jpg
56o.png,1,0,10,290,58,2139,1331,2339,1656,290,58,2139,1331,images/archive-original/niet gedateerd (_oudste leeuregister Holl._Reinaertfragmenten R_dam)/56o.jpg
57o.png,1,0,11,261,197,1827,1511,2339,1656,261,197,1827,1511,images/archive-original/niet gedateerd (_oudste leeuregister Holl._Reinaertfragmenten R_dam)/57o.jpg
58o.png,1,0,5,273,103,2207,1349,2339,1656,273,103,2207,1349,images/archive-original/niet gedateerd (_oudste leeuregister Holl._Reinaertfragmenten R_dam)/58o.jpg
59o.png,1,0,10,209,445,2228,1307,2339,1656,209,445,2228,1307,images/archive-original/niet gedateerd (_oudste leeuregister Holl._Reinaertfragmenten R_dam)/59o.jpg
60o.png,1,0,17,349,623,2288,1577,2339,1656,349,623,2288,1577,images/archive-original/niet gedateerd (_oudste leeuregister Holl._Reinaertfragmenten R_dam)/60o.jpg
61o.png,1,0,8,407,147,2008,1522,2339,1656,407,147,2008,1522,images/archive-original/niet gedateerd (_oudste leeuregister Holl._Reinaertfragmenten R_dam)/61o.jpg
62o.png,1,0,14,178,504,2057,1585,2339,1656,178,504,2057,1585,images/archive-original/niet gedateerd (_oudste leeuregister Holl._Reinaertfragmenten R_dam)/62o.jpg
63o.png,1,0,1,47,117,1123,1539,1168,1654,47,117,1123,1539,images/archive-original/Naamloze map 1/63o.jpg
64o.png,1,0,3,171,370,1061,1303,1168,1654,171,370,1061,1303,images/archive-original/Naamloze map 1/64o.jpg
65o.png,1,0,5,72,54,1624,1152,1654,1168,54,29,1152,1581,images/archive-original/1270-1279/65o.jpg
66o.png,1,0,2,523,605,1647,1344,2024,1436,605,376,1344,1500,images/archive-original/1270-1279/66o.jpg
67o.png,1,0,1,454,503,1792,1333,2024,1436,503,231,1333,1569,images/archive-original/1270-1279/67o.jpg
68o.png,1,0,7,282,255,1975,1128,2024,1436,255,48,1128,1741,images/archive-original/1270-1279/68o.jpg
69o.png,1,0,6,274,102,1928,1409,2024,1436,274,102,1928,1409,images/archive-original/1270-1279/69o.jpg
70o.png,1,0,1,44,138,1400,1800,1436,2024,44,138,1400,1800,images/archive-original/1270-1279/70o.jpg
71o.png,1,0,2,468,170,1764,1396,2024,1436,468,170,1764,1396,images/archive-original/1270-1279/71o.jpg
72o.png,1,0,1,191,22,1918,1384,2024,1436,22,105,1384,1832,images/archive-original/1270-1279/72o.jpg
73o.png,1,0,5,549,297,1832,1313,2024,1436,297,191,1313,1474,images/archive-original/1270-1279/73o.jpg
74o.png,0,0,6,523,303,1848,1425,2024,1436,303,175,1425,1500,images/archive-original/1270-1279/74o.jpg
75o.png,0,0,4,526,296,1848,1412,2024,1436,296,175,1412,1497,images/archive-original/1270-1279/75o.jpg
76o.png,1,0,2,426,411,1868,1338,2024,1436,411,155,1338,1597,images/archive-original/1270-1279/76o.jpg
77o.png,1,0,6,407,401,1728,943,2024,1436,401,295,943,1616,images/archive-original/1270-1279/77o.jpg
78o.png,1,0,5,216,69,2083,1597,2339,1656,69,255,1597,2122,images/archive-original/1270-1279/78o.jpg
79o.png,1,0,10,446,176,1822,1324,2024,1436,176,201,1324,1577,images/archive-original/1270-1279/79o.jpg
80o.png,1,0,6,319,303,1918,1141,2024,1436,303,105,1141,1704,images/archive-original/1270-1279/80o.jpg
81o.png,1,0,5,222,561,1953,1400,2024,1436,561,70,1400,1801,images/archive-original/1270-1279/81o.jpg
82o.png,1,0,5,365,757,1895,1355,2024,1436,757,128,1355,1658,images/archive-original/1270-1279/82o.jpg
83o.png,1,0,1,461,354,1864,1274,2024,1436,354,159,1274,1562,images/archive-original/1270-1279/83o.jpg
84o.png,1,0,7,662,257,1806,1323,2024,1436,257,217,1323,1361,images/archive-original/1270-1279/84o.jpg
85o.png,1,0,6,542,465,1645,1140,2339,1656,542,465,1645,1140,images/archive-original/1270-1279/85o.jpg
86o.png,1,0,1,22,139,1400,1878,1436,2024,22,139,1400,1878,images/archive-original/1270-1279/86o.jpg
87o.png,1,0,2,351,386,1842,1383,2024,1436,386,181,1383,1672,images/archive-original/1270-1279/87o.jpg
88o.png,1,0,2,197,201,1999,1297,2024,1436,201,24,1297,1826,images/archive-original/1270-1279/88o.jpg
89o.png,1,0,2,162,467,2004,1188,2024,1436,467,19,1188,1861,images/archive-original/1270-1279/89o.jpg
90o.png,1,0,6,291,298,1882,1231,2024,1436,298,141,1231,1732,images/archive-original/1270-1279/90o.jpg
91o.png,1,0,7,519,506,1731,1301,2024,1436,506,292,1301,1504,images/archive-original/1270-1279/91o.jpg
92o.png,1,0,2,568,344,1733,1406,2024,1436,344,290,1406,1455,images/archive-original/1270-1279/92o.jpg
93o.png,1,0,7,519,473,1703,1267,2024,1436,473,320,1267,1504,images/archive-original/1270-1279/93o.jpg
94o.png,1,0,7,230,255,2023,1133,2024,1436,255,0,1133,1793,images/archive-original/1270-1279/94o.jpg
95o.png,1,0,4,213,103,2011,1192,2024,1436,103,12,1192,1810,images/archive-original/1270-1279/95o.jpg
96o.png,1,0,4,632,450,1684,1176,2024,1436,450,339,1176,1391,images/archive-original/1270-1279/96o.jpg
97o.png,1,0,46,488,219,1878,1066,2339,1656,488,219,1878,1066,images/archive-original/1270-1279/97o.jpg
98o.png,1,0,3,433,575,1854,1313,2024,1436,575,169,1313,1590,images/archive-original/1270-1279/98o.jpg
99o.png,1,0,5,178,382,2002,1251,2024,1436,382,21,1251,1845,images/archive-original/1270-1279/99o.jpg
100o.png,1,0,2,220,210,1391,1564,1436,2024,220,210,1391,1564,images/archive-original/1270-1279/100o.jpg
101o.png,1,0,10,473,270,1760,1226,2024,1436,270,263,1226,1550,images/archive-original/1270-1279/101o.jpg
102o.png,1,0,9,181,162,1944,1291,2024,1436,162,79,1291,1842,images/archive-original/1270-1279/102o.jpg
103o.png,1,0,3,678,397,1655,1311,2024,1436,397,368,1311,1345,images/archive-original/1270-1279/103o.jpg
104o.png,1,0,1,199,376,1902,859,2024,1436,376,121,859,1824,images/archive-original/1270-1279/104o.jpg
105o.png,1,0,1,306,602,1929,1378,2024,1436,602,94,1378,1717,images/archive-original/1270-1279/105o.jpg
106o.png,1,0,4,383,138,1930,1245,2024,1436,138,93,1245,1640,images/archive-original/1270-1279/106o.jpg
107o.png,1,0,3,544,107,1854,1353,2024,1436,107,169,1353,1479,images/archive-original/1270-1279/107o.jpg
108o.png,1,0,4,454,603,1631,1283,2024,1436,603,392,1283,1569,images/archive-original/1270-1279/108o.jpg
109o.png,1,0,3,351,421,1874,917,2024,1436,421,149,917,1672,images/archive-original/1270-1279/109o.jpg
110o.png,1,0,9,63,122,1619,1151,1654,1168,122,34,1151,1590,images/archive-original/1270-1279/110o.jpg
111o.png,1,0,1,248,539,2004,1343,2024,1436,539,19,1343,1775,images/archive-original/1270-1279/111o.jpg
112o.png,1,0,7,251,284,1931,1129,2024,1436,284,92,1129,1772,images/archive-original/1270-1279/112o.jpg
113o.png,1,0,5,213,242,2023,950,2024,1436,242,0,950,1810,images/archive-original/1270-1279/113o.jpg
114o.png,1,0,5,290,809,1904,1220,2339,1656,290,809,1904,1220,images/archive-original/1270-1279/114o.jpg
115o.png,1,0,2,199,248,1874,1409,2024,1436,248,149,1409,1824,images/archive-original/1270-1279/115o.jpg
116o.png,1,0,1,325,55,1883,1406,2024,1436,55,140,1406,1698,images/archive-original/1270-1279/116o.jpg
117o.png,1,0,12,420,447,1779,1171,2024,1436,447,244,1171,1603,images/archive-original/1270-1279/117o.jpg
118o.png,0,0,16,376,472,1845,1253,2024,1436,472,178,1253,1647,images/archive-original/1270-1279/118o.jpg
119o.png,0,0,10,382,475,1848,1307,2024,1436,475,175,1307,1641,images/archive-original/1270-1279/119o.jpg
120o.png,0,0,8,360,411,1797,1218,2024,1436,411,226,1218,1663,images/archive-original/1270-1279/120o.jpg
121o.png,1,0,4,92,153,1619,1156,1654,1168,153,34,1156,1561,images/archive-original/1270-1279/121o.jpg
122o.png,1,0,2,93,135,1578,2301,1656,2339,93,135,1578,2301,images/archive-original/1270-1279/122o.jpg
123o.png,0,0,1,114,36,1593,1833,1656,2339,114,36,1593,1833,images/archive-original/1270-1279/123o.jpg
124o.png,1,0,5,303,516,1916,1339,2024,1436,516,107,1339,1720,images/archive-original/1270-1279/124o.jpg
125o.png,1,0,2,275,731,1881,1397,2024,1436,731,142,1397,1748,images/archive-original/1270-1279/125o.jpg
126o.png,1,0,1,227,67,2004,1406,2024,1436,67,19,1406,1796,images/archive-original/1270-1279/126o.jpg
127o.png,1,0,4,315,197,1864,1354,2024,1436,197,159,1354,1708,images/archive-original/1270-1279/127o.jpg
128o.png,1,0,5,97,73,1616,1167,1654,1168,73,37,1167,1556,images/archive-original/1270-1279/128o.jpg
129o.png,1,0,2,234,338,2003,1326,2024,1436,338,20,1326,1789,images/archive-original/1270-1279/129o.jpg
130o.png,1,0,4,395,476,1899,1353,2024,1436,476,124,1353,1628,images/archive-original/1270-1279/130o.jpg
131o.png,1,0,6,471,141,1689,1358,2024,1436,141,334,1358,1552,images/archive-original/1270-1279/131o.jpg
132o.png,1,0,11,366,526,1912,1189,2024,1436,526,111,1189,1657,images/archive-original/1270-1279/132o.jpg
133o.png,1,0,1,445,125,2033,1526,2339,1656,125,305,1526,1893,images/archive-original/1270-1279/133o.jpg
134o.png,1,0,2,132,29,2228,1577,2339,1656,29,110,1577,2206,images/archive-original/1270-1279/134o.jpg
135o.png,1,0,2,121,62,2195,1633,2339,1656,62,143,1633,2217,images/archive-original/1270-1279/135o.jpg
136o.png,1,0,4,329,180,1993,751,2339,1656,329,180,1993,751,images/archive-original/1270-1279/136o.jpg
137o.png,0,0,1,225,72,2008,1419,2024,1436,72,15,1419,1798,images/archive-original/1270-1279/137o.jpg
138o.png,1,0,1,185,63,2017,1396,2024,1436,63,6,1396,1838,images/archive-original/1270-1279/138o.jpg
139o.png,0,0,1,223,15,2017,1400,2024,1436,15,6,1400,1800,images/archive-original/1270-1279/139o.jpg
140o.png,1,0,6,202,178,2023,1369,2024,1436,178,0,1369,1821,images/archive-original/1270-1279/140o.jpg
141o.png,1,0,1,389,369,1869,1139,2024,1436,369,154,1139,1634,images/archive-original/1270-1279/141o.jpg
142o.png,1,0,4,185,130,2008,1167,2024,1436,130,15,1167,1838,images/archive-original/1270-1279/142o.jpg
143o.png,1,0,4,156,252,2008,1365,2024,1436,252,15,1365,1867,images/archive-original/1270-1279/143o.jpg
144o.png,1,0,7,146,453,2004,1243,2024,1436,453,19,1243,1877,images/archive-original/1270-1279/144o.jpg
145o.png,1,0,7,190,171,1479,967,1654,1168,171,174,967,1463,images/archive-original/1270-1279/145o.jpg
146o.png,1,0,6,181,377,1930,1304,2024,1436,377,93,1304,1842,images/archive-original/1270-1279/146o.jpg
147o.png,1,0,4,89,334,1624,862,1654,1168,334,29,862,1564,images/archive-original/1270-1279/147o.jpg
148o.png,1,0,1,323,510,1915,1370,2024,1436,510,108,1370,1700,images/archive-original/1270-1279/148o.jpg
149o.png,1,0,3,131,33,1532,583,1654,1168,33,121,583,1522,images/archive-original/1270-1279/149o.jpg
150o.png,1,0,4,185,354,1934,1335,2024,1436,354,89,1335,1838,images/archive-original/1270-1279/150o.jpg
151o.png,1,0,17,53,485,1603,932,1654,1168,485,50,932,1600,images/archive-original/1270-1279/151o.jpg
152o.png,1,0,5,384,354,1752,1111,2024,1436,354,271,1111,1639,images/archive-original/1270-1279/152o.jpg
153o.png,1,0,5,38,62,1609,1149,1654,1168,62,44,1149,1615,images/archive-original/1270-1279/153o.jpg
154o.png,1,0,2,66,90,1619,1146,1654,1168,90,34,1146,1587,images/archive-original/1270-1279/154o.jpg
155o.png,1,0,3,267,402,2014,1387,2024,1436,402,9,1387,1756,images/archive-original/1270-1279/155o.jpg
156o.png,1,0,1,239,54,1997,1370,2024,1436,54,26,1370,1784,images/archive-original/1270-1279/156o.jpg
157o.png,1,0,2,227,65,2008,1400,2024,1436,65,15,1400,1796,images/archive-original/1270-1279/157o.jpg
158o.png,1,0,4,164,155,1389,625,1654,1168,155,264,625,1489,images/archive-original/1270-1279/158o.jpg
159o.png,1,0,4,76,51,1624,1167,1654,1168,51,29,1167,1577,images/archive-original/1270-1279/159o.jpg
160o.png,1,0,4,398,316,1845,1265,2024,1436,316,178,1265,1625,images/archive-original/1270-1279/160o.jpg
161o.png,1,0,6,259,132,1432,1136,1654,1168,132,221,1136,1394,images/archive-original/1270-1279/161o.jpg
162o.png,1,0,5,236,370,1956,1213,2024,1436,370,67,1213,1787,images/archive-original/1270-1279/162o.jpg
163o.png,1,0,6,196,912,1998,1337,2024,1436,912,25,1337,1827,images/archive-original/1270-1279/163o.jpg
164o.png,1,0,3,315,357,1922,1280,2024,1436,357,101,1280,1708,images/archive-original/1270-1279/164o.jpg
165o.png,1,0,3,220,585,2188,1224,2339,1656,220,585,2188,1224,images/archive-original/1270-1279/165o.jpg
166o.png,1,0,3,239,36,2199,1357,2339,1656,239,36,2199,1357,images/archive-original/1270-1279/166o.jpg
167o.png,1,0,1,213,158,2258,1618,2339,1656,213,158,2258,1618,images/archive-original/1270-1279/167o.jpg
168o.png,1,0,1,179,70,1976,1352,2024,1436,70,47,1352,1844,images/archive-original/1270-1279/168o.jpg
169o.png,1,0,11,109,64,1619,1167,1654,1168,64,34,1167,1544,images/archive-original/1270-1279/169o.jpg
170o.png,1,0,3,644,447,1764,1338,2024,1436,447,259,1338,1379,images/archive-original/1270-1279/170o.jpg
171o.png,1,0,5,341,197,1870,1218,2024,1436,197,153,1218,1682,images/archive-original/1270-1279/171o.jpg
172o.png,1,0,2,90,45,1629,1167,1654,1168,45,24,1167,1563,images/archive-original/1270-1279/172o.jpg
173o.png,1,0,4,159,542,2006,1333,2024,1436,542,17,1333,1864,images/archive-original/1270-1279/173o.jpg
174o.png,1,0,7,114,397,1582,753,1654,1168,397,71,753,1539,images/archive-original/1270-1279/174o.jpg
175o.png,1,0,3,408,406,1802,1332,2024,1436,406,221,1332,1615,images/archive-original/1270-1279/175o.jpg
176o.png,1,0,5,356,749,1826,1376,2024,1436,749,197,1376,1667,images/archive-original/1270-1279/176o.jpg
177o.png,1,0,5,193,74,2017,1251,2024,1436,74,6,1251,1830,images/archive-original/1270-1279/177o.jpg
178o.png,1,0,2,218,696,1930,1325,2024,1436,696,93,1325,1805,images/archive-original/1270-1279/178o.jpg
179o.png,1,0,8,391,669,1828,1269,2024,1436,669,195,1269,1632,images/archive-original/1270-1279/179o.jpg
180o.png,1,0,2,347,450,1847,1234,2024,1436,450,176,1234,1676,images/archive-original/1270-1279/180o.jpg
181o.png,1,0,4,363,153,1826,1329,2024,1436,153,197,1329,1660,images/archive-original/1270-1279/181o.jpg
182o.png,1,0,5,220,108,2011,1269,2024,1436,108,12,1269,1803,images/archive-original/1270-1279/182o.jpg
183o.png,1,0,2,287,657,1895,1362,2024,1436,657,128,1362,1736,images/archive-original/1270-1279/183o.jpg
184o.png,1,0,2,506,221,1716,1283,2024,1436,221,307,1283,1517,images/archive-original/1270-1279/184o.jpg
185o.png,1,0,2,210,520,1979,1306,2024,1436,520,44,1306,1813,images/archive-original/1270-1279/185o.jpg
186o.png,1,0,1,325,771,1863,1359,2024,1436,771,160,1359,1698,images/archive-original/1270-1279/186o.jpg
187o.png,1,0,3,206,324,1921,1287,2024,1436,324,102,1287,1817,images/archive-original/1270-1279/187o.jpg
188o.png,1,0,8,172,136,1990,1281,2024,1436,136,33,1281,1851,images/archive-original/1270-1279/188o.jpg
189o.png,1,0,3,224,134,2011,1400,2024,1436,134,12,1400,1799,images/archive-original/1270-1279/189o.jpg
190o.png,1,0,3,168,545,2001,1335,2024,1436,545,22,1335,1855,images/archive-original/1270-1279/190o.jpg
191o.png,1,0,7,176,544,2001,1272,2024,1436,544,22,1272,1847,images/archive-original/1270-1279/191o.jpg
192o.png,1,0,2,213,175,1982,1398,2024,1436,175,41,1398,1810,images/archive-original/1270-1279/192o.jpg
193o.png,1,0,2,216,376,2000,1344,2024,1436,376,23,1344,1807,images/archive-original/1270-1279/193o.jpg
194o.png,1,0,3,87,271,1618,929,1654,1168,271,35,929,1566,images/archive-original/1270-1279/194o.jpg
195o.png,1,0,4,208,641,1974,1308,2024,1436,641,49,1308,1815,images/archive-original/1270-1279/195o.jpg
196o.png,1,0,5,229,274,2000,1254,2024,1436,274,23,1254,1794,images/archive-original/1270-1279/196o.jpg
197o.png,1,0,2,296,229,2011,1419,2024,1436,229,12,1419,1727,images/archive-original/1270-1279/197o.jpg
198o.png,1,0,2,143,333,2287,1393,2339,1656,333,51,1393,2195,images/archive-original/1270-1279/198o.jpg
199o.png,1,0,2,355,530,1920,1300,2024,1436,530,103,1300,1668,images/archive-original/1270-1279/199o.jpg
200o.png,1,0,7,195,486,1980,1333,2024,1436,486,43,1333,1828,images/archive-original/1270-1279/200o.jpg
201o.png,1,0,1,160,86,2011,1393,2024,1436,86,12,1393,1863,images/archive-original/1270-1279/201o.jpg
202o.png,1,0,2,192,423,1925,1283,2024,1436,423,98,1283,1831,images/archive-original/1270-1279/202o.jpg
203o.png,1,0,3,314,106,2011,1403,2024,1436,106,12,1403,1709,images/archive-original/1270-1279/203o.jpg
204o.png,1,0,2,296,98,1947,1406,2024,1436,98,76,1406,1727,images/archive-original/1270-1279/204o.jpg
205o.png,1,0,10,211,763,1759,1362,2024,1436,73,211,672,1759,images/archive-original/1270-1279/205o.jpg
206o.png,1,0,4,510,162,1841,1218,2024,1436,162,182,1218,1513,images/archive-original/1270-1279/206o.jpg
207o.png,1,0,1,564,280,1758,1223,2024,1436,564,280,1758,1223,images/archive-original/1270-1279/207o.jpg
208o.png,1,0,1,298,518,1985,937,2339,1656,298,518,1985,937,images/archive-original/1280-1289 I (1280-1283)/208o.jpg
209o.png,1,0,9,389,390,2070,1187,2339,1656,389,390,2070,1187,images/archive-original/1280-1289 I (1280-1283)/209o.jpg
210o.png,1,0,5,331,213,2156,541,2339,1656,331,213,2156,541,images/archive-original/1280-1289 I (1280-1283)/210o.jpg
211o.png,1,0,3,244,369,2002,1282,2024,1436,369,21,1282,1779,images/archive-original/1280-1289 I (1280-1283)/211o.jpg
212o.png,1,0,1,185,63,2017,1403,2024,1436,63,6,1403,1838,images/archive-original/1280-1289 I (1280-1283)/212o.jpg
213o.png,1,0,1,169,76,2008,1416,2024,1436,76,15,1416,1854,images/archive-original/1280-1289 I (1280-1283)/213o.jpg
214o.png,1,0,6,382,427,1835,1349,2024,1436,427,188,1349,1641,images/archive-original/1280-1289 I (1280-1283)/214o.jpg
215o.png,1,0,1,213,44,2011,1435,2024,1436,44,12,1435,1810,images/archive-original/1280-1289 I (1280-1283)/215o.jpg
216o.png,1,0,1,181,98,2011,1412,2024,1436,98,12,1412,1842,images/archive-original/1280-1289 I (1280-1283)/216o.jpg
217o.png,1,0,1,354,38,1836,1391,2024,1436,38,187,1391,1669,images/archive-original/1280-1289 I (1280-1283)/217o.jpg
218o.png,1,0,6,181,446,1991,1338,2024,1436,446,32,1338,1842,images/archive-original/1280-1289 I (1280-1283)/218o.jpg
219o.png,1,0,1,216,398,1937,1262,2024,1436,398,86,1262,1807,images/archive-original/1280-1289 I (1280-1283)/219o.jpg
220o.png,1,0,6,495,446,1787,1361,2024,1436,446,236,1361,1528,images/archive-original/1280-1289 I (1280-1283)/220o.jpg
221o.png,1,0,2,274,100,1969,1416,2024,1436,100,54,1416,1749,images/archive-original/1280-1289 I (1280-1283)/221o.jpg
222o.png,1,0,2,498,563,1868,1411,2024,1436,563,155,1411,1525,images/archive-original/1280-1289 I (1280-1283)/222o.jpg
223o.png,1,0,8,197,134,1999,1297,2024,1436,134,24,1297,1826,images/archive-original/1280-1289 I (1280-1283)/223o.jpg
224o.png,1,0,3,415,314,1919,1365,2024,1436,314,104,1365,1608,images/archive-original/1280-1289 I (1280-1283)/224o.jpg
225o.png,1,0,1,278,96,1898,1294,2024,1436,96,125,1294,1745,images/archive-original/1280-1289 I (1280-1283)/225o.jpg
226o.png,1,0,3,407,452,1879,1150,2024,1436,452,144,1150,1616,images/archive-original/1280-1289 I (1280-1283)/226o.jpg
227o.png,1,0,3,210,147,2007,1330,2024,1436,147,16,1330,1813,images/archive-original/1280-1289 I (1280-1283)/227o.jpg
228o.png,1,0,4,220,86,2011,1406,2024,1436,86,12,1406,1803,images/archive-original/1280-1289 I (1280-1283)/228o.jpg
229o.png,1,0,7,262,464,2000,1257,2024,1436,464,23,1257,1761,images/archive-original/1280-1289 I (1280-1283)/229o.jpg
230o.png,1,0,6,309,367,1969,1226,2024,1436,367,54,1226,1714,images/archive-original/1280-1289 I (1280-1283)/230o.jpg
231o.png,1,0,3,322,166,2001,1299,2024,1436,166,22,1299,1701,images/archive-original/1280-1289 I (1280-1283)/231o.jpg
232o.png,1,0,1,194,236,2011,1310,2024,1436,236,12,1310,1829,images/archive-original/1280-1289 I (1280-1283)/232o.jpg
233o.png,1,0,1,255,149,2011,1317,2024,1436,149,12,1317,1768,images/archive-original/1280-1289 I (1280-1283)/233o.jpg
234o.png,1,0,3,232,172,2011,1396,2024,1436,172,12,1396,1791,images/archive-original/1280-1289 I (1280-1283)/234o.jpg
235o.png,1,0,3,217,252,2007,1408,2024,1436,252,16,1408,1806,images/archive-original/1280-1289 I (1280-1283)/235o.jpg
236o.png,1,0,10,550,668,1917,1284,2024,1436,668,106,1284,1473,images/archive-original/1280-1289 I (1280-1283)/236o.jpg
237o.png,1,0,1,280,216,1992,1320,2024,1436,216,31,1320,1743,images/archive-original/1280-1289 I (1280-1283)/237o.jpg
238o.png,1,0,1,261,223,2011,1317,2024,1436,223,12,1317,1762,images/archive-original/1280-1289 I (1280-1283)/238o.jpg
239o.png,1,0,1,247,201,2008,1412,2024,1436,201,15,1412,1776,images/archive-original/1280-1289 I (1280-1283)/239o.jpg
240o.png,0,0,1,242,185,2011,1412,2024,1436,185,12,1412,1781,images/archive-original/1280-1289 I (1280-1283)/240o.jpg
241o.png,1,0,1,226,299,2011,1304,2024,1436,299,12,1304,1797,images/archive-original/1280-1289 I (1280-1283)/241o.jpg
242o.png,1,0,1,322,185,1955,1288,2024,1436,185,68,1288,1701,images/archive-original/1280-1289 I (1280-1283)/242o.jpg
243o.png,1,0,7,236,303,2017,1233,2024,1436,303,6,1233,1787,images/archive-original/1280-1289 I (1280-1283)/243o.jpg
244o.png,1,0,3,276,406,1984,1394,2024,1436,406,39,1394,1747,images/archive-original/1280-1289 I (1280-1283)/244o.jpg
245o.png,1,0,1,272,63,2014,1380,2024,1436,63,9,1380,1751,images/archive-original/1280-1289 I (1280-1283)/245o.jpg
246o.png,1,0,1,148,142,1585,1167,1654,1168,142,68,1167,1505,images/archive-original/1280-1289 I (1280-1283)/246o.jpg
247o.png,1,0,9,66,88,1631,992,1654,1168,88,22,992,1587,images/archive-original/1280-1289 I (1280-1283)/247o.jpg
248o.png,1,0,3,57,91,1591,910,1654,1168,91,62,910,1596,images/archive-original/1280-1289 I (1280-1283)/248o.jpg
249o.png,1,0,2,179,376,1986,1354,2024,1436,376,37,1354,1844,images/archive-original/1280-1289 I (1280-1283)/249o.jpg
250o.png,1,0,2,726,905,2050,1130,2339,1656,726,905,2050,1130,images/archive-original/1280-1289 I (1280-1283)/250o.jpg
251o.png,1,0,1,197,161,1404,1865,1436,2024,197,161,1404,1865,images/archive-original/1280-1289 I (1280-1283)/251o.jpg
252o.png,1,0,2,128,150,2258,1445,2339,1656,128,150,2258,1445,images/archive-original/1280-1289 I (1280-1283)/252o.jpg
253o.png,1,0,1,178,70,2008,1412,2024,1436,70,15,1412,1845,images/archive-original/1280-1289 I (1280-1283)/253o.jpg
254o.png,1,0,6,390,478,1810,1319,2024,1436,478,213,1319,1633,images/archive-original/1280-1289 I (1280-1283)/254o.jpg
255o.png,1,0,7,515,195,1749,1346,2024,1436,195,274,1346,1508,images/archive-original/1280-1289 I (1280-1283)/255o.jpg
256o.png,1,0,5,181,35,2008,1377,2024,1436,35,15,1377,1842,images/archive-original/1280-1289 I (1280-1283)/256o.jpg
257o.png,1,0,1,172,124,2014,1396,2024,1436,124,9,1396,1851,images/archive-original/1280-1289 I (1280-1283)/257o.jpg
258o.png,1,0,8,223,242,2010,1247,2024,1436,242,13,1247,1800,images/archive-original/1280-1289 I (1280-1283)/258o.jpg
259o.png,1,0,7,188,676,2007,1317,2024,1436,676,16,1317,1835,images/archive-original/1280-1289 I (1280-1283)/259o.jpg
260o.png,1,0,3,226,95,2014,1403,2024,1436,95,9,1403,1797,images/archive-original/1280-1289 I (1280-1283)/260o.jpg
261o.png,1,0,4,356,141,1863,1352,2024,1436,141,160,1352,1667,images/archive-original/1280-1289 I (1280-1283)/261o.jpg
262o.png,1,0,1,290,54,1925,1435,2024,1436,54,98,1435,1733,images/archive-original/1280-1289 I (1280-1283)/262o.jpg
263o.png,1,0,1,232,89,2011,1374,2024,1436,89,12,1374,1791,images/archive-original/1280-1289 I (1280-1283)/263o.jpg
264o.png,1,0,2,241,384,2008,1353,2024,1436,384,15,1353,1782,images/archive-original/1280-1289 I (1280-1283)/264o.jpg
265o.png,1,0,1,268,89,2004,1412,2024,1436,89,19,1412,1755,images/archive-original/1280-1289 I (1280-1283)/265o.jpg
266o.png,1,0,2,172,102,1982,1310,2024,1436,102,41,1310,1851,images/archive-original/1280-1289 I (1280-1283)/266o.jpg
267o.png,1,0,9,46,324,1622,608,1654,1168,324,31,608,1607,images/archive-original/1280-1289 I (1280-1283)/267o.jpg
268o.png,1,0,2,88,288,1612,730,1654,1168,288,41,730,1565,images/archive-original/1280-1289 I (1280-1283)/268o.jpg
269o.png,1,0,7,109,482,1537,931,1654,1168,482,116,931,1544,images/archive-original/1280-1289 I (1280-1283)/269o.jpg
270o.png,1,0,5,212,83,1489,1068,1654,1168,83,164,1068,1441,images/archive-original/1280-1289 I (1280-1283)/270o.jpg
271o.png,1,0,11,52,93,1622,1145,1654,1168,93,31,1145,1601,images/archive-original/1280-1289 I (1280-1283)/271o.jpg
272o.png,1,0,5,409,134,1858,1128,2024,1436,134,165,1128,1614,images/archive-original/1280-1289 I (1280-1283)/272o.jpg
273o.png,1,0,4,343,344,1894,956,2024,1436,344,129,956,1680,images/archive-original/1280-1289 I (1280-1283)/273o.jpg
274o.png,1,0,2,390,316,1815,957,2024,1436,316,208,957,1633,images/archive-original/1280-1289 I (1280-1283)/274o.jpg
275o.png,1,0,1,410,82,1829,1435,2024,1436,82,194,1435,1613,images/archive-original/1280-1289 I (1280-1283)/275o.jpg
276o.png,0,0,1,418,98,1838,1412,2024,1436,98,185,1412,1605,images/archive-original/1280-1289 I (1280-1283)/276o.jpg
277o.png,0,0,1,405,63,1829,1416,2024,1436,63,194,1416,1618,images/archive-original/1280-1289 I (1280-1283)/277o.jpg
278o.png,1,0,2,222,112,2011,1400,2024,1436,112,12,1400,1801,images/archive-original/1280-1289 I (1280-1283)/278o.jpg
279o.png,1,0,2,603,469,1755,1366,2024,1436,469,268,1366,1420,images/archive-original/1280-1289 I (1280-1283)/279o.jpg
280o.png,1,0,4,213,216,2011,1307,2024,1436,216,12,1307,1810,images/archive-original/1280-1289 I (1280-1283)/280o.jpg
281o.png,1,0,3,539,156,1826,1285,2024,1436,156,197,1285,1484,images/archive-original/1280-1289 I (1280-1283)/281o.jpg
282o.png,1,0,1,0,363,1653,1167,1654,1168,363,0,1167,1653,images/archive-original/1280-1289 I (1280-1283)/282o.jpg
283o.png,1,0,4,670,628,1768,1294,2024,1436,628,255,1294,1353,images/archive-original/1280-1289 I (1280-1283)/283o.jpg
284o.png,1,0,5,220,402,2008,1272,2024,1436,402,15,1272,1803,images/archive-original/1280-1289 I (1280-1283)/284o.jpg
285o.png,1,0,4,280,580,1908,1274,2024,1436,580,115,1274,1743,images/archive-original/1280-1289 I (1280-1283)/285o.jpg
286o.png,1,0,1,204,114,2011,1409,2024,1436,114,12,1409,1819,images/archive-original/1280-1289 I (1280-1283)/286o.jpg
287o.png,1,0,2,239,108,1966,1328,2024,1436,108,57,1328,1784,images/archive-original/1280-1289 I (1280-1283)/287o.jpg
288o.png,1,0,3,497,523,1815,1289,2024,1436,523,208,1289,1526,images/archive-original/1280-1289 I (1280-1283)/288o.jpg
289o.png,1,0,5,497,753,1768,1341,2024,1436,753,255,1341,1526,images/archive-original/1280-1289 I (1280-1283)/289o.jpg
290o.png,1,0,4,308,121,1896,1392,2024,1436,121,127,1392,1715,images/archive-original/1280-1289 I (1280-1283)/290o.jpg
291o.png,1,0,2,198,480,1949,1364,2024,1436,480,74,1364,1825,images/archive-original/1280-1289 I (1280-1283)/291o.jpg
292o.png,1,0,1,197,67,2011,1406,2024,1436,67,12,1406,1826,images/archive-original/1280-1289 I (1280-1283)/292o.jpg
293o.png,1,0,1,210,105,2014,1406,2024,1436,105,9,1406,1813,images/archive-original/1280-1289 I (1280-1283)/293o.jpg
294o.png,1,0,3,232,67,1998,1403,2024,1436,67,25,1403,1791,images/archive-original/1280-1289 I (1280-1283)/294o.jpg
295o.png,1,0,2,188,95,2014,1390,2024,1436,95,9,1390,1835,images/archive-original/1280-1289 I (1280-1283)/295o.jpg
296o.png,1,0,1,210,38,2008,1406,2024,1436,38,15,1406,1813,images/archive-original/1280-1289 I (1280-1283)/296o.jpg
297o.png,1,0,6,232,285,1375,729,1654,1168,285,278,729,1421,images/archive-original/1280-1289 I (1280-1283)/297o.jpg
298o.png,1,0,12,47,88,1142,1627,1168,1654,47,88,1142,1627,images/archive-original/1280-1289 I (1280-1283)/298o.jpg
299o.png,1,0,2,22,102,1145,1623,1168,1654,22,102,1145,1623,images/archive-original/1280-1289 I (1280-1283)/299o.jpg
300o.png,1,0,9,254,210,1401,765,1654,1168,210,252,765,1399,images/archive-original/1280-1289 I (1280-1283)/300o.jpg
301o.png,1,0,8,68,106,1622,1036,1654,1168,106,31,1036,1585,images/archive-original/1280-1289 I (1280-1283)/301o.jpg
302o.png,1,0,5,31,106,1622,1167,1654,1168,106,31,1167,1622,images/archive-original/1280-1289 I (1280-1283)/302o.jpg
303o.png,1,0,1,129,192,1549,941,1654,1168,192,104,941,1524,images/archive-original/1280-1289 I (1280-1283)/303o.jpg
304o.png,1,0,5,232,192,1387,684,1654,1168,192,266,684,1421,images/archive-original/1280-1289 I (1280-1283)/304o.jpg
305o.png,1,0,5,234,158,1375,646,1654,1168,158,278,646,1419,images/archive-original/1280-1289 I (1280-1283)/305o.jpg
306o.png,1,0,4,184,331,1329,799,1654,1168,331,324,799,1469,images/archive-original/1280-1289 I (1280-1283)/306o.jpg
307o.png,1,0,1,116,288,1557,829,1654,1168,288,96,829,1537,images/archive-original/1280-1289 I (1280-1283)/307o.jpg
308o.png,1,0,1,163,202,1471,783,1654,1168,202,182,783,1490,images/archive-original/1280-1289 I (1280-1283)/308o.jpg
309o.png,1,0,1,59,57,1619,1156,1654,1168,57,34,1156,1594,images/archive-original/1280-1289 I (1280-1283)/309o.jpg
310o.png,1,0,3,595,242,1673,987,2024,1436,242,350,987,1428,images/archive-original/1280-1289 I (1280-1283)/310o.jpg
311o.png,1,0,2,62,67,1615,1167,1654,1168,67,38,1167,1591,images/archive-original/1280-1289 I (1280-1283)/311o.jpg
312o.png,1,0,6,283,125,1179,1855,1436,2024,283,125,1179,1855,images/archive-original/1280-1289 I (1280-1283)/312o.jpg
313o.png,1,0,1,362,527,1858,1406,2024,1436,527,165,1406,1661,images/archive-original/1280-1289 I (1280-1283)/313o.jpg
314o.png,1,0,5,213,547,1987,1329,2024,1436,547,36,1329,1810,images/archive-original/1280-1289 I (1280-1283)/314o.jpg
315o.png,1,0,1,226,114,2011,1416,2024,1436,114,12,1416,1797,images/archive-original/1280-1289 I (1280-1283)/315o.jpg
316o.png,1,0,1,550,400,1833,1387,2024,1436,400,190,1387,1473,images/archive-original/1280-1289 I (1280-1283)/316o.jpg
317o.png,1,0,2,552,95,1842,1320,2024,1436,95,181,1320,1471,images/archive-original/1280-1289 I (1280-1283)/317o.jpg
318o.png,1,0,3,339,124,1902,1402,2024,1436,124,121,1402,1684,images/archive-original/1280-1289 I (1280-1283)/318o.jpg
319o.png,1,0,4,178,207,2008,1412,2024,1436,207,15,1412,1845,images/archive-original/1280-1289 I (1280-1283)/319o.jpg
320o.png,1,0,1,226,162,2011,1412,2024,1436,162,12,1412,1797,images/archive-original/1280-1289 I (1280-1283)/320o.jpg
321o.png,1,0,1,223,118,2011,1419,2024,1436,118,12,1419,1800,images/archive-original/1280-1289 I (1280-1283)/321o.jpg
322o.png,1,0,3,220,149,2001,1291,2024,1436,149,22,1291,1803,images/archive-original/1280-1289 I (1280-1283)/322o.jpg
323o.png,1,0,3,232,73,2014,1406,2024,1436,73,9,1406,1791,images/archive-original/1280-1289 I (1280-1283)/323o.jpg
324o.png,1,0,19,58,290,1127,1623,1168,1654,58,290,1127,1623,images/archive-original/1280-1289 I (1280-1283)/324o.jpg
325o.png,1,0,4,129,36,1552,1146,1654,1168,36,101,1146,1524,images/archive-original/1280-1289 I (1280-1283)/325o.jpg
326o.png,1,0,2,14,47,1148,1620,1168,1654,14,47,1148,1620,images/archive-original/1280-1289 I (1280-1283)/326o.jpg
327o.png,1,0,5,85,70,1632,1167,1654,1168,70,21,1167,1568,images/archive-original/1280-1289 I (1280-1283)/327o.jpg
328o.png,1,0,1,89,56,1627,1167,1654,1168,56,26,1167,1564,images/archive-original/1280-1289 I (1280-1283)/328o.jpg
329o.png,1,0,4,54,142,1635,1167,1654,1168,142,18,1167,1599,images/archive-original/1280-1289 I (1280-1283)/329o.jpg
330o.png,1,0,3,96,134,1624,1167,1654,1168,134,29,1167,1557,images/archive-original/1280-1289 I (1280-1283)/330o.jpg
331o.png,1,0,2,111,205,1520,892,1654,1168,205,133,892,1542,images/archive-original/1280-1289 I (1280-1283)/331o.jpg
332o.png,1,0,1,91,110,1138,1623,1168,1654,91,110,1138,1623,images/archive-original/1280-1289 I (1280-1283)/332o.jpg
333o.png,1,0,1,73,88,1123,1171,1168,1654,73,88,1123,1171,images/archive-original/1280-1289 I (1280-1283)/333o.jpg
334o.png,1,0,3,270,424,2000,1173,2024,1436,424,23,1173,1753,images/archive-original/1280-1289 I (1280-1283)/334o.jpg
335o.png,1,0,8,477,96,1726,1213,2024,1436,96,297,1213,1546,images/archive-original/1280-1289 I (1280-1283)/335o.jpg
336o.png,1,0,1,148,242,1148,1946,1436,2024,287,77,1287,1781,images/archive-original/1280-1289 I (1280-1283)/336o.jpg
337o.png,1,0,7,55,118,1306,1882,1436,2024,55,118,1306,1882,images/archive-original/1280-1289 I (1280-1283)/337o.jpg
338o.png,1,0,5,214,543,2014,1361,2024,1436,543,9,1361,1809,images/archive-original/1280-1289 I (1280-1283)/338o.jpg
339o.png,1,0,1,67,171,1604,2306,1656,2339,67,171,1604,2306,images/archive-original/1280-1289 I (1280-1283)/339o.jpg
340o.png,0,0,1,72,31,1604,2223,1656,2339,72,31,1604,2223,images/archive-original/1280-1289 I (1280-1283)/340o.jpg
341o.png,1,0,1,213,493,2022,1066,2339,1656,493,316,1066,2125,images/archive-original/1280-1289 I (1280-1283)/341o.jpg
342o.png,1,0,4,74,395,2287,1195,2339,1656,74,395,2287,1195,images/archive-original/1280-1289 I (1280-1283)/342o.jpg
343o.png,1,0,2,277,79,1979,1208,2024,1436,79,44,1208,1746,images/archive-original/1280-1289 II (1284-85)/343o.jpg
344o.png,1,0,1,178,114,1998,1409,2024,1436,114,25,1409,1845,images/archive-original/1280-1289 II (1284-85)/344o.jpg
345o.png,1,0,1,335,242,1904,852,2339,1656,335,242,1904,852,images/archive-original/1280-1289 II (1284-85)/345o.jpg
346o.png,1,0,1,103,33,2313,1599,2339,1656,103,33,2313,1599,images/archive-original/1280-1289 II (1284-85)/346o.jpg
347o.png,0,0,3,95,161,2309,1625,2339,1656,95,161,2309,1625,images/archive-original/1280-1289 II (1284-85)/347o.jpg
348o.png,0,0,4,36,44,2224,1342,2339,1656,36,44,2224,1342,images/archive-original/1280-1289 II (1284-85)/348o.jpg
349o.png,0,0,4,209,58,2324,1250,2339,1656,209,58,2324,1250,images/archive-original/1280-1289 II (1284-85)/349o.jpg
350o.png,1,0,2,36,44,2302,1633,2339,1656,36,44,2302,1633,images/archive-original/1280-1289 II (1284-85)/350o.jpg
351o.png,1,0,1,62,58,2313,1625,2339,1656,62,58,2313,1625,images/archive-original/1280-1289 II (1284-85)/351o.jpg
352o.png,1,0,1,33,29,2287,1581,2339,1656,33,29,2287,1581,images/archive-original/1280-1289 II (1284-85)/352o.jpg
353o.png,1,0,4,40,172,2261,1644,2339,1656,40,172,2261,1644,images/archive-original/1280-1289 II (1284-85)/353o.jpg
354o.png,1,0,1,191,156,2125,1518,2339,1656,191,156,2125,1518,images/archive-original/1280-1289 II (1284-85)/354o.jpg
355o.png,1,0,1,131,133,2268,1392,2339,1656,133,70,1392,2207,images/archive-original/1280-1289 II (1284-85)/355o.jpg
356o.png,1,0,2,194,105,2004,1409,2024,1436,105,19,1409,1829,images/archive-original/1280-1289 II (1284-85)/356o.jpg
357o.png,1,0,1,185,89,1995,1416,2024,1436,89,28,1416,1838,images/archive-original/1280-1289 II (1284-85)/357o.jpg
358o.png,1,0,3,225,481,2011,1369,2024,1436,481,12,1369,1798,images/archive-original/1280-1289 II (1284-85)/358o.jpg
359o.png,1,0,1,270,74,1956,1403,2024,1436,74,67,1403,1753,images/archive-original/1280-1289 II (1284-85)/359o.jpg
360o.png,1,0,4,198,124,2011,1368,2024,1436,124,12,1368,1825,images/archive-original/1280-1289 II (1284-85)/360o.jpg
361o.png,1,0,3,449,98,1874,1400,2024,1436,98,149,1400,1574,images/archive-original/1280-1289 II (1284-85)/361o.jpg
362o.png,1,0,1,149,315,2011,1356,2024,1436,315,12,1356,1874,images/archive-original/1280-1289 II (1284-85)/362o.jpg
363o.png,1,0,2,513,465,1673,1370,2024,1436,465,350,1370,1510,images/archive-original/1280-1289 II (1284-85)/363o.jpg
364o.png,1,0,4,146,67,2011,1416,2024,1436,67,12,1416,1877,images/archive-original/1280-1289 II (1284-85)/364o.jpg
365o.png,1,0,2,488,86,1838,1409,2024,1436,86,185,1409,1535,images/archive-original/1280-1289 II (1284-85)/365o.jpg
366o.png,1,0,2,178,67,2008,1416,2024,1436,67,15,1416,1845,images/archive-original/1280-1289 II (1284-85)/366o.jpg
367o.png,1,0,1,226,57,1992,1416,2024,1436,57,31,1416,1797,images/archive-original/1280-1289 II (1284-85)/367o.jpg
368o.png,1,0,1,229,67,2011,1406,2024,1436,67,12,1406,1794,images/archive-original/1280-1289 II (1284-85)/368o.jpg
369o.png,1,0,5,209,628,1996,1320,2024,1436,628,27,1320,1814,images/archive-original/1280-1289 II (1284-85)/369o.jpg
370o.png,1,0,4,239,257,2008,1301,2024,1436,257,15,1301,1784,images/archive-original/1280-1289 II (1284-85)/370o.jpg
371o.png,1,0,1,277,248,1931,1406,2024,1436,248,92,1406,1746,images/archive-original/1280-1289 II (1284-85)/371o.jpg
372o.png,1,0,2,564,335,1698,1342,2024,1436,335,325,1342,1459,images/archive-original/1280-1289 II (1284-85)/372o.jpg
373o.png,1,0,1,261,226,2008,1317,2024,1436,226,15,1317,1762,images/archive-original/1280-1289 II (1284-85)/373o.jpg
374o.png,1,0,4,374,180,1796,1243,2024,1436,180,227,1243,1649,images/archive-original/1280-1289 II (1284-85)/374o.jpg
375o.png,1,0,1,204,216,1982,1409,2024,1436,216,41,1409,1819,images/archive-original/1280-1289 II (1284-85)/375o.jpg
376o.png,1,0,1,328,232,1835,1406,2024,1436,232,188,1406,1695,images/archive-original/1280-1289 II (1284-85)/376o.jpg
377o.png,1,0,3,315,319,1998,1275,2024,1436,319,25,1275,1708,images/archive-original/1280-1289 II (1284-85)/377o.jpg
378o.png,1,0,3,447,296,1650,1346,2024,1436,296,373,1346,1576,images/archive-original/1280-1289 II (1284-85)/378o.jpg
379o.png,1,0,2,271,213,1972,1419,2024,1436,213,51,1419,1752,images/archive-original/1280-1289 II (1284-85)/379o.jpg
380o.png,1,0,2,213,201,2011,1412,2024,1436,201,12,1412,1810,images/archive-original/1280-1289 II (1284-85)/380o.jpg
381o.png,1,0,2,238,304,1880,841,2024,1436,304,143,841,1785,images/archive-original/1280-1289 II (1284-85)/381o.jpg
382o.png,1,0,3,264,105,2008,1297,2024,1436,105,15,1297,1759,images/archive-original/1280-1289 II (1284-85)/382o.jpg
383o.png,1,0,3,204,111,2008,1380,2024,1436,111,15,1380,1819,images/archive-original/1280-1289 II (1284-85)/383o.jpg
384o.png,1,0,9,251,77,957,1620,1168,1654,251,77,957,1620,images/archive-original/1280-1289 II (1284-85)/384o.jpg
385o.png,1,0,3,84,132,1619,1159,1654,1168,132,34,1159,1569,images/archive-original/1280-1289 II (1284-85)/385o.jpg
386o.png,1,0,5,115,49,1616,1167,1654,1168,49,37,1167,1538,images/archive-original/1280-1289 II (1284-85)/386o.jpg
387o.png,1,0,1,236,67,2008,1393,2024,1436,67,15,1393,1787,images/archive-original/1280-1289 II (1284-85)/387o.jpg
388o.png,1,0,6,294,590,1854,1209,2339,1656,294,590,1854,1209,images/archive-original/1280-1289 II (1284-85)/388o.jpg
389o.png,1,0,4,150,128,2291,1471,2339,1656,128,47,1471,2188,images/archive-original/1280-1289 II (1284-85)/389o.jpg
390o.png,1,0,2,104,81,2316,1555,2339,1656,81,22,1555,2234,images/archive-original/1280-1289 II (1284-85)/390o.jpg
391o.png,1,0,4,29,139,2202,1529,2339,1656,139,136,1529,2309,images/archive-original/1280-1289 II (1284-85)/391o.jpg
392o.png,1,0,2,88,106,2324,1566,2339,1656,106,14,1566,2250,images/archive-original/1280-1289 II (1284-85)/392o.jpg
393o.png,1,0,3,29,195,2320,1493,2339,1656,195,18,1493,2309,images/archive-original/1280-1289 II (1284-85)/393o.jpg
394o.png,1,0,3,29,209,2217,1522,2339,1656,209,121,1522,2309,images/archive-original/1280-1289 II (1284-85)/394o.jpg
395o.png,1,0,4,217,513,2011,1347,2024,1436,513,12,1347,1806,images/archive-original/1280-1289 II (1284-85)/395o.jpg
396o.png,1,0,1,181,459,2007,1376,2024,1436,459,16,1376,1842,images/archive-original/1280-1289 II (1284-85)/396o.jpg
397o.png,1,0,2,319,136,2011,1412,2024,1436,136,12,1412,1704,images/archive-original/1280-1289 II (1284-85)/397o.jpg
398o.png,1,0,7,325,63,1861,1384,2024,1436,63,162,1384,1698,images/archive-original/1280-1289 II (1284-85)/398o.jpg
399o.png,1,0,5,529,325,1833,1329,2024,1436,325,190,1329,1494,images/archive-original/1280-1289 II (1284-85)/399o.jpg
400o.png,1,0,2,252,25,2001,1400,2024,1436,25,22,1400,1771,images/archive-original/1280-1289 II (1284-85)/400o.jpg
401o.png,1,0,2,204,121,1877,1250,2024,1436,121,146,1250,1819,images/archive-original/1280-1289 II (1284-85)/401o.jpg
402o.png,1,0,2,277,108,1905,1412,2024,1436,108,118,1412,1746,images/archive-original/1280-1289 II (1284-85)/402o.jpg
403o.png,1,0,3,185,612,2011,1358,2024,1436,612,12,1358,1838,images/archive-original/1280-1289 II (1284-85)/403o.jpg
404o.png,1,0,1,450,727,1845,1363,2024,1436,727,178,1363,1573,images/archive-original/1280-1289 II (1284-85)/404o.jpg
405o.png,1,0,1,325,92,1864,1435,2024,1436,92,159,1435,1698,images/archive-original/1280-1289 II (1284-85)/405o.jpg
406o.png,1,0,1,197,130,1988,1364,2024,1436,130,35,1364,1826,images/archive-original/1280-1289 II (1284-85)/406o.jpg
407o.png,1,0,3,279,287,1934,1282,2024,1436,287,89,1282,1744,images/archive-original/1280-1289 II (1284-85)/407o.jpg
408o.png,1,0,1,362,652,1850,1358,2024,1436,652,173,1358,1661,images/archive-original/1280-1289 II (1284-85)/408o.jpg
409o.png,1,0,1,229,76,2014,1392,2024,1436,76,9,1392,1794,images/archive-original/1280-1289 II (1284-85)/409o.jpg
410o.png,1,0,7,232,322,2000,1333,2024,1436,322,23,1333,1791,images/archive-original/1280-1289 II (1284-85)/410o.jpg
411o.png,1,0,3,440,223,1864,1291,2024,1436,223,159,1291,1583,images/archive-original/1280-1289 II (1284-85)/411o.jpg
412o.png,1,0,6,213,485,2005,1275,2024,1436,485,18,1275,1810,images/archive-original/1280-1289 II (1284-85)/412o.jpg
413o.png,1,0,2,266,553,1957,1251,2024,1436,553,66,1251,1757,images/archive-original/1280-1289 II (1284-85)/413o.jpg
414o.png,1,0,1,197,41,2011,1412,2024,1436,41,12,1412,1826,images/archive-original/1280-1289 II (1284-85)/414o.jpg
415o.png,1,0,5,176,91,2000,1288,2024,1436,91,23,1288,1847,images/archive-original/1280-1289 II (1284-85)/415o.jpg
416o.png,1,0,2,211,112,2008,1416,2024,1436,112,15,1416,1812,images/archive-original/1280-1289 II (1284-85)/416o.jpg
417o.png,1,0,1,181,287,2004,1387,2024,1436,287,19,1387,1842,images/archive-original/1280-1289 II (1284-85)/417o.jpg
418o.png,1,0,3,241,99,2011,1406,2024,1436,99,12,1406,1782,images/archive-original/1280-1289 II (1284-85)/418o.jpg
419o.png,1,0,1,191,89,2011,1409,2024,1436,89,12,1409,1832,images/archive-original/1280-1289 II (1284-85)/419o.jpg
420o.png,1,0,3,347,609,1861,1333,2024,1436,609,162,1333,1676,images/archive-original/1280-1289 II (1284-85)/420o.jpg
421o.png,1,0,5,206,136,2006,1340,2024,1436,136,17,1340,1817,images/archive-original/1280-1289 II (1284-85)/421o.jpg
422o.png,1,0,1,250,342,2004,1367,2024,1436,342,19,1367,1773,images/archive-original/1280-1289 II (1284-85)/422o.jpg
423o.png,1,0,1,201,68,2008,1369,2024,1436,68,15,1369,1822,images/archive-original/1280-1289 II (1284-85)/423o.jpg
424o.png,1,0,4,295,471,1928,1245,2024,1436,471,95,1245,1728,images/archive-original/1280-1289 II (1284-85)/424o.jpg
425o.png,1,0,4,401,580,1882,1345,2024,1436,580,141,1345,1622,images/archive-original/1280-1289 II (1284-85)/425o.jpg
426o.png,1,0,2,348,328,1877,1352,2024,1436,328,146,1352,1675,images/archive-original/1280-1289 II (1284-85)/426o.jpg
427o.png,1,0,1,335,92,1867,1403,2024,1436,92,156,1403,1688,images/archive-original/1280-1289 II (1284-85)/427o.jpg
428o.png,1,0,5,310,606,1941,1343,2024,1436,606,82,1343,1713,images/archive-original/1280-1289 II (1284-85)/428o.jpg
429o.png,1,0,7,383,229,1778,1252,2024,1436,229,245,1252,1640,images/archive-original/1280-1289 II (1284-85)/429o.jpg
430o.png,1,0,2,258,245,1963,1419,2024,1436,245,60,1419,1765,images/archive-original/1280-1289 II (1284-85)/430o.jpg
431o.png,1,0,7,252,315,2011,1419,2024,1436,315,12,1419,1771,images/archive-original/1280-1289 II (1284-85)/431o.jpg
432o.png,1,0,9,245,306,2010,1219,2024,1436,306,13,1219,1778,images/archive-original/1280-1289 II (1284-85)/432o.jpg
433o.png,1,0,5,300,389,2011,1342,2024,1436,389,12,1342,1723,images/archive-original/1280-1289 II (1284-85)/433o.jpg
434o.png,1,0,3,281,321,2014,1339,2024,1436,321,9,1339,1742,images/archive-original/1280-1289 II (1284-85)/434o.jpg
435o.png,1,0,6,226,255,2014,1412,2024,1436,255,9,1412,1797,images/archive-original/1280-1289 II (1284-85)/435o.jpg
436o.png,1,0,1,229,459,2003,1245,2024,1436,459,20,1245,1794,images/archive-original/1280-1289 II (1284-85)/436o.jpg
437o.png,1,0,6,252,197,2013,1213,2024,1436,197,10,1213,1771,images/archive-original/1280-1289 II (1284-85)/437o.jpg
438o.png,1,0,1,175,101,1398,1140,1654,1168,175,101,1398,1140,images/archive-original/1280-1289 II (1284-85)/438o.jpg
439o.png,1,0,3,242,392,2008,1409,2024,1436,392,15,1409,1781,images/archive-original/1280-1289 III (1286-89)/439o.jpg
440o.png,1,0,3,360,743,1734,1379,2024,1436,743,289,1379,1663,images/archive-original/1280-1289 III (1286-89)/440o.jpg
441o.png,1,0,4,184,882,1984,1348,2024,1436,882,39,1348,1839,images/archive-original/1280-1289 III (1286-89)/441o.jpg
442o.png,1,0,3,266,284,1905,1412,2024,1436,284,118,1412,1757,images/archive-original/1280-1289 III (1286-89)/442o.jpg
443o.png,1,0,1,172,25,2011,1409,2024,1436,25,12,1409,1851,images/archive-original/1280-1289 III (1286-89)/443o.jpg
444o.png,1,0,3,183,169,2008,1323,2024,1436,169,15,1323,1840,images/archive-original/1280-1289 III (1286-89)/444o.jpg
445o.png,1,0,3,587,421,1772,1067,2024,1436,421,251,1067,1436,images/archive-original/1280-1289 III (1286-89)/445o.jpg
446o.png,1,0,2,276,432,1893,1409,2024,1436,432,130,1409,1747,images/archive-original/1280-1289 III (1286-89)/446o.jpg
447o.png,1,0,4,179,216,1973,1275,2024,1436,216,50,1275,1844,images/archive-original/1280-1289 III (1286-89)/447o.jpg
448o.png,1,0,2,245,185,1931,1245,2024,1436,185,92,1245,1778,images/archive-original/1280-1289 III (1286-89)/448o.jpg
449o.png,1,0,7,175,386,2014,1248,2024,1436,386,9,1248,1848,images/archive-original/1280-1289 III (1286-89)/449o.jpg
450o.png,1,0,3,414,213,1845,1253,2024,1436,213,178,1253,1609,images/archive-original/1280-1289 III (1286-89)/450o.jpg
451o.png,1,0,1,232,60,2004,1412,2024,1436,60,19,1412,1791,images/archive-original/1280-1289 III (1286-89)/451o.jpg
452o.png,1,0,1,175,79,2004,1406,2024,1436,79,19,1406,1848,images/archive-original/1280-1289 III (1286-89)/452o.jpg
453o.png,1,0,1,370,82,1826,1406,2024,1436,82,197,1406,1653,images/archive-original/1280-1289 III (1286-89)/453o.jpg
454o.png,1,0,1,162,258,2011,1310,2024,1436,258,12,1310,1861,images/archive-original/1280-1289 III (1286-89)/454o.jpg
455o.png,1,0,6,213,130,2004,1393,2024,1436,130,19,1393,1810,images/archive-original/1280-1289 III (1286-89)/455o.jpg
456o.png,1,0,8,357,312,1880,1288,2024,1436,312,143,1288,1666,images/archive-original/1280-1289 III (1286-89)/456o.jpg
457o.png,1,0,3,392,38,1896,1409,2024,1436,38,127,1409,1631,images/archive-original/1280-1289 III (1286-89)/457o.jpg
458o.png,1,0,2,271,95,1880,1435,2024,1436,95,143,1435,1752,images/archive-original/1280-1289 III (1286-89)/458o.jpg
459o.png,1,0,4,244,390,2011,1217,2024,1436,390,12,1217,1779,images/archive-original/1280-1289 III (1286-89)/459o.jpg
460o.png,1,0,4,255,164,1960,1250,2024,1436,164,63,1250,1768,images/archive-original/1280-1289 III (1286-89)/460o.jpg
461o.png,1,0,5,205,395,2014,1364,2024,1436,395,9,1364,1818,images/archive-original/1280-1289 III (1286-89)/461o.jpg
462o.png,1,0,10,313,524,1898,1213,2024,1436,524,125,1213,1710,images/archive-original/1280-1289 III (1286-89)/462o.jpg
463o.png,1,0,2,194,51,2014,1403,2024,1436,51,9,1403,1829,images/archive-original/1280-1289 III (1286-89)/463o.jpg
464o.png,1,0,4,395,28,1749,1409,2024,1436,28,274,1409,1628,images/archive-original/1280-1289 III (1286-89)/464o.jpg
465o.png,1,0,11,196,418,2014,1329,2024,1436,418,9,1329,1827,images/archive-original/1280-1289 III (1286-89)/465o.jpg
466o.png,1,0,2,236,105,2011,1409,2024,1436,105,12,1409,1787,images/archive-original/1280-1289 III (1286-89)/466o.jpg
467o.png,1,0,1,290,236,1966,1374,2024,1436,236,57,1374,1733,images/archive-original/1280-1289 III (1286-89)/467o.jpg
468o.png,1,0,1,161,513,2008,1376,2024,1436,513,15,1376,1862,images/archive-original/1280-1289 III (1286-89)/468o.jpg
469o.png,1,0,4,40,161,1616,529,1654,1168,161,37,529,1613,images/archive-original/1280-1289 III (1286-89)/469o.jpg
470o.png,1,0,3,64,72,1619,1156,1654,1168,72,34,1156,1589,images/archive-original/1280-1289 III (1286-89)/470o.jpg
471o.png,1,0,4,41,90,1614,1156,1654,1168,90,39,1156,1612,images/archive-original/1280-1289 III (1286-89)/471o.jpg
472o.png,1,0,5,46,38,1622,1156,1654,1168,38,31,1156,1607,images/archive-original/1280-1289 III (1286-89)/472o.jpg
473o.png,1,0,2,527,94,1774,1396,2024,1436,94,249,1396,1496,images/archive-original/1280-1289 III (1286-89)/473o.jpg
474o.png,1,0,9,207,236,2011,1416,2024,1436,236,12,1416,1816,images/archive-original/1280-1289 III (1286-89)/474o.jpg
475o.png,1,0,40,393,467,2092,977,2339,1656,393,467,2092,977,images/archive-original/1280-1289 III (1286-89)/475o.jpg
476o.png,1,0,85,292,399,2005,940,2339,1656,292,399,2005,940,images/archive-original/1280-1289 III (1286-89)/476o.jpg
477o.png,1,0,1,323,206,1945,1435,2339,1656,323,206,1945,1435,images/archive-original/1280-1289 III (1286-89)/477o.jpg
478o.png,1,0,4,206,239,2182,1304,2339,1656,239,156,1304,2132,images/archive-original/1280-1289 III (1286-89)/478o.jpg
479o.png,1,0,4,379,209,2085,963,2339,1656,209,253,963,1959,images/archive-original/1280-1289 III (1286-89)/479o.jpg
480o.png,1,0,8,136,647,2192,1384,2339,1656,647,146,1384,2202,images/archive-original/1280-1289 III (1286-89)/480o.jpg
481o.png,1,0,1,236,86,2008,1406,2024,1436,86,15,1406,1787,images/archive-original/1280-1289 III (1286-89)/481o.jpg
482o.png,1,0,3,175,253,2008,1393,2024,1436,253,15,1393,1848,images/archive-original/1280-1289 III (1286-89)/482o.jpg
483o.png,1,0,4,199,412,1994,1412,2024,1436,412,29,1412,1824,images/archive-original/1280-1289 III (1286-89)/483o.jpg
484o.png,1,0,6,255,325,2004,1422,2024,1436,325,19,1422,1768,images/archive-original/1280-1289 III (1286-89)/484o.jpg
485o.png,1,0,4,169,740,2004,1304,2024,1436,740,19,1304,1854,images/archive-original/1280-1289 III (1286-89)/485o.jpg
486o.png,1,0,7,624,927,1680,1377,2024,1436,927,343,1377,1399,images/archive-original/1280-1289 III (1286-89)/486o.jpg
487o.png,1,0,3,172,392,1994,1363,2024,1436,392,29,1363,1851,images/archive-original/1280-1289 III (1286-89)/487o.jpg
488o.png,1,0,5,180,212,2016,1260,2024,1436,212,7,1260,1843,images/archive-original/1280-1289 III (1286-89)/488o.jpg
489o.png,1,0,6,271,277,2017,1406,2024,1436,277,6,1406,1752,images/archive-original/1280-1289 III (1286-89)/489o.jpg
490o.png,1,0,1,245,268,1950,1291,2024,1436,268,73,1291,1778,images/archive-original/1280-1289 III (1286-89)/490o.jpg
491o.png,1,0,4,237,303,2009,1326,2024,1436,303,14,1326,1786,images/archive-original/1280-1289 III (1286-89)/491o.jpg
492o.png,1,0,3,192,197,2011,1312,2024,1436,197,12,1312,1831,images/archive-original/1280-1289 III (1286-89)/492o.jpg
493o.png,1,0,2,219,112,1966,1416,2024,1436,112,57,1416,1804,images/archive-original/1280-1289 III (1286-89)/493o.jpg
494o.png,1,0,2,213,127,2011,1403,2024,1436,127,12,1403,1810,images/archive-original/1280-1289 III (1286-89)/494o.jpg
495o.png,1,0,1,207,376,2014,1310,2024,1436,376,9,1310,1816,images/archive-original/1280-1289 III (1286-89)/495o.jpg
496o.png,1,0,5,284,183,1950,1339,2024,1436,183,73,1339,1739,images/archive-original/1280-1289 III (1286-89)/496o.jpg
497o.png,1,0,3,331,551,1918,1353,2024,1436,551,105,1353,1692,images/archive-original/1280-1289 III (1286-89)/497o.jpg
498o.png,1,0,1,220,89,2011,1416,2024,1436,89,12,1416,1803,images/archive-original/1280-1289 III (1286-89)/498o.jpg
499o.png,1,0,4,335,740,1944,1406,2024,1436,740,79,1406,1688,images/archive-original/1280-1289 III (1286-89)/499o.jpg
500o.png,1,0,4,194,331,1986,902,2024,1436,331,37,902,1829,images/archive-original/1280-1289 III (1286-89)/500o.jpg
501o.png,1,0,7,392,438,1846,1174,2024,1436,438,177,1174,1631,images/archive-original/1280-1289 III (1286-89)/501o.jpg
502o.png,1,0,12,338,434,1847,1297,2024,1436,434,176,1297,1685,images/archive-original/1280-1289 III (1286-89)/502o.jpg
503o.png,1,0,5,226,287,2011,1323,2024,1436,287,12,1323,1797,images/archive-original/1280-1289 III (1286-89)/503o.jpg
504o.png,1,0,1,213,86,1972,1406,2024,1436,86,51,1406,1810,images/archive-original/1280-1289 III (1286-89)/504o.jpg
505o.png,1,0,2,360,166,1958,1300,2024,1436,166,65,1300,1663,images/archive-original/1280-1289 III (1286-89)/505o.jpg
506o.png,1,0,2,524,79,1860,1389,2024,1436,79,163,1389,1499,images/archive-original/1280-1289 III (1286-89)/506o.jpg
507o.png,1,0,1,207,366,2008,1319,2024,1436,366,15,1319,1816,images/archive-original/1280-1289 III (1286-89)/507o.jpg
508o.png,1,0,5,77,67,1635,1167,1654,1168,67,18,1167,1576,images/archive-original/1280-1289 III (1286-89)/508o.jpg
509o.png,1,0,4,208,259,1439,908,1654,1168,208,259,1439,908,images/archive-original/1280-1289 III (1286-89)/509o.jpg
510o.png,1,0,4,58,268,1625,816,1654,1168,268,28,816,1595,images/archive-original/1280-1289 III (1286-89)/510o.jpg
511o.png,1,0,5,105,109,1629,1167,1654,1168,109,24,1167,1548,images/archive-original/1280-1289 III (1286-89)/511o.jpg
512o.png,1,0,1,318,259,1401,872,1654,1168,259,252,872,1335,images/archive-original/1280-1289 III (1286-89)/512o.jpg
513o.png,1,0,3,197,192,1471,812,1654,1168,192,182,812,1456,images/archive-original/1280-1289 III (1286-89)/513o.jpg
514o.png,1,0,4,23,59,1616,1167,1654,1168,59,37,1167,1630,images/archive-original/1280-1289 III (1286-89)/514o.jpg
515o.png,1,0,1,218,635,1991,1171,2024,1436,635,32,1171,1805,images/archive-original/1280-1289 III (1286-89)/515o.jpg
516o.png,1,0,9,616,229,1777,737,2339,1656,616,229,1777,737,images/archive-original/1280-1289 III (1286-89)/516o.jpg
517o.png,1,0,226,269,137,2112,599,2339,1656,269,137,2112,599,images/archive-original/1280-1289 III (1286-89)/517o.jpg
518o.png,1,0,1,277,169,2108,1342,2339,1656,169,230,1342,2061,images/archive-original/1280-1289 III (1286-89)/518o.jpg
519o.png,1,0,10,73,621,2211,1105,2339,1656,621,127,1105,2265,images/archive-original/1280-1289 III (1286-89)/519o.jpg
520o.png,1,0,12,62,382,2240,925,2339,1656,382,98,925,2276,images/archive-original/1280-1289 III (1286-89)/520o.jpg
521o.png,1,0,1,178,19,2011,1400,2024,1436,19,12,1400,1845,images/archive-original/1280-1289 III (1286-89)/521o.jpg
522o.png,1,0,5,280,583,1934,1403,2024,1436,583,89,1403,1743,images/archive-original/1280-1289 III (1286-89)/522o.jpg
523o.png,1,0,4,131,1081,1227,1609,1436,2024,131,1081,1227,1609,images/archive-original/1280-1289 III (1286-89)/523o.jpg
524o.png,1,0,9,189,147,2017,1409,2024,1436,147,6,1409,1834,images/archive-original/1280-1289 III (1286-89)/524o.jpg
525o.png,1,0,1,188,70,1941,1412,2024,1436,70,82,1412,1835,images/archive-original/1280-1289 III (1286-89)/525o.jpg
526o.png,1,0,2,204,178,2008,1253,2024,1436,178,15,1253,1819,images/archive-original/1280-1289 III (1286-89)/526o.jpg
527o.png,1,0,1,226,347,2011,1288,2024,1436,347,12,1288,1797,images/archive-original/1280-1289 III (1286-89)/527o.jpg
528o.png,1,0,2,408,86,1838,1412,2024,1436,86,185,1412,1615,images/archive-original/1280-1289 III (1286-89)/528o.jpg
529o.png,1,0,1,162,749,2011,1326,2024,1436,749,12,1326,1861,images/archive-original/1280-1289 III (1286-89)/529o.jpg
530o.png,1,0,7,247,336,1960,1323,2024,1436,336,63,1323,1776,images/archive-original/1280-1289 III (1286-89)/530o.jpg
531o.png,1,0,12,208,556,2011,1246,2024,1436,556,12,1246,1815,images/archive-original/1280-1289 III (1286-89)/531o.jpg
532o.png,1,0,2,164,382,2000,1336,2024,1436,382,23,1336,1859,images/archive-original/1280-1289 III (1286-89)/532o.jpg
533o.png,1,0,1,264,63,1880,1409,2024,1436,63,143,1409,1759,images/archive-original/1280-1289 III (1286-89)/533o.jpg
534o.png,1,0,1,180,278,2014,1320,2024,1436,278,9,1320,1843,images/archive-original/1280-1289 III (1286-89)/534o.jpg
535o.png,1,0,4,451,271,1876,1313,2024,1436,271,147,1313,1572,images/archive-original/1280-1289 III (1286-89)/535o.jpg
536o.png,1,0,1,201,127,2008,1435,2024,1436,127,15,1435,1822,images/archive-original/1280-1289 III (1286-89)/536o.jpg
537o.png,1,0,5,194,360,2004,1244,2024,1436,360,19,1244,1829,images/archive-original/1280-1289 III (1286-89)/537o.jpg
538o.png,1,0,2,255,51,2011,1412,2024,1436,51,12,1412,1768,images/archive-original/1280-1289 III (1286-89)/538o.jpg
539o.png,1,0,1,188,73,2011,1400,2024,1436,73,12,1400,1835,images/archive-original/1280-1289 III (1286-89)/539o.jpg
540o.png,1,0,4,322,268,1978,1263,2024,1436,268,45,1263,1701,images/archive-original/1280-1289 III (1286-89)/540o.jpg
541o.png,1,0,1,271,95,2008,1412,2024,1436,95,15,1412,1752,images/archive-original/1280-1289 III (1286-89)/541o.jpg
542o.png,1,0,1,221,79,2011,1412,2024,1436,79,12,1412,1802,images/archive-original/1280-1289 III (1286-89)/542o.jpg
543o.png,1,0,4,245,265,1944,1300,2024,1436,265,79,1300,1778,images/archive-original/1280-1289 III (1286-89)/543o.jpg
544o.png,1,0,4,374,302,1867,653,2024,1436,302,156,653,1649,images/archive-original/1280-1289 III (1286-89)/544o.jpg
545o.png,1,0,6,370,107,1883,1435,2024,1436,107,140,1435,1653,images/archive-original/1280-1289 III (1286-89)/545o.jpg
546o.png,1,0,4,357,130,1863,1352,2024,1436,130,160,1352,1666,images/archive-original/1280-1289 III (1286-89)/546o.jpg
547o.png,1,0,3,280,494,1921,1409,2024,1436,494,102,1409,1743,images/archive-original/1280-1289 III (1286-89)/547o.jpg
548o.png,1,0,2,355,463,1810,1396,2024,1436,463,213,1396,1668,images/archive-original/1280-1289 III (1286-89)/548o.jpg
549o.png,1,0,5,168,176,1509,942,1654,1168,176,144,942,1485,images/archive-original/1280-1289 III (1286-89)/549o.jpg
550o.png,1,0,1,82,62,1622,1167,1654,1168,62,31,1167,1571,images/archive-original/1280-1289 III (1286-89)/550o.jpg
551o.png,1,0,6,83,62,1614,1113,1654,1168,62,39,1113,1570,images/archive-original/1280-1289 III (1286-89)/551o.jpg
552o.png,1,0,2,118,232,1570,788,1654,1168,232,83,788,1535,images/archive-original/1280-1289 III (1286-89)/552o.jpg
553o.png,1,0,5,238,267,1484,909,1654,1168,267,169,909,1415,images/archive-original/1280-1289 III (1286-89)/553o.jpg
554o.png,0,0,1,76,67,1622,1129,1654,1168,67,31,1129,1577,images/archive-original/1280-1289 III (1286-89)/554o.jpg
555o.png,0,0,1,36,54,1624,1138,1654,1168,54,29,1138,1617,images/archive-original/1280-1289 III (1286-89)/555o.jpg
556o.png,1,0,4,18,62,1614,1151,1654,1168,62,39,1151,1635,images/archive-original/1280-1289 III (1286-89)/556o.jpg
557o.png,1,0,10,95,92,1614,1167,1654,1168,92,39,1167,1558,images/archive-original/1280-1289 III (1286-89)/557o.jpg
558o.png,1,0,6,239,612,1967,1297,2024,1436,612,56,1297,1784,images/archive-original/1280-1289 III (1286-89)/558o.jpg
559o.png,1,0,3,274,204,2014,1272,2024,1436,204,9,1272,1749,images/archive-original/1280-1289 III (1286-89)/559o.jpg
560o.png,1,0,6,272,455,2177,933,2339,1656,272,455,2177,933,images/archive-original/1280-1289 III (1286-89)/560o.jpg
561o.png,1,0,5,419,228,2036,622,2339,1656,419,228,2036,622,images/archive-original/1280-1289 III (1286-89)/561o.jpg
562o.png,1,0,1,158,596,2180,1058,2339,1656,158,596,2180,1058,images/archive-original/1280-1289 III (1286-89)/562o.jpg
563o.png,1,0,1,98,41,1619,2186,1656,2339,98,41,1619,2186,images/archive-original/1280-1289 III (1286-89)/563o.jpg
564o.png,1,0,1,103,57,1609,2244,1656,2339,103,57,1609,2244,images/archive-original/1280-1289 III (1286-89)/564o.jpg
565o.png,0,0,5,83,259,1579,2249,1656,2339,83,259,1579,2249,images/archive-original/1280-1289 III (1286-89)/565o.jpg
566o.png,0,0,6,93,88,1581,2243,1656,2339,93,88,1581,2243,images/archive-original/1280-1289 III (1286-89)/566o.jpg
567o.png,0,0,2,77,31,1609,2077,1656,2339,77,31,1609,2077,images/archive-original/1280-1289 III (1286-89)/567o.jpg
568o.png,0,0,1,62,135,1630,2254,1656,2339,62,135,1630,2254,images/archive-original/1280-1289 III (1286-89)/568o.jpg
569o.png,0,0,11,349,117,2070,627,2339,1656,349,117,2070,627,images/archive-original/1280-1289 III (1286-89)/569o.jpg
570o.png,1,0,2,506,442,2118,1413,2339,1656,442,220,1413,1832,images/archive-original/1280-1289 III (1286-89)/570o.jpg
571o.png,1,0,13,206,270,2120,1205,2339,1656,270,218,1205,2132,images/archive-original/1280-1289 III (1286-89)/571o.jpg
572o.png,1,0,4,122,487,2152,1252,2339,1656,487,186,1252,2216,images/archive-original/1280-1289 III (1286-89)/572o.jpg
573o.png,1,0,1,51,47,2250,1548,2339,1656,47,88,1548,2287,images/archive-original/1280-1289 III (1286-89)/573o.jpg
574o.png,1,0,4,266,36,2305,1393,2339,1656,36,33,1393,2072,images/archive-original/1280-1289 III (1286-89)/574o.jpg
575o.png,1,0,1,47,36,2272,1603,2339,1656,36,66,1603,2291,images/archive-original/1280-1289 III (1286-89)/575o.jpg
576o.png,1,0,4,231,33,2294,1607,2339,1656,33,44,1607,2107,images/archive-original/1280-1289 III (1286-89)/576o.jpg
577o.png,1,0,1,47,44,2276,1621,2339,1656,44,62,1621,2291,images/archive-original/1280-1289 III (1286-89)/577o.jpg
578o.png,1,0,4,165,36,2294,1607,2339,1656,36,44,1607,2173,images/archive-original/1280-1289 III (1286-89)/578o.jpg
579o.png,1,0,1,51,250,2269,1618,2339,1656,250,69,1618,2287,images/archive-original/1280-1289 III (1286-89)/579o.jpg
580o.png,1,0,17,236,170,2294,1618,2339,1656,170,44,1618,2102,images/archive-original/1280-1289 III (1286-89)/580o.jpg
581o.png,1,0,1,245,167,2014,1342,2024,1436,167,9,1342,1778,images/archive-original/1280-1289 III (1286-89)/581o.jpg
582o.png,1,0,4,338,697,1813,1368,2024,1436,697,210,1368,1685,images/archive-original/1280-1289 III (1286-89)/582o.jpg
583o.png,1,0,2,273,338,1845,1355,2024,1436,338,178,1355,1750,images/archive-original/1280-1289 III (1286-89)/583o.jpg
584o.png,1,0,1,402,185,1896,1259,2024,1436,185,127,1259,1621,images/archive-original/1280-1289 III (1286-89)/584o.jpg
585o.png,1,0,1,159,44,2008,1409,2024,1436,44,15,1409,1864,images/archive-original/1280-1289 III (1286-89)/585o.jpg
586o.png,1,0,11,418,590,1864,1269,2024,1436,590,159,1269,1605,images/archive-original/1280-1289 III (1286-89)/586o.jpg
587o.png,1,0,5,274,57,1902,1291,2024,1436,57,121,1291,1749,images/archive-original/1280-1289 III (1286-89)/587o.jpg
588o.png,1,0,13,178,105,2014,1406,2024,1436,105,9,1406,1845,images/archive-original/1280-1289 III (1286-89)/588o.jpg
589o.png,1,0,1,146,51,2014,1412,2024,1436,51,9,1412,1877,images/archive-original/1280-1289 III (1286-89)/589o.jpg
590o.png,1,0,6,207,210,2011,1243,2024,1436,210,12,1243,1816,images/archive-original/1280-1289 III (1286-89)/590o.jpg
591o.png,1,0,4,407,347,1868,1232,2024,1436,347,155,1232,1616,images/archive-original/1280-1289 III (1286-89)/591o.jpg
592o.png,1,0,2,181,462,2002,1245,2024,1436,462,21,1245,1842,images/archive-original/1280-1289 III (1286-89)/592o.jpg
593o.png,1,0,2,188,60,2004,1360,2024,1436,60,19,1360,1835,images/archive-original/1280-1289 III (1286-89)/593o.jpg
594o.png,1,0,1,183,638,2011,1326,2024,1436,638,12,1326,1840,images/archive-original/1280-1289 III (1286-89)/594o.jpg
595o.png,1,0,3,221,57,1969,1412,2024,1436,57,54,1412,1802,images/archive-original/1280-1289 III (1286-89)/595o.jpg
596o.png,1,0,6,156,363,2001,1279,2024,1436,363,22,1279,1867,images/archive-original/1280-1289 III (1286-89)/596o.jpg
597o.png,1,0,3,291,625,1911,1330,2024,1436,625,112,1330,1732,images/archive-original/1280-1289 III (1286-89)/597o.jpg
598o.png,1,0,4,373,111,1807,1416,2024,1436,111,216,1416,1650,images/archive-original/1280-1289 III (1286-89)/598o.jpg
599o.png,1,0,1,201,226,1989,1272,2024,1436,226,34,1272,1822,images/archive-original/1280-1289 III (1286-89)/599o.jpg
600o.png,1,0,3,280,505,1864,1106,2024,1436,505,159,1106,1743,images/archive-original/1280-1289 III (1286-89)/600o.jpg
601o.png,1,0,5,210,399,1907,946,2024,1436,399,116,946,1813,images/archive-original/1280-1289 III (1286-89)/601o.jpg
602o.png,1,0,1,312,399,1867,980,2024,1436,399,156,980,1711,images/archive-original/1280-1289 III (1286-89)/602o.jpg
603o.png,1,0,3,312,227,1925,1275,2024,1436,227,98,1275,1711,images/archive-original/1280-1289 III (1286-89)/603o.jpg
604o.png,1,0,1,355,124,1861,1412,2024,1436,124,162,1412,1668,images/archive-original/1280-1289 III (1286-89)/604o.jpg
605o.png,1,0,7,398,302,1880,1400,2024,1436,302,143,1400,1625,images/archive-original/1280-1289 III (1286-89)/605o.jpg
606o.png,1,0,9,260,216,2014,1364,2024,1436,216,9,1364,1763,images/archive-original/1280-1289 III (1286-89)/606o.jpg
607o.png,1,0,1,204,67,2011,1409,2024,1436,67,12,1409,1819,images/archive-original/1280-1289 III (1286-89)/607o.jpg
608o.png,1,0,2,226,156,2008,1317,2024,1436,156,15,1317,1797,images/archive-original/1280-1289 III (1286-89)/608o.jpg
609o.png,1,0,5,268,385,1917,879,2024,1436,385,106,879,1755,images/archive-original/1280-1289 III (1286-89)/609o.jpg
610o.png,1,0,14,384,353,1804,909,2024,1436,353,219,909,1639,images/archive-original/1280-1289 III (1286-89)/610o.jpg
611o.png,1,0,4,379,395,1835,1348,2024,1436,395,188,1348,1644,images/archive-original/1280-1289 III (1286-89)/611o.jpg
612o.png,1,0,2,87,116,1634,1167,1654,1168,116,19,1167,1566,images/archive-original/1280-1289 III (1286-89)/612o.jpg
613o.png,1,0,1,103,64,1596,1151,1654,1168,64,57,1151,1550,images/archive-original/1280-1289 III (1286-89)/613o.jpg
614o.png,1,0,1,101,80,1622,1092,1654,1168,80,31,1092,1552,images/archive-original/1280-1289 III (1286-89)/614o.jpg
615o.png,1,0,1,177,108,1489,1167,1654,1168,108,164,1167,1476,images/archive-original/1280-1289 III (1286-89)/615o.jpg
616o.png,1,0,3,96,64,1624,1159,1654,1168,64,29,1159,1557,images/archive-original/1280-1289 III (1286-89)/616o.jpg
617o.png,1,0,1,15,51,1536,1989,1656,2339,15,51,1536,1989,images/archive-original/1280-1289 III (1286-89)/617o.jpg
618o.png,0,0,3,98,51,1619,2057,1656,2339,98,51,1619,2057,images/archive-original/1280-1289 III (1286-89)/618o.jpg
619o.png,0,0,1,15,176,1609,2244,1656,2339,15,176,1609,2244,images/archive-original/1280-1289 III (1286-89)/619o.jpg
620o.png,0,0,2,135,218,1630,2254,1656,2339,135,218,1630,2254,images/archive-original/1280-1289 III (1286-89)/620o.jpg
621o.png,1,0,11,323,323,2118,974,2339,1656,323,323,2118,974,images/archive-original/1280-1289 III (1286-89)/621o.jpg
622o.png,1,0,5,574,184,2029,654,2339,1656,574,184,2029,654,images/archive-original/1280-1289 III (1286-89)/622o.jpg
623o.png,1,0,1,62,312,2294,1279,2339,1656,62,312,2294,1279,images/archive-original/1280-1289 III (1286-89)/623o.jpg
624o.png,1,0,1,349,121,2004,1574,2339,1656,121,334,1574,1989,images/archive-original/1280-1289 III (1286-89)/624o.jpg
625o.png,1,0,2,549,349,1853,1518,2339,1656,349,485,1518,1789,images/archive-original/1280-1289 III (1286-89)/625o.jpg
626o.png,1,0,4,93,447,1510,1178,1656,2339,93,447,1510,1178,images/archive-original/1280-1289 III (1286-89)/626o.jpg
627o.png,1,0,5,210,447,2220,1212,2339,1656,447,118,1212,2128,images/archive-original/1280-1289 III (1286-89)/627o.jpg
628o.png,1,0,8,213,647,2081,1187,2339,1656,213,647,2081,1187,images/archive-original/1280-1289 III (1286-89)/628o.jpg
629o.png,1,0,1,159,134,2014,1406,2024,1436,134,9,1406,1864,images/archive-original/1290-1300 I/629o.jpg
630o.png,1,0,8,293,382,1889,1347,2024,1436,382,134,1347,1730,images/archive-original/1290-1300 I/630o.jpg
631o.png,1,0,1,213,111,2008,1406,2024,1436,111,15,1406,1810,images/archive-original/1290-1300 I/631o.jpg
632o.png,1,0,7,54,385,1861,1272,2024,1436,163,54,1050,1861,images/archive-original/1290-1300 I/632o.jpg
633o.png,1,0,2,191,159,2011,1301,2024,1436,159,12,1301,1832,images/archive-original/1290-1300 I/633o.jpg
634o.png,1,0,1,176,76,2011,1406,2024,1436,76,12,1406,1847,images/archive-original/1290-1300 I/634o.jpg
635o.png,1,0,1,219,316,2011,1392,2024,1436,316,12,1392,1804,images/archive-original/1290-1300 I/635o.jpg
636o.png,1,0,2,199,158,2008,1401,2024,1436,158,15,1401,1824,images/archive-original/1290-1300 I/636o.jpg
637o.png,1,0,4,395,579,1922,1217,2024,1436,579,101,1217,1628,images/archive-original/1290-1300 I/637o.jpg
638o.png,1,0,2,156,740,2006,1285,2024,1436,740,17,1285,1867,images/archive-original/1290-1300 I/638o.jpg
639o.png,1,0,5,183,814,2000,1381,2024,1436,814,23,1381,1840,images/archive-original/1290-1300 I/639o.jpg
640o.png,1,0,7,220,548,2004,1295,2024,1436,548,19,1295,1803,images/archive-original/1290-1300 I/640o.jpg
641o.png,1,0,6,477,828,1634,1308,2024,1436,828,389,1308,1546,images/archive-original/1290-1300 I/641o.jpg
642o.png,1,0,6,353,755,1869,1376,2024,1436,755,154,1376,1670,images/archive-original/1290-1300 I/642o.jpg
643o.png,1,0,2,207,122,2008,1406,2024,1436,122,15,1406,1816,images/archive-original/1290-1300 I/643o.jpg
644o.png,1,0,1,271,140,2008,1406,2024,1436,140,15,1406,1752,images/archive-original/1290-1300 I/644o.jpg
645o.png,1,0,11,385,395,1901,1302,2024,1436,395,122,1302,1638,images/archive-original/1290-1300 I/645o.jpg
646o.png,1,0,7,293,299,2014,1409,2024,1436,299,9,1409,1730,images/archive-original/1290-1300 I/646o.jpg
647o.png,1,0,1,512,764,1724,1340,2024,1436,764,299,1340,1511,images/archive-original/1290-1300 I/647o.jpg
648o.png,1,0,4,165,280,1997,985,2024,1436,280,26,985,1858,images/archive-original/1290-1300 I/648o.jpg
649o.png,1,0,5,388,338,1899,1227,2024,1436,338,124,1227,1635,images/archive-original/1290-1300 I/649o.jpg
650o.png,1,0,3,764,572,1716,1004,2024,1436,572,307,1004,1259,images/archive-original/1290-1300 I/650o.jpg
651o.png,1,0,1,213,54,2008,1419,2024,1436,54,15,1419,1810,images/archive-original/1290-1300 I/651o.jpg
652o.png,1,0,4,371,240,1822,1216,2024,1436,240,201,1216,1652,images/archive-original/1290-1300 I/652o.jpg
653o.png,1,0,1,274,114,1883,1419,2024,1436,114,140,1419,1749,images/archive-original/1290-1300 I/653o.jpg
654o.png,1,0,3,169,650,2008,1199,2024,1436,650,15,1199,1854,images/archive-original/1290-1300 I/654o.jpg
655o.png,1,0,1,230,271,2011,1317,2024,1436,271,12,1317,1793,images/archive-original/1290-1300 I/655o.jpg
656o.png,1,0,2,226,376,2011,1262,2024,1436,376,12,1262,1797,images/archive-original/1290-1300 I/656o.jpg
657o.png,1,0,3,188,181,2011,1336,2024,1436,181,12,1336,1835,images/archive-original/1290-1300 I/657o.jpg
658o.png,1,0,2,239,561,1931,1337,2024,1436,561,92,1337,1784,images/archive-original/1290-1300 I/658o.jpg
659o.png,1,0,2,439,182,1830,1408,2024,1436,182,193,1408,1584,images/archive-original/1290-1300 I/659o.jpg
660o.png,1,0,4,335,424,1914,1144,2024,1436,424,109,1144,1688,images/archive-original/1290-1300 I/660o.jpg
661o.png,1,0,6,446,523,1884,1249,2024,1436,523,139,1249,1577,images/archive-original/1290-1300 I/661o.jpg
662o.png,1,0,1,606,390,1761,1028,2024,1436,390,262,1028,1417,images/archive-original/1290-1300 I/662o.jpg
663o.png,1,0,1,554,307,1863,1306,2024,1436,307,160,1306,1469,images/archive-original/1290-1300 I/663o.jpg
664o.png,1,0,1,465,82,1874,1435,2024,1436,82,149,1435,1558,images/archive-original/1290-1300 I/664o.jpg
665o.png,1,0,1,361,51,2011,1412,2024,1436,51,12,1412,1662,images/archive-original/1290-1300 I/665o.jpg
666o.png,1,0,1,229,159,2014,1406,2024,1436,159,9,1406,1794,images/archive-original/1290-1300 I/666o.jpg
667o.png,1,0,12,309,288,1876,960,2024,1436,288,147,960,1714,images/archive-original/1290-1300 I/667o.jpg
668o.png,1,0,1,239,143,2011,1208,2024,1436,143,12,1208,1784,images/archive-original/1290-1300 I/668o.jpg
669o.png,1,0,2,252,195,1939,1286,2024,1436,195,84,1286,1771,images/archive-original/1290-1300 I/669o.jpg
670o.png,1,0,6,197,228,2008,1215,2024,1436,228,15,1215,1826,images/archive-original/1290-1300 I/670o.jpg
671o.png,1,0,8,226,142,1979,1409,2024,1436,142,44,1409,1797,images/archive-original/1290-1300 I/671o.jpg
672o.png,1,0,8,339,202,2008,1428,2024,1436,202,15,1428,1684,images/archive-original/1290-1300 I/672o.jpg
673o.png,1,0,2,183,495,2006,1355,2024,1436,495,17,1355,1840,images/archive-original/1290-1300 I/673o.jpg
674o.png,1,0,2,251,429,2004,1020,2024,1436,429,19,1020,1772,images/archive-original/1290-1300 I/674o.jpg
675o.png,1,0,2,227,403,1995,1035,2024,1436,403,28,1035,1796,images/archive-original/1290-1300 I/675o.jpg
676o.png,1,0,3,185,274,1965,1215,2024,1436,274,58,1215,1838,images/archive-original/1290-1300 I/676o.jpg
677o.png,1,0,10,304,205,1779,1338,2024,1436,205,244,1338,1719,images/archive-original/1290-1300 I/677o.jpg
678o.png,1,0,12,225,652,2010,1256,2024,1436,652,13,1256,1798,images/archive-original/1290-1300 I/678o.jpg
679o.png,1,0,7,429,188,1835,1215,2024,1436,188,188,1215,1594,images/archive-original/1290-1300 I/679o.jpg
680o.png,1,0,1,123,157,1139,1664,1436,2024,123,157,1139,1664,images/archive-original/1290-1300 I/680o.jpg
681o.png,1,0,1,270,154,2011,1412,2024,1436,154,12,1412,1753,images/archive-original/1290-1300 I/681o.jpg
682o.png,1,0,1,204,127,2011,1412,2024,1436,127,12,1412,1819,images/archive-original/1290-1300 I/682o.jpg
683o.png,1,0,2,290,386,2004,1375,2024,1436,386,19,1375,1733,images/archive-original/1290-1300 I/683o.jpg
684o.png,1,0,2,557,175,1770,1270,2024,1436,175,253,1270,1466,images/archive-original/1290-1300 I/684o.jpg
685o.png,1,0,2,207,102,2008,1409,2024,1436,102,15,1409,1816,images/archive-original/1290-1300 I/685o.jpg
686o.png,1,0,1,356,238,1843,1399,2024,1436,238,180,1399,1667,images/archive-original/1290-1300 I/686o.jpg
687o.png,1,0,4,233,707,2011,1400,2024,1436,707,12,1400,1790,images/archive-original/1290-1300 I/687o.jpg
688o.png,1,0,5,188,169,2008,1336,2024,1436,169,15,1336,1835,images/archive-original/1290-1300 I/688o.jpg
689o.png,1,0,1,229,47,1944,1412,2024,1436,47,79,1412,1794,images/archive-original/1290-1300 I/689o.jpg
690o.png,1,0,2,204,126,2011,1406,2024,1436,126,12,1406,1819,images/archive-original/1290-1300 I/690o.jpg
691o.png,1,0,5,335,271,2011,1403,2024,1436,271,12,1403,1688,images/archive-original/1290-1300 I/691o.jpg
692o.png,1,0,2,201,536,2008,1409,2024,1436,536,15,1409,1822,images/archive-original/1290-1300 I/692o.jpg
693o.png,1,0,3,237,51,1941,1354,2024,1436,51,82,1354,1786,images/archive-original/1290-1300 I/693o.jpg
694o.png,1,0,1,185,130,1966,1409,2024,1436,130,57,1409,1838,images/archive-original/1290-1300 I/694o.jpg
695o.png,1,0,3,203,325,2001,1313,2024,1436,325,22,1313,1820,images/archive-original/1290-1300 I/695o.jpg
696o.png,1,0,5,255,54,2011,1412,2024,1436,54,12,1412,1768,images/archive-original/1290-1300 I/696o.jpg
697o.png,1,0,2,239,54,1944,1371,2024,1436,54,79,1371,1784,images/archive-original/1290-1300 I/697o.jpg
698o.png,1,0,4,315,130,2014,1358,2024,1436,130,9,1358,1708,images/archive-original/1290-1300 I/698o.jpg
699o.png,1,0,7,325,661,1880,1325,2024,1436,661,143,1325,1698,images/archive-original/1290-1300 I/699o.jpg
700o.png,1,0,4,254,185,2011,1390,2024,1436,185,12,1390,1769,images/archive-original/1290-1300 I/700o.jpg
701o.png,1,0,3,252,223,1879,1343,2024,1436,223,144,1343,1771,images/archive-original/1290-1300 I/701o.jpg
702o.png,1,0,2,310,88,1893,1409,2024,1436,88,130,1409,1713,images/archive-original/1290-1300 I/702o.jpg
703o.png,1,0,2,219,634,1965,1286,2024,1436,634,58,1286,1804,images/archive-original/1290-1300 I/703o.jpg
704o.png,1,0,2,210,364,1963,1403,2024,1436,364,60,1403,1813,images/archive-original/1290-1300 I/704o.jpg
705o.png,1,0,2,188,60,2008,1406,2024,1436,60,15,1406,1835,images/archive-original/1290-1300 I/705o.jpg
706o.png,1,0,13,219,680,2008,1381,2024,1436,680,15,1381,1804,images/archive-original/1290-1300 I/706o.jpg
707o.png,1,0,7,320,418,1969,1409,2024,1436,418,54,1409,1703,images/archive-original/1290-1300 I/707o.jpg
708o.png,1,0,2,338,76,1931,1409,2024,1436,76,92,1409,1685,images/archive-original/1290-1300 I/708o.jpg
709o.png,1,0,2,209,121,1988,1412,2024,1436,121,35,1412,1814,images/archive-original/1290-1300 I/709o.jpg
710o.png,1,0,2,341,271,2011,1403,2024,1436,271,12,1403,1682,images/archive-original/1290-1300 I/710o.jpg
711o.png,1,0,2,208,445,2011,1357,2024,1436,445,12,1357,1815,images/archive-original/1290-1300 I/711o.jpg
712o.png,1,0,5,185,370,2011,1264,2024,1436,370,12,1264,1838,images/archive-original/1290-1300 I/712o.jpg
713o.png,1,0,1,191,63,2011,1406,2024,1436,63,12,1406,1832,images/archive-original/1290-1300 I/713o.jpg
714o.png,1,0,2,203,71,2001,1354,2024,1436,71,22,1354,1820,images/archive-original/1290-1300 I/714o.jpg
715o.png,1,0,7,337,619,1899,1190,2024,1436,619,124,1190,1686,images/archive-original/1290-1300 I/715o.jpg
716o.png,1,0,4,182,214,2011,1329,2024,1436,214,12,1329,1841,images/archive-original/1290-1300 I/716o.jpg
717o.png,1,0,11,234,290,1968,1268,2024,1436,290,55,1268,1789,images/archive-original/1290-1300 I/717o.jpg
718o.png,1,0,20,258,737,1899,1009,2024,1436,737,124,1009,1765,images/archive-original/1290-1300 I/718o.jpg
719o.png,1,0,2,221,87,2014,1388,2024,1436,87,9,1388,1802,images/archive-original/1290-1300 I/719o.jpg
720o.png,1,0,2,196,304,2000,1043,2024,1436,304,23,1043,1827,images/archive-original/1290-1300 I/720o.jpg
721o.png,1,0,5,265,141,2008,1416,2024,1436,141,15,1416,1758,images/archive-original/1290-1300 I/721o.jpg
722o.png,1,0,5,287,712,1943,1240,2024,1436,712,80,1240,1736,images/archive-original/1290-1300 I/722o.jpg
723o.png,1,0,1,202,139,2008,1406,2024,1436,139,15,1406,1821,images/archive-original/1290-1300 I/723o.jpg
724o.png,1,0,1,248,136,2014,1412,2024,1436,136,9,1412,1775,images/archive-original/1290-1300 I/724o.jpg
725o.png,1,0,4,638,31,1822,1409,2024,1436,31,201,1409,1385,images/archive-original/1290-1300 I/725o.jpg
726o.png,1,0,3,197,89,2011,1416,2024,1436,89,12,1416,1826,images/archive-original/1290-1300 I/726o.jpg
727o.png,1,0,4,526,45,1727,1404,2024,1436,45,296,1404,1497,images/archive-original/1290-1300 I/727o.jpg
728o.png,1,0,1,165,105,2008,1416,2024,1436,105,15,1416,1858,images/archive-original/1290-1300 I/728o.jpg
729o.png,1,0,2,162,89,2011,1422,2024,1436,89,12,1422,1861,images/archive-original/1290-1300 I/729o.jpg
730o.png,1,0,3,285,631,2011,1207,2024,1436,631,12,1207,1738,images/archive-original/1290-1300 I/730o.jpg
731o.png,1,0,3,449,440,1838,1151,2024,1436,440,185,1151,1574,images/archive-original/1290-1300 I/731o.jpg
732o.png,1,0,3,248,255,2017,1396,2024,1436,255,6,1396,1775,images/archive-original/1290-1300 I/732o.jpg
733o.png,1,0,2,220,118,2014,1403,2024,1436,118,9,1403,1803,images/archive-original/1290-1300 I/733o.jpg
734o.png,1,0,6,231,134,2011,1329,2024,1436,134,12,1329,1792,images/archive-original/1290-1300 I/734o.jpg
735o.png,1,0,2,169,98,2008,1390,2024,1436,98,15,1390,1854,images/archive-original/1290-1300 I/735o.jpg
736o.png,1,0,2,178,111,2008,1425,2024,1436,111,15,1425,1845,images/archive-original/1290-1300 I/736o.jpg
737o.png,1,0,1,178,97,2011,1406,2024,1436,97,12,1406,1845,images/archive-original/1290-1300 I/737o.jpg
738o.png,1,0,1,194,73,2011,1409,2024,1436,73,12,1409,1829,images/archive-original/1290-1300 I/738o.jpg
739o.png,1,0,2,185,38,1995,1419,2024,1436,38,28,1419,1838,images/archive-original/1290-1300 I/739o.jpg
740o.png,1,0,1,276,485,1905,1332,2024,1436,485,118,1332,1747,images/archive-original/1290-1300 I/740o.jpg
741o.png,1,0,3,201,178,2008,1367,2024,1436,178,15,1367,1822,images/archive-original/1290-1300 I/741o.jpg
742o.png,1,0,1,293,379,1951,1362,2024,1436,379,72,1362,1730,images/archive-original/1290-1300 I/742o.jpg
743o.png,1,0,5,232,127,2011,1416,2024,1436,127,12,1416,1791,images/archive-original/1290-1300 I/743o.jpg
744o.png,1,0,2,162,101,2008,1342,2024,1436,101,15,1342,1861,images/archive-original/1290-1300 I/744o.jpg
745o.png,1,0,1,181,82,2011,1409,2024,1436,82,12,1409,1842,images/archive-original/1290-1300 I/745o.jpg
746o.png,1,0,5,156,785,1984,1285,2024,1436,785,39,1285,1867,images/archive-original/1290-1300 I/746o.jpg
747o.png,1,0,1,220,47,2011,1409,2024,1436,47,12,1409,1803,images/archive-original/1290-1300 I/747o.jpg
748o.png,1,0,1,398,536,1932,1388,2024,1436,536,91,1388,1625,images/archive-original/1290-1300 I/748o.jpg
749o.png,1,0,1,172,73,2011,1409,2024,1436,73,12,1409,1851,images/archive-original/1290-1300 I/749o.jpg
750o.png,1,0,2,183,741,2001,1354,2024,1436,741,22,1354,1840,images/archive-original/1290-1300 I/750o.jpg
751o.png,1,0,2,149,70,2008,1416,2024,1436,70,15,1416,1874,images/archive-original/1290-1300 I/751o.jpg
752o.png,1,0,3,233,623,2024,1363,2024,1436,623,-1,1363,1790,images/archive-original/1290-1300 I/752o.jpg
753o.png,1,0,9,232,351,2011,1377,2024,1436,351,12,1377,1791,images/archive-original/1290-1300 I/753o.jpg
754o.png,1,0,18,258,379,2011,1236,2024,1436,379,12,1236,1765,images/archive-original/1290-1300 I/754o.jpg
755o.png,1,0,7,216,89,1952,1197,2024,1436,89,71,1197,1807,images/archive-original/1290-1300 I/755o.jpg
756o.png,1,0,8,278,201,2011,1246,2024,1436,201,12,1246,1745,images/archive-original/1290-1300 I/756o.jpg
757o.png,1,0,3,204,347,2014,1333,2024,1436,347,9,1333,1819,images/archive-original/1290-1300 I/757o.jpg
758o.png,1,0,7,203,153,2014,1400,2024,1436,153,9,1400,1820,images/archive-original/1290-1300 I/758o.jpg
759o.png,1,0,1,248,121,2014,1403,2024,1436,121,9,1403,1775,images/archive-original/1290-1300 I/759o.jpg
760o.png,1,0,3,204,223,2003,1377,2024,1436,223,20,1377,1819,images/archive-original/1290-1300 I/760o.jpg
761o.png,1,0,1,204,114,2011,1406,2024,1436,114,12,1406,1819,images/archive-original/1290-1300 I/761o.jpg
762o.png,1,0,2,149,424,1998,1435,2024,1436,424,25,1435,1874,images/archive-original/1290-1300 I/762o.jpg
763o.png,1,0,12,261,443,2008,1285,2024,1436,443,15,1285,1762,images/archive-original/1290-1300 I/763o.jpg
764o.png,1,0,1,188,79,2011,1412,2024,1436,79,12,1412,1835,images/archive-original/1290-1300 I/764o.jpg
765o.png,1,0,1,185,51,2011,1400,2024,1436,51,12,1400,1838,images/archive-original/1290-1300 I/765o.jpg
766o.png,1,0,4,210,77,2014,1396,2024,1436,77,9,1396,1813,images/archive-original/1290-1300 I/766o.jpg
767o.png,1,0,4,305,95,1891,1371,2024,1436,95,132,1371,1718,images/archive-original/1290-1300 I/767o.jpg
768o.png,1,0,6,248,293,1978,1245,2024,1436,293,45,1245,1775,images/archive-original/1290-1300 I/768o.jpg
769o.png,1,0,7,233,303,2011,1266,2024,1436,303,12,1266,1790,images/archive-original/1290-1300 I/769o.jpg
770o.png,1,0,1,188,73,2004,1416,2024,1436,73,19,1416,1835,images/archive-original/1290-1300 I/770o.jpg
771o.png,1,0,4,0,98,1437,1167,1654,1168,98,216,1167,1653,images/archive-original/1290-1300 I/771o.jpg
772o.png,1,0,1,165,47,2011,1406,2024,1436,47,12,1406,1858,images/archive-original/1290-1300 I/772o.jpg
773o.png,1,0,2,186,121,2011,1435,2024,1436,121,12,1435,1837,images/archive-original/1290-1300 I/773o.jpg
774o.png,1,0,1,335,172,1950,1272,2024,1436,172,73,1272,1688,images/archive-original/1290-1300 I/774o.jpg
775o.png,1,0,7,179,641,2009,1178,2024,1436,641,14,1178,1844,images/archive-original/1290-1300 I/775o.jpg
776o.png,1,0,2,153,60,2008,1412,2024,1436,60,15,1412,1870,images/archive-original/1290-1300 I/776o.jpg
777o.png,1,0,3,639,676,1592,1373,2024,1436,676,431,1373,1384,images/archive-original/1290-1300 I/777o.jpg
778o.png,1,0,1,162,41,2004,1422,2024,1436,41,19,1422,1861,images/archive-original/1290-1300 I/778o.jpg
779o.png,1,0,1,216,44,2004,1419,2024,1436,44,19,1419,1807,images/archive-original/1290-1300 I/779o.jpg
780o.png,1,0,2,156,41,2011,1390,2024,1436,41,12,1390,1867,images/archive-original/1290-1300 I/780o.jpg
781o.png,1,0,6,369,287,1903,1295,2024,1436,287,120,1295,1654,images/archive-original/1290-1300 I/781o.jpg
782o.png,1,0,1,197,63,2004,1416,2024,1436,63,19,1416,1826,images/archive-original/1290-1300 I/782o.jpg
783o.png,1,0,1,194,44,2004,1403,2024,1436,44,19,1403,1829,images/archive-original/1290-1300 I/783o.jpg
784o.png,1,0,1,203,427,2008,1341,2024,1436,427,15,1341,1820,images/archive-original/1290-1300 I/784o.jpg
785o.png,1,0,5,165,60,2008,1301,2024,1436,60,15,1301,1858,images/archive-original/1290-1300 I/785o.jpg
786o.png,1,0,1,358,99,1902,1358,2024,1436,99,121,1358,1665,images/archive-original/1290-1300 I/786o.jpg
787o.png,1,0,2,427,364,1632,928,2024,1436,364,391,928,1596,images/archive-original/1290-1300 I/787o.jpg
788o.png,1,0,3,180,200,1937,1096,2024,1436,200,86,1096,1843,images/archive-original/1290-1300 I/788o.jpg
789o.png,1,0,1,268,351,2004,1422,2024,1436,351,19,1422,1755,images/archive-original/1290-1300 I/789o.jpg
790o.png,1,0,1,503,574,1861,1270,2024,1436,574,162,1270,1520,images/archive-original/1290-1300 I/790o.jpg
791o.png,1,0,1,204,70,2008,1412,2024,1436,70,15,1412,1819,images/archive-original/1290-1300 I/791o.jpg
792o.png,1,0,6,235,524,1943,1247,2024,1436,524,80,1247,1788,images/archive-original/1290-1300 I/792o.jpg
793o.png,1,0,13,181,156,2008,1262,2024,1436,156,15,1262,1842,images/archive-original/1290-1300 I/793o.jpg
794o.png,1,0,3,510,619,1800,1253,2024,1436,619,223,1253,1513,images/archive-original/1290-1300 I/794o.jpg
795o.png,1,0,3,175,823,1983,1269,2024,1436,823,40,1269,1848,images/archive-original/1290-1300 I/795o.jpg
796o.png,1,0,4,198,199,2008,1236,2024,1436,199,15,1236,1825,images/archive-original/1290-1300 I/796o.jpg
797o.png,1,0,1,178,60,2004,1412,2024,1436,60,19,1412,1845,images/archive-original/1290-1300 I/797o.jpg
798o.png,1,0,10,243,467,2008,1419,2024,1436,467,15,1419,1780,images/archive-original/1290-1300 I/798o.jpg
799o.png,1,0,2,162,73,2001,1419,2024,1436,73,22,1419,1861,images/archive-original/1290-1300 I/799o.jpg
800o.png,1,0,1,197,98,2008,1282,2024,1436,98,15,1282,1826,images/archive-original/1290-1300 I/800o.jpg
801o.png,1,0,1,252,44,2008,1406,2024,1436,44,15,1406,1771,images/archive-original/1290-1300 I/801o.jpg
802o.png,1,0,1,255,810,1941,1344,2024,1436,810,82,1344,1768,images/archive-original/1290-1300 I/802o.jpg
803o.png,1,0,6,462,571,1710,1204,2024,1436,571,313,1204,1561,images/archive-original/1290-1300 I/803o.jpg
804o.png,1,0,1,201,44,2008,1409,2024,1436,44,15,1409,1822,images/archive-original/1290-1300 I/804o.jpg
805o.png,1,0,1,185,41,2008,1374,2024,1436,41,15,1374,1838,images/archive-original/1290-1300 I/805o.jpg
806o.png,1,0,3,162,82,2001,1406,2024,1436,82,22,1406,1861,images/archive-original/1290-1300 I/806o.jpg
807o.png,1,0,1,181,226,2008,1349,2024,1436,226,15,1349,1842,images/archive-original/1290-1300 I/807o.jpg
808o.png,1,0,1,181,67,2004,1412,2024,1436,67,19,1412,1842,images/archive-original/1290-1300 I/808o.jpg
809o.png,1,0,2,327,518,1824,1363,2024,1436,518,199,1363,1696,images/archive-original/1290-1300 I/809o.jpg
810o.png,1,0,6,176,247,2008,1269,2024,1436,247,15,1269,1847,images/archive-original/1290-1300 I/810o.jpg
811o.png,1,0,2,210,606,2004,1320,2024,1436,606,19,1320,1813,images/archive-original/1290-1300 I/811o.jpg
812o.png,1,0,2,191,557,2014,1364,2024,1436,557,9,1364,1832,images/archive-original/1290-1300 I/812o.jpg
813o.png,1,0,3,183,261,2011,1314,2024,1436,261,12,1314,1840,images/archive-original/1290-1300 I/813o.jpg
814o.png,1,0,3,466,571,1703,1348,2024,1436,571,320,1348,1557,images/archive-original/1290-1300 I/814o.jpg
815o.png,1,0,2,325,328,1925,1303,2024,1436,328,98,1303,1698,images/archive-original/1290-1300 I/815o.jpg
816o.png,1,0,3,230,337,1994,1008,2024,1436,337,29,1008,1793,images/archive-original/1290-1300 I/816o.jpg
817o.png,1,0,5,169,306,2011,1157,2024,1436,306,12,1157,1854,images/archive-original/1290-1300 I/817o.jpg
818o.png,1,0,4,172,130,2004,1374,2024,1436,130,19,1374,1851,images/archive-original/1290-1300 I/818o.jpg
819o.png,1,0,1,220,114,2011,1412,2024,1436,114,12,1412,1803,images/archive-original/1290-1300 I/819o.jpg
820o.png,1,0,7,227,327,2011,1270,2024,1436,327,12,1270,1796,images/archive-original/1290-1300 I/820o.jpg
821o.png,1,0,1,504,79,1736,1403,2024,1436,79,287,1403,1519,images/archive-original/1290-1300 I/821o.jpg
822o.png,1,0,4,179,766,1933,1372,2024,1436,766,90,1372,1844,images/archive-original/1290-1300 I/822o.jpg
823o.png,1,0,4,518,524,1713,1297,2024,1436,524,310,1297,1505,images/archive-original/1290-1300 I/823o.jpg
824o.png,1,0,5,228,84,2011,1416,2024,1436,84,12,1416,1795,images/archive-original/1290-1300 I/824o.jpg
825o.png,1,0,2,433,28,1807,1403,2024,1436,28,216,1403,1590,images/archive-original/1290-1300 I/825o.jpg
826o.png,1,0,4,234,66,1908,1345,2024,1436,66,115,1345,1789,images/archive-original/1290-1300 I/826o.jpg
827o.png,1,0,1,284,469,1923,1254,2024,1436,469,100,1254,1739,images/archive-original/1290-1300 I/827o.jpg
828o.png,1,0,5,211,148,2011,1419,2024,1436,148,12,1419,1812,images/archive-original/1290-1300 I/828o.jpg
829o.png,1,0,3,328,75,1934,1410,2024,1436,75,89,1410,1695,images/archive-original/1290-1300 I/829o.jpg
830o.png,1,0,3,204,112,2011,1416,2024,1436,112,12,1416,1819,images/archive-original/1290-1300 I/830o.jpg
831o.png,1,0,1,215,74,2011,1400,2024,1436,74,12,1400,1808,images/archive-original/1290-1300 I/831o.jpg
832o.png,1,0,11,252,348,2001,1211,2024,1436,348,22,1211,1771,images/archive-original/1290-1300 I/832o.jpg
833o.png,1,0,4,226,253,2004,1189,2024,1436,253,19,1189,1797,images/archive-original/1290-1300 I/833o.jpg
834o.png,1,0,4,210,185,2008,1333,2024,1436,185,15,1333,1813,images/archive-original/1290-1300 I/834o.jpg
835o.png,1,0,10,227,471,2008,1256,2024,1436,471,15,1256,1796,images/archive-original/1290-1300 I/835o.jpg
836o.png,1,0,4,227,405,2008,1009,2024,1436,405,15,1009,1796,images/archive-original/1290-1300 I/836o.jpg
837o.png,1,0,10,278,392,2004,1276,2024,1436,392,19,1276,1745,images/archive-original/1290-1300 I/837o.jpg
838o.png,1,0,2,268,574,1961,1278,2024,1436,574,62,1278,1755,images/archive-original/1290-1300 I/838o.jpg
839o.png,1,0,1,255,89,2011,1400,2024,1436,89,12,1400,1768,images/archive-original/1290-1300 I/839o.jpg
840o.png,1,0,3,265,296,2017,1400,2024,1436,296,6,1400,1758,images/archive-original/1290-1300 I/840o.jpg
841o.png,1,0,5,440,239,1829,1329,2024,1436,239,194,1329,1583,images/archive-original/1290-1300 I/841o.jpg
842o.png,1,0,11,196,210,1992,1252,2024,1436,210,31,1252,1827,images/archive-original/1290-1300 I/842o.jpg
843o.png,1,0,6,187,330,1995,729,2024,1436,330,28,729,1836,images/archive-original/1290-1300 I/843o.jpg
844o.png,1,0,10,238,201,1999,540,2024,1436,201,24,540,1785,images/archive-original/1290-1300 I/844o.jpg
845o.png,1,0,2,221,102,2017,1396,2024,1436,102,6,1396,1802,images/archive-original/1290-1300 I/845o.jpg
846o.png,1,0,3,211,299,1998,662,2024,1436,299,25,662,1812,images/archive-original/1290-1300 I/846o.jpg
847o.png,1,0,6,214,229,1995,912,2024,1436,229,28,912,1809,images/archive-original/1290-1300 I/847o.jpg
848o.png,1,0,2,261,264,2008,838,2024,1436,264,15,838,1762,images/archive-original/1290-1300 I/848o.jpg
849o.png,1,0,3,201,159,2011,1435,2024,1436,159,12,1435,1822,images/archive-original/1290-1300 I/849o.jpg
850o.png,1,0,5,67,58,1434,1865,1436,2024,67,58,1434,1865,images/archive-original/1290-1300 I/850o.jpg
851o.png,1,0,4,153,70,2014,1406,2024,1436,70,9,1406,1870,images/archive-original/1290-1300 I/851o.jpg
852o.png,1,0,2,216,164,2014,1396,2024,1436,164,9,1396,1807,images/archive-original/1290-1300 I/852o.jpg
853o.png,1,0,1,223,37,2008,1393,2024,1436,37,15,1393,1800,images/archive-original/1290-1300 I/853o.jpg
854o.png,1,0,4,199,226,2011,1353,2024,1436,226,12,1353,1824,images/archive-original/1290-1300 I/854o.jpg
855o.png,1,0,6,210,349,1975,1334,2024,1436,349,48,1334,1813,images/archive-original/1290-1300 I/855o.jpg
856o.png,1,0,1,149,159,2008,1326,2024,1436,159,15,1326,1874,images/archive-original/1290-1300 I/856o.jpg
857o.png,1,0,3,273,596,1934,1288,2024,1436,596,89,1288,1750,images/archive-original/1290-1300 I/857o.jpg
858o.png,1,0,1,277,47,2008,1409,2024,1436,47,15,1409,1746,images/archive-original/1290-1300 I/858o.jpg
859o.png,1,0,9,183,826,1961,1189,2024,1436,826,62,1189,1840,images/archive-original/1290-1300 I/859o.jpg
860o.png,1,0,3,181,119,2011,1419,2024,1436,119,12,1419,1842,images/archive-original/1290-1300 I/860o.jpg
861o.png,1,0,7,324,618,1778,1249,2024,1436,618,245,1249,1699,images/archive-original/1290-1300 I/861o.jpg
862o.png,1,0,2,187,331,2001,1365,2024,1436,331,22,1365,1836,images/archive-original/1290-1300 I/862o.jpg
863o.png,1,0,12,169,137,1995,1380,2024,1436,137,28,1380,1854,images/archive-original/1290-1300 I/863o.jpg
864o.png,1,0,1,303,264,1934,1310,2024,1436,264,89,1310,1720,images/archive-original/1290-1300 I/864o.jpg
865o.png,1,0,1,185,51,2004,1422,2024,1436,185,51,2004,1422,images/archive-original/1290-1300 I/865o.jpg
866o.png,1,0,2,190,178,2017,1406,2024,1436,178,6,1406,1833,images/archive-original/1290-1300 I/866o.jpg
867o.png,1,0,5,175,89,2017,1435,2024,1436,89,6,1435,1848,images/archive-original/1290-1300 I/867o.jpg
868o.png,1,0,2,166,116,1323,1874,1436,2024,166,116,1323,1874,images/archive-original/1290-1300 I/868o.jpg
869o.png,1,0,2,174,65,2014,1396,2024,1436,65,9,1396,1849,images/archive-original/1290-1300 I/869o.jpg
870o.png,1,0,8,193,408,2011,1320,2024,1436,408,12,1320,1830,images/archive-original/1290-1300 I/870o.jpg
871o.png,1,0,2,302,709,1876,1225,2024,1436,709,147,1225,1721,images/archive-original/1290-1300 I/871o.jpg
872o.png,1,0,7,149,609,2004,1199,2024,1436,609,19,1199,1874,images/archive-original/1290-1300 I/872o.jpg
873o.png,1,0,3,539,303,1727,1364,2024,1436,303,296,1364,1484,images/archive-original/1290-1300 I/873o.jpg
874o.png,1,0,3,173,870,1972,1257,2024,1436,870,51,1257,1850,images/archive-original/1290-1300 I/874o.jpg
875o.png,1,0,4,414,137,1893,1331,2024,1436,137,130,1331,1609,images/archive-original/1290-1300 I/875o.jpg
876o.png,1,0,3,188,258,2011,1183,2024,1436,258,12,1183,1835,images/archive-original/1290-1300 I/876o.jpg
877o.png,1,0,4,430,204,1864,1224,2024,1436,204,159,1224,1593,images/archive-original/1290-1300 I/877o.jpg
878o.png,1,0,3,232,577,1947,1199,2024,1436,577,76,1199,1791,images/archive-original/1290-1300 I/878o.jpg
879o.png,1,0,1,204,114,2011,1412,2024,1436,114,12,1412,1819,images/archive-original/1290-1300 I/879o.jpg
880o.png,1,0,5,507,747,1773,1136,2024,1436,747,250,1136,1516,images/archive-original/1290-1300 I/880o.jpg
881o.png,1,0,2,316,159,2011,1331,2024,1436,159,12,1331,1707,images/archive-original/1290-1300 I/881o.jpg
882o.png,1,0,3,354,121,1854,1336,2024,1436,121,169,1336,1669,images/archive-original/1290-1300 I/882o.jpg
883o.png,1,0,5,345,152,1886,1404,2024,1436,152,137,1404,1678,images/archive-original/1290-1300 I/883o.jpg
884o.png,1,0,1,188,98,2011,1412,2024,1436,98,12,1412,1835,images/archive-original/1290-1300 I/884o.jpg
885o.png,1,0,1,213,76,2011,1416,2024,1436,76,12,1416,1810,images/archive-original/1290-1300 I/885o.jpg
886o.png,1,0,10,297,309,1933,1166,2024,1436,309,90,1166,1726,images/archive-original/1290-1300 I/886o.jpg
887o.png,1,0,4,427,864,1626,1284,2024,1436,864,397,1284,1596,images/archive-original/1290-1300 I/887o.jpg
888o.png,1,0,7,458,847,1548,1240,2024,1436,847,475,1240,1565,images/archive-original/1290-1300 I/888o.jpg
889o.png,1,0,5,264,459,1893,1106,2024,1436,459,130,1106,1759,images/archive-original/1290-1300 I/889o.jpg
890o.png,1,0,1,492,306,1663,1221,2024,1436,306,360,1221,1531,images/archive-original/1290-1300 I/890o.jpg
891o.png,1,0,1,364,708,1848,1222,2024,1436,708,175,1222,1659,images/archive-original/1290-1300 I/891o.jpg
892o.png,1,0,4,176,698,1974,1173,2024,1436,698,49,1173,1847,images/archive-original/1290-1300 I/892o.jpg
893o.png,1,0,1,214,82,2011,1412,2024,1436,82,12,1412,1809,images/archive-original/1290-1300 I/893o.jpg
894o.png,1,0,1,193,63,1979,1400,2024,1436,63,44,1400,1830,images/archive-original/1290-1300 I/894o.jpg
895o.png,1,0,3,228,237,1924,872,2024,1436,237,99,872,1795,images/archive-original/1290-1300 I/895o.jpg
896o.png,1,0,3,162,294,1290,1582,1436,2024,162,294,1290,1582,images/archive-original/1290-1300 I/896o.jpg
897o.png,1,0,11,347,562,1829,1161,2024,1436,562,194,1161,1676,images/archive-original/1290-1300 I/897o.jpg
898o.png,1,0,4,284,449,1909,1096,2024,1436,449,114,1096,1739,images/archive-original/1290-1300 I/898o.jpg
899o.png,1,0,3,201,436,1994,1060,2024,1436,436,29,1060,1822,images/archive-original/1290-1300 I/899o.jpg
900o.png,1,0,1,343,771,1921,1344,2024,1436,771,102,1344,1680,images/archive-original/1290-1300 I/900o.jpg
901o.png,1,0,5,200,266,2012,1317,2024,1436,266,11,1317,1823,images/archive-original/1290-1300 I/901o.jpg
902o.png,1,0,3,176,137,2008,1333,2024,1436,137,15,1333,1847,images/archive-original/1290-1300 I/902o.jpg
903o.png,1,0,6,216,121,2008,1269,2024,1436,121,15,1269,1807,images/archive-original/1290-1300 I/903o.jpg
904o.png,1,0,1,210,118,2004,1435,2024,1436,118,19,1435,1813,images/archive-original/1290-1300 I/904o.jpg
905o.png,1,0,6,373,213,1899,1255,2024,1436,213,124,1255,1650,images/archive-original/1290-1300 I/905o.jpg
906o.png,1,0,1,178,167,2011,1375,2024,1436,167,12,1375,1845,images/archive-original/1290-1300 I/906o.jpg
907o.png,1,0,5,163,328,2004,1323,2024,1436,328,19,1323,1860,images/archive-original/1290-1300 I/907o.jpg
908o.png,1,0,1,221,421,1969,1272,2024,1436,421,54,1272,1802,images/archive-original/1290-1300 I/908o.jpg
909o.png,1,0,4,194,299,2011,1339,2024,1436,299,12,1339,1829,images/archive-original/1290-1300 I/909o.jpg
910o.png,1,0,2,156,437,2008,1403,2024,1436,437,15,1403,1867,images/archive-original/1290-1300 I/910o.jpg
911o.png,1,0,2,340,140,1905,1379,2024,1436,140,118,1379,1683,images/archive-original/1290-1300 I/911o.jpg
912o.png,1,0,2,216,564,2011,1352,2024,1436,564,12,1352,1807,images/archive-original/1290-1300 I/912o.jpg
913o.png,1,0,1,162,70,2011,1409,2024,1436,70,12,1409,1861,images/archive-original/1290-1300 I/913o.jpg
914o.png,1,0,3,153,95,2014,1419,2024,1436,95,9,1419,1870,images/archive-original/1290-1300 I/914o.jpg
915o.png,1,0,2,175,219,2011,1377,2024,1436,219,12,1377,1848,images/archive-original/1290-1300 I/915o.jpg
916o.png,1,0,3,215,113,2004,1435,2024,1436,113,19,1435,1808,images/archive-original/1290-1300 I/916o.jpg
917o.png,1,0,8,210,208,1993,1300,2024,1436,208,30,1300,1813,images/archive-original/1290-1300 I/917o.jpg
918o.png,1,0,1,284,67,1905,1412,2024,1436,67,118,1412,1739,images/archive-original/1290-1300 I/918o.jpg
919o.png,1,0,9,245,595,2011,1325,2024,1436,595,12,1325,1778,images/archive-original/1290-1300 I/919o.jpg
920o.png,1,0,2,207,125,2011,1335,2024,1436,125,12,1335,1816,images/archive-original/1290-1300 I/920o.jpg
921o.png,1,0,4,245,402,2017,1286,2024,1436,402,6,1286,1778,images/archive-original/1290-1300 I/921o.jpg
922o.png,1,0,4,196,465,2011,1384,2024,1436,465,12,1384,1827,images/archive-original/1290-1300 I/922o.jpg
923o.png,1,0,1,395,140,1829,1342,2024,1436,140,194,1342,1628,images/archive-original/1290-1300 I/923o.jpg
924o.png,1,0,6,252,284,2014,1384,2024,1436,284,9,1384,1771,images/archive-original/1290-1300 I/924o.jpg
925o.png,1,0,1,182,98,2014,1419,2024,1436,98,9,1419,1841,images/archive-original/1290-1300 I/925o.jpg
926o.png,1,0,2,162,165,2014,1396,2024,1436,165,9,1396,1861,images/archive-original/1290-1300 I/926o.jpg
927o.png,1,0,2,262,99,2008,1416,2024,1436,99,15,1416,1761,images/archive-original/1290-1300 I/927o.jpg
928o.png,1,0,1,207,72,2011,1412,2024,1436,72,12,1412,1816,images/archive-original/1290-1300 I/928o.jpg
929o.png,1,0,2,156,436,2011,1386,2024,1436,436,12,1386,1867,images/archive-original/1290-1300 I/929o.jpg
930o.png,1,0,1,162,239,2014,1361,2024,1436,239,9,1361,1861,images/archive-original/1290-1300 I/930o.jpg
931o.png,1,0,1,219,213,2008,1435,2024,1436,213,15,1435,1804,images/archive-original/1290-1300 I/931o.jpg
932o.png,1,0,4,188,482,1983,1315,2024,1436,482,40,1315,1835,images/archive-original/1290-1300 I/932o.jpg
933o.png,1,0,1,165,114,2011,1400,2024,1436,114,12,1400,1858,images/archive-original/1290-1300 I/933o.jpg
934o.png,1,0,2,387,354,1803,1064,2024,1436,354,220,1064,1636,images/archive-original/1290-1300 I/934o.jpg
935o.png,1,0,1,430,239,1854,1406,2024,1436,239,169,1406,1593,images/archive-original/1290-1300 I/935o.jpg
936o.png,1,0,1,283,80,1225,1861,1436,2024,283,80,1225,1861,images/archive-original/1290-1300 I/936o.jpg
937o.png,1,0,4,213,593,2001,1237,2024,1436,593,22,1237,1810,images/archive-original/1290-1300 I/937o.jpg
938o.png,1,0,3,216,481,2014,1323,2024,1436,481,9,1323,1807,images/archive-original/1290-1300 I/938o.jpg
939o.png,1,0,3,344,433,1877,1409,2024,1436,433,146,1409,1679,images/archive-original/1290-1300 I/939o.jpg
940o.png,1,0,1,194,60,2011,1409,2024,1436,60,12,1409,1829,images/archive-original/1290-1300 I/940o.jpg
941o.png,1,0,2,197,178,2014,1355,2024,1436,178,9,1355,1826,images/archive-original/1290-1300 I/941o.jpg
942o.png,1,0,1,303,44,1937,1406,2024,1436,44,86,1406,1720,images/archive-original/1290-1300 I/942o.jpg
943o.png,1,0,1,210,788,2011,1412,2024,1436,788,12,1412,1813,images/archive-original/1290-1300 I/943o.jpg
944o.png,1,0,1,178,79,2011,1400,2024,1436,79,12,1400,1845,images/archive-original/1290-1300 I/944o.jpg
945o.png,1,0,3,197,157,2004,1435,2024,1436,157,19,1435,1826,images/archive-original/1290-1300 I/945o.jpg
946o.png,1,0,2,216,711,1987,1338,2024,1436,711,36,1338,1807,images/archive-original/1290-1300 I/946o.jpg
947o.png,1,0,5,162,261,2011,1325,2024,1436,261,12,1325,1861,images/archive-original/1290-1300 I/947o.jpg
948o.png,1,0,2,165,172,2014,1400,2024,1436,172,9,1400,1858,images/archive-original/1290-1300 I/948o.jpg
949o.png,1,0,7,277,490,1807,1353,2024,1436,490,216,1353,1746,images/archive-original/1290-1300 I/949o.jpg
950o.png,1,0,2,172,70,2023,1435,2024,1436,70,0,1435,1851,images/archive-original/1290-1300 I/950o.jpg
951o.png,1,0,1,197,290,1982,1339,2024,1436,290,41,1339,1826,images/archive-original/1290-1300 I/951o.jpg
952o.png,1,0,4,189,769,1999,1223,2024,1436,769,24,1223,1834,images/archive-original/1290-1300 I/952o.jpg
953o.png,1,0,3,175,841,1997,1290,2024,1436,841,26,1290,1848,images/archive-original/1290-1300 I/953o.jpg
954o.png,1,0,4,195,796,1998,1282,2024,1436,796,25,1282,1828,images/archive-original/1290-1300 I/954o.jpg
955o.png,1,0,3,444,813,1794,1291,2024,1436,813,229,1291,1579,images/archive-original/1290-1300 I/955o.jpg
956o.png,1,0,6,307,261,1925,1253,2024,1436,261,98,1253,1716,images/archive-original/1290-1300 I/956o.jpg
957o.png,1,0,4,275,152,1328,1672,1436,2024,275,152,1328,1672,images/archive-original/1290-1300 I/957o.jpg
958o.png,1,0,1,216,395,2004,1386,2024,1436,395,19,1386,1807,images/archive-original/1290-1300 I/958o.jpg
959o.png,1,0,3,188,86,2006,1311,2024,1436,86,17,1311,1835,images/archive-original/1290-1300 I/959o.jpg
960o.png,1,0,11,162,290,1997,1299,2024,1436,290,26,1299,1861,images/archive-original/1290-1300 I/960o.jpg
961o.png,1,0,8,238,509,2023,1307,2024,1436,509,0,1307,1785,images/archive-original/1290-1300 I/961o.jpg
962o.png,1,0,1,153,51,2011,1406,2024,1436,51,12,1406,1870,images/archive-original/1290-1300 I/962o.jpg
963o.png,1,0,3,303,418,1935,1273,2024,1436,418,88,1273,1720,images/archive-original/1290-1300 I/963o.jpg
964o.png,1,0,2,223,54,1963,1403,2024,1436,54,60,1403,1800,images/archive-original/1290-1300 I/964o.jpg
965o.png,1,0,2,204,357,2011,1301,2024,1436,357,12,1301,1819,images/archive-original/1290-1300 I/965o.jpg
966o.png,1,0,2,170,118,1954,1269,2024,1436,118,69,1269,1853,images/archive-original/1290-1300 I/966o.jpg
967o.png,1,0,1,207,232,2014,1326,2024,1436,232,9,1326,1816,images/archive-original/1290-1300 I/967o.jpg
968o.png,1,0,3,132,113,1992,1411,2024,1436,113,31,1411,1891,images/archive-original/1290-1300 I/968o.jpg
969o.png,1,0,3,156,284,1975,1271,2024,1436,284,48,1271,1867,images/archive-original/1290-1300 I/969o.jpg
970o.png,1,0,1,185,175,2001,1275,2024,1436,175,22,1275,1838,images/archive-original/1290-1300 I/970o.jpg
971o.png,1,0,2,181,577,1947,1406,2024,1436,577,76,1406,1842,images/archive-original/1290-1300 I/971o.jpg
972o.png,1,0,1,152,72,2007,1338,2024,1436,72,16,1338,1871,images/archive-original/1290-1300 I/972o.jpg
973o.png,1,0,4,296,481,1915,1317,2024,1436,481,108,1317,1727,images/archive-original/1290-1300 I/973o.jpg
974o.png,1,0,4,172,76,1963,1389,2024,1436,76,60,1389,1851,images/archive-original/1290-1300 I/974o.jpg
975o.png,1,0,1,178,531,2011,1285,2024,1436,531,12,1285,1845,images/archive-original/1290-1300 I/975o.jpg
976o.png,1,0,8,289,241,2008,1416,2024,1436,241,15,1416,1734,images/archive-original/1290-1300 I/976o.jpg
977o.png,1,0,1,172,89,2014,1291,2024,1436,89,9,1291,1851,images/archive-original/1290-1300 I/977o.jpg
978o.png,1,0,1,191,67,1950,1416,2024,1436,67,73,1416,1832,images/archive-original/1290-1300 I/978o.jpg
979o.png,1,0,2,191,51,2011,1398,2024,1436,51,12,1398,1832,images/archive-original/1290-1300 I/979o.jpg
980o.png,1,0,1,149,54,2011,1403,2024,1436,54,12,1403,1874,images/archive-original/1290-1300 I/980o.jpg
981o.png,1,0,1,169,63,2008,1406,2024,1436,63,15,1406,1854,images/archive-original/1290-1300 I/981o.jpg
982o.png,1,0,1,220,433,2011,1310,2024,1436,433,12,1310,1803,images/archive-original/1290-1300 I/982o.jpg
983o.png,1,0,3,214,463,2011,1368,2024,1436,463,12,1368,1809,images/archive-original/1290-1300 I/983o.jpg
984o.png,1,0,4,165,248,2009,1360,2024,1436,248,14,1360,1858,images/archive-original/1290-1300 I/984o.jpg
985o.png,1,0,2,166,454,1976,1284,2024,1436,454,47,1284,1857,images/archive-original/1290-1300 I/985o.jpg
986o.png,1,0,3,178,82,1969,1291,2024,1436,82,54,1291,1845,images/archive-original/1290-1300 I/986o.jpg
987o.png,1,0,2,178,22,2014,1412,2024,1436,22,9,1412,1845,images/archive-original/1290-1300 I/987o.jpg
988o.png,1,0,1,172,28,2008,1416,2024,1436,28,15,1416,1851,images/archive-original/1290-1300 I/988o.jpg
989o.png,1,0,4,185,542,2011,1290,2024,1436,542,12,1290,1838,images/archive-original/1290-1300 I/989o.jpg
990o.png,1,0,1,208,370,1902,1358,2024,1436,370,121,1358,1815,images/archive-original/1290-1300 I/990o.jpg
991o.png,1,0,1,223,56,1921,1409,2024,1436,56,102,1409,1800,images/archive-original/1290-1300 I/991o.jpg
992o.png,1,0,5,172,63,2011,1272,2024,1436,63,12,1272,1851,images/archive-original/1290-1300 I/992o.jpg
993o.png,1,0,2,168,239,1976,1308,2024,1436,239,47,1308,1855,images/archive-original/1290-1300 I/993o.jpg
994o.png,1,0,1,287,143,1896,1416,2024,1436,143,127,1416,1736,images/archive-original/1290-1300 I/994o.jpg
995o.png,1,0,6,227,169,2011,1419,2024,1436,169,12,1419,1796,images/archive-original/1290-1300 I/995o.jpg
996o.png,1,0,1,239,67,2008,1416,2024,1436,67,15,1416,1784,images/archive-original/1290-1300 I/996o.jpg
997o.png,1,0,2,165,245,1992,1345,2024,1436,245,31,1345,1858,images/archive-original/1290-1300 I/997o.jpg
998o.png,1,0,1,241,130,2006,1254,2024,1436,130,17,1254,1782,images/archive-original/1290-1300 I/998o.jpg
999o.png,1,0,1,619,348,1605,1068,2024,1436,348,418,1068,1404,images/archive-original/1290-1300 I/999o.jpg
1000o.png,1,0,7,541,367,1844,1303,2024,1436,367,179,1303,1482,images/archive-original/1290-1300 I/1000o.jpg
1001o.png,1,0,2,213,82,1988,1412,2024,1436,82,35,1412,1810,images/archive-original/1290-1300 I/1001o.jpg
1002o.png,1,0,4,246,146,1945,1310,2024,1436,146,78,1310,1777,images/archive-original/1290-1300 I/1002o.jpg
1003o.png,1,0,1,243,139,2008,1435,2024,1436,139,15,1435,1780,images/archive-original/1290-1300 I/1003o.jpg
1004o.png,1,0,1,197,70,2011,1416,2024,1436,70,12,1416,1826,images/archive-original/1290-1300 I/1004o.jpg
1005o.png,1,0,1,224,65,2008,1416,2024,1436,65,15,1416,1799,images/archive-original/1290-1300 I/1005o.jpg
1006o.png,1,0,1,204,60,2001,1371,2024,1436,60,22,1371,1819,images/archive-original/1290-1300 I/1006o.jpg
1007o.png,1,0,4,207,264,2011,1157,2024,1436,264,12,1157,1816,images/archive-original/1290-1300 I/1007o.jpg
1008o.png,1,0,1,245,98,2014,1409,2024,1436,98,9,1409,1778,images/archive-original/1290-1300 I/1008o.jpg
1009o.png,1,0,5,535,314,1652,1042,2024,1436,314,371,1042,1488,images/archive-original/1290-1300 I/1009o.jpg
1010o.png,1,0,5,451,700,1731,1205,2024,1436,700,292,1205,1572,images/archive-original/1290-1300 I/1010o.jpg
1011o.png,1,0,1,104,203,1614,1003,1654,1168,203,39,1003,1549,images/archive-original/1290-1300 I/1011o.jpg
1012o.png,1,0,5,42,151,1604,1003,1654,1168,151,49,1003,1611,images/archive-original/1290-1300 I/1012o.jpg
1013o.png,1,0,1,86,298,1619,1024,1654,1168,298,34,1024,1567,images/archive-original/1290-1300 I/1013o.jpg
1014o.png,1,0,5,153,67,1611,1159,1654,1168,67,42,1159,1500,images/archive-original/1290-1300 I/1014o.jpg
1015o.png,1,0,5,57,202,1627,1167,1654,1168,202,26,1167,1596,images/archive-original/1290-1300 I/1015o.jpg
1016o.png,1,0,7,89,290,1624,974,1654,1168,290,29,974,1564,images/archive-original/1290-1300 I/1016o.jpg
1017o.png,1,0,2,69,135,1075,1454,1168,1654,69,135,1075,1454,images/archive-original/1290-1300 I/1017o.jpg
1018o.png,1,0,4,132,316,1635,990,1654,1168,316,18,990,1521,images/archive-original/1290-1300 I/1018o.jpg
1019o.png,1,0,6,94,101,1624,1167,1654,1168,101,29,1167,1559,images/archive-original/1290-1300 I/1019o.jpg
1020o.png,1,0,5,93,96,1614,1167,1654,1168,96,39,1167,1560,images/archive-original/1290-1300 I/1020o.jpg
1021o.png,1,0,12,117,280,1619,1167,1654,1168,280,34,1167,1536,images/archive-original/1290-1300 I/1021o.jpg
1022o.png,1,0,3,41,151,1606,1167,1654,1168,151,47,1167,1612,images/archive-original/1290-1300 I/1022o.jpg
1023o.png,1,0,6,77,105,1619,1058,1654,1168,105,34,1058,1576,images/archive-original/1290-1300 I/1023o.jpg
1024o.png,1,0,6,46,85,1609,1167,1654,1168,85,44,1167,1607,images/archive-original/1290-1300 I/1024o.jpg
1025o.png,1,0,6,69,378,1622,911,1654,1168,378,31,911,1584,images/archive-original/1290-1300 I/1025o.jpg
1026o.png,1,0,2,277,276,1474,861,1654,1168,276,179,861,1376,images/archive-original/1290-1300 I/1026o.jpg
1027o.png,1,0,6,75,202,1611,1167,1654,1168,202,42,1167,1578,images/archive-original/1290-1300 I/1027o.jpg
1028o.png,1,0,5,179,124,1479,938,1654,1168,124,174,938,1474,images/archive-original/1290-1300 I/1028o.jpg
1029o.png,1,0,1,70,444,1619,884,1654,1168,444,34,884,1583,images/archive-original/1290-1300 I/1029o.jpg
1030o.png,1,0,3,62,272,1616,676,1654,1168,272,37,676,1591,images/archive-original/1290-1300 I/1030o.jpg
1031o.png,1,0,4,90,51,1616,715,1654,1168,51,37,715,1563,images/archive-original/1290-1300 I/1031o.jpg
1032o.png,1,0,4,257,128,1414,767,1654,1168,128,239,767,1396,images/archive-original/1290-1300 I/1032o.jpg
1033o.png,1,0,6,180,235,1496,922,1654,1168,235,157,922,1473,images/archive-original/1290-1300 I/1033o.jpg
1034o.png,1,0,3,141,55,1616,1167,1654,1168,55,37,1167,1512,images/archive-original/1290-1300 I/1034o.jpg
1035o.png,1,0,4,80,169,1604,1167,1654,1168,169,49,1167,1573,images/archive-original/1290-1300 I/1035o.jpg
1036o.png,1,0,2,56,145,1616,1167,1654,1168,145,37,1167,1597,images/archive-original/1290-1300 I/1036o.jpg
1037o.png,1,0,3,46,75,1624,1167,1654,1168,75,29,1167,1607,images/archive-original/1290-1300 I/1037o.jpg
1038o.png,1,0,4,101,127,1616,1167,1654,1168,127,37,1167,1552,images/archive-original/1290-1300 I/1038o.jpg
1039o.png,1,0,1,54,124,1588,1167,1654,1168,124,65,1167,1599,images/archive-original/1290-1300 I/1039o.jpg
1040o.png,1,0,4,36,225,1614,936,1654,1168,225,39,936,1617,images/archive-original/1290-1300 I/1040o.jpg
1041o.png,1,0,9,141,136,991,954,1168,1654,176,699,1026,1517,images/archive-original/1290-1300 I/1041o.jpg
1042o.png,1,0,5,71,160,1619,1167,1654,1168,160,34,1167,1582,images/archive-original/1290-1300 I/1042o.jpg
1043o.png,1,0,4,85,108,1624,1159,1654,1168,108,29,1159,1568,images/archive-original/1290-1300 I/1043o.jpg
1044o.png,1,0,8,43,363,1613,635,1654,1168,363,40,635,1610,images/archive-original/1290-1300 I/1044o.jpg
1045o.png,1,0,3,138,407,1580,760,1654,1168,407,73,760,1515,images/archive-original/1290-1300 I/1045o.jpg
1046o.png,1,0,2,51,251,1622,970,1654,1168,251,31,970,1602,images/archive-original/1290-1300 I/1046o.jpg
1047o.png,1,0,1,166,222,1552,1037,1654,1168,222,101,1037,1487,images/archive-original/1290-1300 I/1047o.jpg
1048o.png,1,0,2,84,302,1627,762,1654,1168,302,26,762,1569,images/archive-original/1290-1300 I/1048o.jpg
1049o.png,1,0,2,97,355,1622,921,1654,1168,355,31,921,1556,images/archive-original/1290-1300 I/1049o.jpg
1050o.png,1,0,5,53,120,1622,1167,1654,1168,120,31,1167,1600,images/archive-original/1290-1300 I/1050o.jpg
1051o.png,1,0,2,71,366,1622,975,1654,1168,366,31,975,1582,images/archive-original/1290-1300 I/1051o.jpg
1052o.png,1,0,2,128,222,1625,1002,1654,1168,222,28,1002,1525,images/archive-original/1290-1300 I/1052o.jpg
1053o.png,1,0,4,132,258,1488,967,1654,1168,258,165,967,1521,images/archive-original/1290-1300 I/1053o.jpg
1054o.png,1,0,2,125,142,1623,1031,1654,1168,142,30,1031,1528,images/archive-original/1290-1300 I/1054o.jpg
1055o.png,1,0,2,52,65,1133,983,1168,1654,34,670,1115,1588,images/archive-original/1290-1300 I/1055o.jpg
1056o.png,1,0,3,97,238,1605,1164,1654,1168,238,48,1164,1556,images/archive-original/1290-1300 I/1056o.jpg
1057o.png,1,0,7,61,90,1121,1596,1168,1654,61,90,1121,1596,images/archive-original/1290-1300 I/1057o.jpg
1058o.png,1,0,2,119,91,1610,1076,1654,1168,91,43,1076,1534,images/archive-original/1290-1300 I/1058o.jpg
1059o.png,1,0,2,175,253,1622,781,1654,1168,253,31,781,1478,images/archive-original/1290-1300 I/1059o.jpg
1060o.png,1,0,4,90,50,1619,1167,1654,1168,50,34,1167,1563,images/archive-original/1290-1300 I/1060o.jpg
1061o.png,1,0,1,80,67,1622,1167,1654,1168,67,31,1167,1573,images/archive-original/1290-1300 I/1061o.jpg
1062o.png,1,0,6,127,116,1604,1151,1654,1168,116,49,1151,1526,images/archive-original/1290-1300 I/1062o.jpg
1063o.png,1,0,7,136,62,1606,1167,1654,1168,62,47,1167,1517,images/archive-original/1290-1300 I/1063o.jpg
1064o.png,0,0,2,111,81,1041,1147,1168,1654,111,81,1041,1147,images/archive-original/1290-1300 I/1064o.jpg
1065o.png,1,0,2,49,79,1624,1149,1654,1168,79,29,1149,1604,images/archive-original/1290-1300 I/1065o.jpg
1066o.png,1,0,3,134,90,1611,1167,1654,1168,90,42,1167,1519,images/archive-original/1290-1300 I/1066o.jpg
1067o.png,1,0,2,145,173,1518,1167,1654,1168,173,135,1167,1508,images/archive-original/1290-1300 I/1067o.jpg
1068o.png,1,0,3,48,107,1624,1063,1654,1168,107,29,1063,1605,images/archive-original/1290-1300 I/1068o.jpg
1069o.png,1,0,4,90,37,1588,1167,1654,1168,37,65,1167,1563,images/archive-original/1290-1300 I/1069o.jpg
1070o.png,1,0,4,64,303,1622,985,1654,1168,303,31,985,1589,images/archive-original/1290-1300 I/1070o.jpg
1071o.png,1,0,1,69,97,1629,1167,1654,1168,97,24,1167,1584,images/archive-original/1290-1300 I/1071o.jpg
1072o.png,1,0,3,86,155,1631,1072,1654,1168,155,22,1072,1567,images/archive-original/1290-1300 I/1072o.jpg
1073o.png,1,0,7,157,101,1588,1092,1654,1168,101,65,1092,1496,images/archive-original/1290-1300 I/1073o.jpg
1074o.png,1,0,1,82,130,1134,1653,1168,1654,82,130,1134,1653,images/archive-original/1290-1300 I/1074o.jpg
1075o.png,1,0,8,83,152,1617,1018,1654,1168,152,36,1018,1570,images/archive-original/1290-1300 I/1075o.jpg
1076o.png,1,0,4,102,133,1624,1167,1654,1168,133,29,1167,1551,images/archive-original/1290-1300 I/1076o.jpg
1077o.png,1,0,3,77,132,1632,1167,1654,1168,132,21,1167,1576,images/archive-original/1290-1300 I/1077o.jpg
1078o.png,1,0,2,103,178,1588,985,1654,1168,178,65,985,1550,images/archive-original/1290-1300 I/1078o.jpg
1079o.png,1,0,1,150,83,1624,1167,1654,1168,83,29,1167,1503,images/archive-original/1290-1300 I/1079o.jpg
1080o.png,1,0,1,119,118,1635,1167,1654,1168,118,18,1167,1534,images/archive-original/1290-1300 I/1080o.jpg
1081o.png,1,0,6,182,285,1632,1167,1654,1168,285,21,1167,1471,images/archive-original/1290-1300 I/1081o.jpg
1082o.png,1,0,4,83,283,1629,881,1654,1168,283,24,881,1570,images/archive-original/1290-1300 I/1082o.jpg
1083o.png,1,0,5,83,183,1624,962,1654,1168,183,29,962,1570,images/archive-original/1290-1300 I/1083o.jpg
1084o.png,1,0,1,49,90,1627,1149,1654,1168,90,26,1149,1604,images/archive-original/1290-1300 I/1084o.jpg
1085o.png,1,0,4,72,267,1611,788,1654,1168,267,42,788,1581,images/archive-original/1290-1300 I/1085o.jpg
1086o.png,1,0,3,106,109,1622,1105,1654,1168,106,109,1622,1105,images/archive-original/1290-1300 I/1086o.jpg
1087o.png,1,0,7,115,246,1604,568,1654,1168,115,246,1604,568,images/archive-original/1290-1300 I/1087o.jpg
1088o.png,1,0,2,113,204,1611,1167,1654,1168,113,204,1611,1167,images/archive-original/1290-1300 I/1088o.jpg
1089o.png,1,0,2,173,184,1554,902,1654,1168,173,184,1554,902,images/archive-original/1290-1300 I/1089o.jpg
1090o.png,1,0,1,303,83,1443,1118,1654,1168,303,83,1443,1118,images/archive-original/1290-1300 I/1090o.jpg
1091o.png,1,0,3,67,127,1632,1167,1654,1168,67,127,1632,1167,images/archive-original/1290-1300 I/1091o.jpg
1092o.png,1,0,10,189,101,1588,1154,1654,1168,189,101,1588,1154,images/archive-original/1290-1300 I/1092o.jpg
1093o.png,1,0,1,189,238,1559,1060,1654,1168,189,238,1559,1060,images/archive-original/1290-1300 I/1093o.jpg
1094o.png,1,0,5,254,127,1526,1167,1654,1168,254,127,1526,1167,images/archive-original/1290-1300 I/1094o.jpg
1095o.png,1,0,3,73,223,1627,1167,1654,1168,73,223,1627,1167,images/archive-original/1290-1300 I/1095o.jpg
1096o.png,1,0,1,44,106,1624,1167,1654,1168,44,106,1624,1167,images/archive-original/1290-1300 I/1096o.jpg
1097o.png,1,0,1,77,142,1627,1167,1654,1168,77,142,1627,1167,images/archive-original/1290-1300 I/1097o.jpg
1098o.png,1,0,3,77,232,1630,957,1654,1168,77,232,1630,957,images/archive-original/1290-1300 I/1098o.jpg
1099o.png,1,0,6,81,224,1629,985,1654,1168,81,224,1629,985,images/archive-original/1290-1300 I/1099o.jpg
1100o.png,1,0,1,155,224,1505,819,1654,1168,155,224,1505,819,images/archive-original/1290-1300 I/1100o.jpg
1101o.png,1,0,3,82,279,1609,794,1654,1168,82,279,1609,794,images/archive-original/1290-1300 I/1101o.jpg
1102o.png,1,0,3,232,159,2008,1278,2024,1436,232,159,2008,1278,images/archive-original/1290-1300 I/1102o.jpg
1103o.png,1,0,3,255,437,1910,1273,2024,1436,255,437,1910,1273,images/archive-original/1290-1300 I/1103o.jpg
1104o.png,1,0,3,242,207,2004,1319,2024,1436,242,207,2004,1319,images/archive-original/1290-1300 I/1104o.jpg
1105o.png,1,0,1,181,35,2011,1400,2024,1436,181,35,2011,1400,images/archive-original/1290-1300 I/1105o.jpg
1106o.png,1,0,2,294,213,2001,1275,2024,1436,294,213,2001,1275,images/archive-original/1290-1300 I/1106o.jpg
1107o.png,1,0,6,673,6,1704,1004,2024,1436,673,6,1704,1004,images/archive-original/1290-1300 I/1107o.jpg
1108o.png,1,0,4,175,255,2014,1368,2024,1436,175,255,2014,1368,images/archive-original/1290-1300 I/1108o.jpg
1109o.png,1,0,1,204,130,2004,1406,2024,1436,204,130,2004,1406,images/archive-original/1290-1300 I/1109o.jpg
1110o.png,1,0,1,357,82,1762,1358,2024,1436,357,82,1762,1358,images/archive-original/1290-1300 I/1110o.jpg
1111o.png,1,0,5,303,239,1876,1409,2024,1436,303,239,1876,1409,images/archive-original/1290-1300 I/1111o.jpg
1112o.png,1,0,1,501,133,1720,1340,2024,1436,501,133,1720,1340,images/archive-original/1290-1300 I/1112o.jpg
1113o.png,1,0,1,191,76,1961,1412,2024,1436,191,76,1961,1412,images/archive-original/1290-1300 I/1113o.jpg
1114o.png,1,0,1,204,229,2011,1412,2024,1436,204,229,2011,1412,images/archive-original/1290-1300 I/1114o.jpg
1115o.png,1,0,3,175,25,2008,1387,2024,1436,175,25,2008,1387,images/archive-original/1290-1300 I/1115o.jpg
1116o.png,1,0,10,273,266,1969,1036,2024,1436,273,266,1969,1036,images/archive-original/1290-1300 I/1116o.jpg
1117o.png,1,0,2,338,111,1909,1412,2024,1436,338,111,1909,1412,images/archive-original/1290-1300 I/1117o.jpg
1118o.png,1,0,1,256,444,2005,977,2024,1436,256,444,2005,977,images/archive-original/1290-1300 I/1118o.jpg
1119o.png,1,0,4,162,539,2011,1071,2024,1436,162,539,2011,1071,images/archive-original/1290-1300 I/1119o.jpg
1120o.png,1,0,4,495,237,1804,1067,2024,1436,495,237,1804,1067,images/archive-original/1290-1300 I/1120o.jpg
1121o.png,1,0,3,545,19,1672,1348,2024,1436,545,19,1672,1348,images/archive-original/1290-1300 I/1121o.jpg
1122o.png,1,0,3,508,179,1790,1101,2024,1436,508,179,1790,1101,images/archive-original/1290-1300 I/1122o.jpg
1123o.png,1,0,5,281,334,1919,1011,2024,1436,281,334,1919,1011,images/archive-original/1290-1300 I/1123o.jpg
1124o.png,1,0,2,540,275,1853,1018,2024,1436,540,275,1853,1018,images/archive-original/1290-1300 I/1124o.jpg
1125o.png,1,0,2,279,322,1933,1044,2024,1436,279,322,1933,1044,images/archive-original/1290-1300 I/1125o.jpg
1126o.png,1,0,1,234,237,1919,1120,2024,1436,234,237,1919,1120,images/archive-original/1290-1300 I/1126o.jpg
1127o.png,1,0,8,310,448,1847,809,2024,1436,310,448,1847,809,images/archive-original/1290-1300 I/1127o.jpg
1128o.png,1,0,1,254,78,2008,1403,2024,1436,254,78,2008,1403,images/archive-original/1290-1300 I/1128o.jpg
1129o.png,1,0,7,261,89,2008,1409,2024,1436,261,89,2008,1409,images/archive-original/1290-1300 I/1129o.jpg
1130o.png,1,0,5,378,630,1790,1037,2024,1436,378,630,1790,1037,images/archive-original/1290-1300 I/1130o.jpg
1131o.png,1,0,2,295,312,1935,786,2024,1436,295,312,1935,786,images/archive-original/1290-1300 I/1131o.jpg
1132o.png,1,0,1,225,100,1995,966,2024,1436,225,100,1995,966,images/archive-original/1290-1300 I/1132o.jpg
1133o.png,1,0,8,271,331,2008,1058,2024,1436,271,331,2008,1058,images/archive-original/1290-1300 I/1133o.jpg
1134o.png,1,0,7,260,573,2006,1139,2024,1436,260,573,2006,1139,images/archive-original/1290-1300 I/1134o.jpg
1135o.png,1,0,8,239,309,2004,1317,2024,1436,239,309,2004,1317,images/archive-original/1290-1300 I/1135o.jpg
1136o.png,1,0,4,229,248,2004,1435,2024,1436,229,248,2004,1435,images/archive-original/1290-1300 I/1136o.jpg
1137o.png,1,0,5,213,261,2011,1435,2024,1436,213,261,2011,1435,images/archive-original/1290-1300 I/1137o.jpg
1138o.png,1,0,3,277,258,2011,1249,2024,1436,277,258,2011,1249,images/archive-original/1290-1300 I/1138o.jpg
1139o.png,1,0,5,229,208,2023,1342,2024,1436,229,208,2023,1342,images/archive-original/1290-1300 I/1139o.jpg
1140o.png,1,0,2,226,274,2014,1435,2024,1436,226,274,2014,1435,images/archive-original/1290-1300 I/1140o.jpg
1141o.png,1,0,2,245,143,2004,1419,2024,1436,245,143,2004,1419,images/archive-original/1290-1300 I/1141o.jpg
1142o.png,1,0,1,287,194,2008,1326,2024,1436,287,194,2008,1326,images/archive-original/1290-1300 I/1142o.jpg
1143o.png,1,0,2,203,233,1996,1349,2024,1436,203,233,1996,1349,images/archive-original/1290-1300 I/1143o.jpg
1144o.png,0,0,3,153,204,2001,1416,2024,1436,153,204,2001,1416,images/archive-original/1290-1300 I/1144o.jpg
1145o.png,1,0,1,236,226,2014,1422,2024,1436,236,226,2014,1422,images/archive-original/1290-1300 I/1145o.jpg
1146o.png,1,0,3,251,251,2009,1251,2024,1436,251,14,1251,1772,images/archive-original/1290-1300 I/1146o.jpg
1147o.png,1,0,4,445,338,1756,1409,2024,1436,445,338,1756,1409,images/archive-original/1290-1300 I/1147o.jpg
1148o.png,1,0,5,294,313,1938,1270,2024,1436,313,85,1270,1729,images/archive-original/1290-1300 I/1148o.jpg
1149o.png,1,0,2,399,326,1930,842,2024,1436,326,93,842,1624,images/archive-original/1290-1300 I/1149o.jpg
1150o.png,1,0,1,581,358,1580,809,2024,1436,581,358,1580,809,images/archive-original/1290-1300 I/1150o.jpg
1151o.png,1,0,2,264,220,2008,1412,2024,1436,264,220,2008,1412,images/archive-original/1290-1300 I/1151o.jpg
1152o.png,1,0,2,329,252,1883,1435,2024,1436,329,252,1883,1435,images/archive-original/1290-1300 I/1152o.jpg
1153o.png,1,0,6,502,388,1699,1115,2024,1436,502,388,1699,1115,images/archive-original/1290-1300 I/1153o.jpg
1154o.png,1,0,4,341,220,1950,1307,2024,1436,341,220,1950,1307,images/archive-original/1290-1300 I/1154o.jpg
1155o.png,1,0,2,325,111,1778,1307,2024,1436,325,111,1778,1307,images/archive-original/1290-1300 I/1155o.jpg
1156o.png,1,0,1,272,159,2011,1313,2024,1436,272,159,2011,1313,images/archive-original/1290-1300 I/1156o.jpg
1157o.png,1,0,1,485,599,1826,1230,2024,1436,485,599,1826,1230,images/archive-original/1290-1300 I/1157o.jpg
1158o.png,1,0,1,216,220,1985,1409,2024,1436,216,220,1985,1409,images/archive-original/1290-1300 I/1158o.jpg
1159o.png,1,0,3,282,393,1933,706,2024,1436,282,393,1933,706,images/archive-original/1290-1300 I/1159o.jpg
1160o.png,1,0,1,242,319,1995,1211,2024,1436,242,319,1995,1211,images/archive-original/1290-1300 I/1160o.jpg
1161o.png,1,0,9,221,640,2004,1249,2024,1436,221,640,2004,1249,images/archive-original/1290-1300 I/1161o.jpg
1162o.png,1,0,3,216,242,2011,1435,2024,1436,216,242,2011,1435,images/archive-original/1290-1300 I/1162o.jpg
1163o.png,1,0,1,213,268,2011,1435,2024,1436,213,268,2011,1435,images/archive-original/1290-1300 I/1163o.jpg
1164o.png,1,0,2,204,248,2008,1435,2024,1436,204,248,2008,1435,images/archive-original/1290-1300 I/1164o.jpg
1165o.png,1,0,2,222,216,2014,1435,2024,1436,222,216,2014,1435,images/archive-original/1290-1300 I/1165o.jpg
1166o.png,1,0,1,216,232,2011,1253,2024,1436,216,232,2011,1253,images/archive-original/1290-1300 I/1166o.jpg
1167o.png,1,0,3,370,737,1911,1296,2024,1436,370,737,1911,1296,images/archive-original/1290-1300 I/1167o.jpg
1168o.png,1,0,2,223,462,1916,1258,2024,1436,223,462,1916,1258,images/archive-original/1290-1300 I/1168o.jpg
1169o.png,1,0,8,236,232,1937,829,2024,1436,236,232,1937,829,images/archive-original/1290-1300 I/1169o.jpg
1170o.png,1,0,1,304,398,2014,1412,2024,1436,304,398,2014,1412,images/archive-original/1290-1300 I/1170o.jpg
1171o.png,1,0,2,266,289,2008,1435,2024,1436,266,289,2008,1435,images/archive-original/1290-1300 I/1171o.jpg
1172o.png,1,0,8,329,528,2006,1267,2024,1436,329,528,2006,1267,images/archive-original/1290-1300 I/1172o.jpg
1173o.png,1,0,5,614,220,1660,1416,2024,1436,614,220,1660,1416,images/archive-original/1290-1300 I/1173o.jpg
1174o.png,1,0,2,166,218,1375,1490,1656,2339,166,218,1375,1490,images/archive-original/1290-1300 I/1174o.jpg
1175o.png,1,0,8,386,246,2058,1360,2339,1656,386,246,2058,1360,images/archive-original/1290-1300 I/1175o.jpg
1176o.png,1,0,1,264,69,2143,1592,2339,1656,264,69,2143,1592,images/archive-original/1290-1300 I/1176o.jpg
1177o.png,0,0,2,224,51,2151,1320,2339,1656,224,51,2151,1320,images/archive-original/1290-1300 I/1177o.jpg
1178o.png,1,0,1,41,83,1583,2280,1656,2339,41,83,1583,2280,images/archive-original/1290-1300 I/1178o.jpg
1179o.png,1,0,1,124,98,1600,2166,1656,2339,124,98,1600,2166,images/archive-original/1290-1300 I/1179o.jpg
1180o.png,1,0,1,139,73,2180,1290,2339,1656,139,73,2180,1290,images/archive-original/1290-1300 I/1180o.jpg
1181o.png,1,0,2,128,103,2224,1599,2339,1656,128,103,2224,1599,images/archive-original/1290-1300 I/1181o.jpg
1182o.png,1,0,1,124,218,1593,2036,1656,2339,124,218,1593,2036,images/archive-original/1290-1300 I/1182o.jpg
1183o.png,1,0,4,154,217,2324,1397,2339,1656,154,217,2324,1397,images/archive-original/1290-1300 I/1183o.jpg
1184o.png,1,0,7,33,220,2012,1452,2339,1656,33,220,2012,1452,images/archive-original/1290-1300 I/1184o.jpg
1185o.png,1,0,12,86,233,2290,934,2339,1656,86,233,2290,934,images/archive-original/1290-1300 I/1185o.jpg
1186o.png,1,0,6,176,172,2250,1283,2339,1656,176,172,2250,1283,images/archive-original/1290-1300 I/1186o.jpg
1187o.png,1,0,8,323,354,2147,1242,2339,1656,323,354,2147,1242,images/archive-original/1290-1300 I/1187o.jpg
1188o.png,1,0,34,224,475,2160,1126,2339,1656,224,475,2160,1126,images/archive-original/1290-1300 I/1188o.jpg
1189o.png,1,0,4,153,181,2235,1265,2339,1656,181,103,1265,2185,images/archive-original/1290-1300 I/1189o.jpg
1190o.png,1,0,23,33,33,2309,1633,2339,1656,33,33,2309,1633,images/archive-original/1290-1300 I/1190o.jpg
1191o.png,1,0,65,99,550,2217,1057,2339,1656,99,550,2217,1057,images/archive-original/1290-1300 I/1191o.jpg
1192o.png,1,0,55,280,574,2225,1043,2339,1656,280,574,2225,1043,images/archive-original/1290-1300 I/1192o.jpg
1193o.png,1,0,10,213,596,2235,1011,2339,1656,213,596,2235,1011,images/archive-original/1290-1300 I/1193o.jpg
1194o.png,1,0,2,352,215,2157,1353,2339,1656,352,215,2157,1353,images/archive-original/1290-1300 I/1194o.jpg
1195o.png,1,0,19,701,176,1988,635,2339,1656,701,176,1988,635,images/archive-original/1290-1300 I/1195o.jpg
1196o.png,1,0,1,166,114,1354,1391,1656,2339,166,114,1354,1391,images/archive-original/1290-1300 I/1196o.jpg
1197o.png,1,0,2,171,192,1354,1459,1656,2339,171,192,1354,1459,images/archive-original/1290-1300 I/1197o.jpg
1198o.png,1,0,2,92,399,1598,1843,1656,2339,92,399,1598,1843,images/archive-original/1290-1300 I/1198o.jpg
1199o.png,1,0,2,204,213,1488,2207,1656,2339,204,213,1488,2207,images/archive-original/1290-1300 I/1199o.jpg
1200o.png,1,0,2,360,191,1838,1425,2024,1436,360,191,1838,1425,images/archive-original/1290-1300 II/1200o.jpg
1201o.png,1,0,2,165,117,1992,1412,2024,1436,165,117,1992,1412,images/archive-original/1290-1300 II/1201o.jpg
1202o.png,1,0,1,287,130,1934,1409,2024,1436,130,89,1409,1736,images/archive-original/1290-1300 II/1202o.jpg
1203o.png,1,0,4,239,299,1988,1400,2024,1436,239,299,1988,1400,images/archive-original/1290-1300 II/1203o.jpg
1204o.png,1,0,1,485,880,1822,1435,2024,1436,485,880,1822,1435,images/archive-original/1290-1300 II/1204o.jpg
1205o.png,1,0,2,35,85,791,1864,1436,2024,35,85,791,1864,images/archive-original/1290-1300 II/1205o.jpg
1206o.png,1,0,2,314,238,2014,1406,2024,1436,314,238,2014,1406,images/archive-original/1290-1300 II/1206o.jpg
1207o.png,1,0,1,192,157,1992,1435,2024,1436,192,157,1992,1435,images/archive-original/1290-1300 II/1207o.jpg
1208o.png,1,0,2,248,188,1995,1141,2024,1436,248,188,1995,1141,images/archive-original/1290-1300 II/1208o.jpg
1209o.png,1,0,2,158,55,2247,1591,2339,1656,158,55,2247,1591,images/archive-original/1290-1300 II/1209o.jpg
1210o.png,1,0,1,309,55,2173,1548,2339,1656,309,55,2173,1548,images/archive-original/1290-1300 II/1210o.jpg
1211o.png,1,0,7,301,99,1945,1161,2339,1656,301,99,1945,1161,images/archive-original/1290-1300 II/1211o.jpg
1212o.png,1,0,2,485,544,1996,1231,2339,1656,485,544,1996,1231,images/archive-original/1290-1300 II/1212o.jpg
1213o.png,1,0,3,430,283,1908,1121,2339,1656,430,283,1908,1121,images/archive-original/1290-1300 II/1213o.jpg
1214o.png,1,0,5,276,408,2062,1022,2339,1656,276,408,2062,1022,images/archive-original/1290-1300 II/1214o.jpg
1215o.png,1,0,14,253,161,2115,685,2339,1656,253,161,2115,685,images/archive-original/1290-1300 II/1215o.jpg
1216o.png,1,0,4,250,279,2154,1305,2339,1656,250,279,2154,1305,images/archive-original/1290-1300 II/1216o.jpg
1217o.png,1,0,1,272,459,2132,1301,2339,1656,272,459,2132,1301,images/archive-original/1290-1300 II/1217o.jpg
1218o.png,1,0,1,72,62,1624,2285,1656,2339,72,62,1624,2285,images/archive-original/1290-1300 II/1218o.jpg
1219o.png,0,0,1,36,72,1630,2280,1656,2339,36,72,1630,2280,images/archive-original/1290-1300 II/1219o.jpg
1220o.png,0,0,3,155,145,1624,2301,1656,2339,155,145,1624,2301,images/archive-original/1290-1300 II/1220o.jpg
1221o.png,0,0,1,20,41,1604,2088,1656,2339,20,41,1604,2088,images/archive-original/1290-1300 II/1221o.jpg
1222o.png,0,0,3,140,41,1624,2083,1656,2339,140,41,1624,2083,images/archive-original/1290-1300 II/1222o.jpg
1223o.png,0,0,2,36,145,1572,2322,1656,2339,36,145,1572,2322,images/archive-original/1290-1300 II/1223o.jpg
1224o.png,1,0,3,388,419,1820,1132,2339,1656,388,419,1820,1132,images/archive-original/1290-1300 II/1224o.jpg
1225o.png,1,0,7,393,110,1713,922,2339,1656,393,110,1713,922,images/archive-original/1290-1300 II/1225o.jpg
1226o.png,1,0,1,555,264,2029,782,2339,1656,555,264,2029,782,images/archive-original/1290-1300 II/1226o.jpg
1227o.png,1,0,1,331,323,2081,1022,2339,1656,331,323,2081,1022,images/archive-original/1290-1300 II/1227o.jpg
1228o.png,1,0,1,161,51,2195,1334,2339,1656,161,51,2195,1334,images/archive-original/1290-1300 II/1228o.jpg
1229o.png,1,0,2,191,264,2191,1633,2339,1656,191,264,2191,1633,images/archive-original/1290-1300 II/1229o.jpg
1230o.png,1,0,19,254,114,2055,1313,2339,1656,254,114,2055,1313,images/archive-original/1290-1300 II/1230o.jpg
1231o.png,1,0,1,165,393,2077,1220,2339,1656,165,393,2077,1220,images/archive-original/1290-1300 II/1231o.jpg
1232o.png,1,0,6,296,165,1963,942,2339,1656,296,165,1963,942,images/archive-original/1290-1300 II/1232o.jpg
1233o.png,1,0,3,268,58,2026,992,2339,1656,268,58,2026,992,images/archive-original/1290-1300 II/1233o.jpg
1234o.png,1,0,5,317,253,2070,1338,2339,1656,317,253,2070,1338,images/archive-original/1290-1300 II/1234o.jpg
1235o.png,1,0,2,349,559,1963,992,2339,1656,349,559,1963,992,images/archive-original/1290-1300 II/1235o.jpg
1236o.png,1,0,1,272,227,2026,1401,2339,1656,272,227,2026,1401,images/archive-original/1290-1300 II/1236o.jpg
1237o.png,1,0,3,231,58,2162,1522,2339,1656,231,58,2162,1522,images/archive-original/1290-1300 II/1237o.jpg
1238o.png,1,0,13,110,596,1882,1261,2339,1656,110,596,1882,1261,images/archive-original/1290-1300 II/1238o.jpg
1239o.png,1,0,6,530,184,2062,878,2339,1656,530,184,2062,878,images/archive-original/1290-1300 II/1239o.jpg
1240o.png,1,0,8,467,172,1720,989,2339,1656,467,172,1720,989,images/archive-original/1290-1300 II/1240o.jpg
1241o.png,1,0,1,62,231,2243,1331,2339,1656,62,231,2243,1331,images/archive-original/1290-1300 II/1241o.jpg
1242o.png,1,0,9,209,176,2026,1117,2339,1656,209,176,2026,1117,images/archive-original/1290-1300 II/1242o.jpg
1243o.png,1,0,3,292,142,2007,1401,2339,1656,292,142,2007,1401,images/archive-original/1290-1300 II/1243o.jpg
1244o.png,1,0,11,425,153,1937,583,2339,1656,425,153,1937,583,images/archive-original/1290-1300 II/1244o.jpg
1245o.png,1,0,12,525,296,1952,1427,2339,1656,525,296,1952,1427,images/archive-original/1290-1300 II/1245o.jpg
1246o.png,1,0,7,530,114,1773,1030,2339,1656,530,114,1773,1030,images/archive-original/1290-1300 II/1246o.jpg
1247o.png,1,0,41,456,206,1978,713,2339,1656,456,206,1978,713,images/archive-original/1290-1300 II/1247o.jpg
1248o.png,1,0,3,187,298,2276,1316,2339,1656,187,298,2276,1316,images/archive-original/1290-1300 II/1248o.jpg
1249o.png,1,0,1,33,47,2246,1607,2339,1656,33,47,2246,1607,images/archive-original/1290-1300 II/1249o.jpg
1250o.png,1,0,2,66,55,2316,1607,2339,1656,66,55,2316,1607,images/archive-original/1290-1300 II/1250o.jpg
1251o.png,1,0,8,614,471,1878,952,2339,1656,614,471,1878,952,images/archive-original/1290-1300 II/1251o.jpg
1252o.png,1,0,12,525,228,1779,692,2339,1656,525,228,1779,692,images/archive-original/1290-1300 II/1252o.jpg
1253o.png,1,0,3,452,511,1941,885,2339,1656,452,511,1941,885,images/archive-original/1290-1300 II/1253o.jpg
1254o.png,1,0,1,110,264,2280,1206,2339,1656,110,264,2280,1206,images/archive-original/1290-1300 II/1254o.jpg
1255o.png,1,0,32,427,261,2085,619,2339,1656,427,261,2085,619,images/archive-original/1290-1300 II/1255o.jpg
1256o.png,1,0,3,306,213,2079,762,2339,1656,306,213,2079,762,images/archive-original/1290-1300 II/1256o.jpg
1257o.png,1,0,3,146,115,2268,885,2339,1656,146,115,2268,885,images/archive-original/1290-1300 II/1257o.jpg
1258o.png,1,0,3,44,128,2254,1095,2339,1656,44,128,2254,1095,images/archive-original/1290-1300 II/1258o.jpg
1259o.png,1,0,2,368,368,2088,1055,2339,1656,368,368,2088,1055,images/archive-original/1290-1300 II/1259o.jpg
1260o.png,0,0,4,368,309,2077,996,2339,1656,368,309,2077,996,images/archive-original/1290-1300 II/1260o.jpg
1261o.png,1,0,4,486,33,2305,1508,2339,1656,486,33,2305,1508,images/archive-original/1290-1300 II/1261o.jpg
1262o.png,0,0,7,204,51,1355,771,2339,1656,204,51,1355,771,images/archive-original/1290-1300 II/1262o.jpg
1263o.png,0,0,3,36,69,2291,1644,2339,1656,36,69,2291,1644,images/archive-original/1290-1300 II/1263o.jpg
1264o.png,0,0,8,55,73,2316,1655,2339,1656,55,73,2316,1655,images/archive-original/1290-1300 II/1264o.jpg
1265o.png,0,0,4,36,69,2298,1636,2339,1656,36,69,2298,1636,images/archive-original/1290-1300 II/1265o.jpg
1266o.png,0,0,6,62,62,2313,1610,2339,1656,62,62,2313,1610,images/archive-original/1290-1300 II/1266o.jpg
1267o.png,0,0,6,44,66,2232,1636,2339,1656,44,66,2232,1636,images/archive-original/1290-1300 II/1267o.jpg
1268o.png,0,0,5,121,80,2309,1655,2339,1656,121,80,2309,1655,images/archive-original/1290-1300 II/1268o.jpg
1269o.png,1,0,1,217,264,2169,1331,2339,1656,217,264,2169,1331,images/archive-original/1290-1300 II/1269o.jpg
1270o.png,1,0,4,555,276,1702,790,2339,1656,555,276,1702,790,images/archive-original/1290-1300 II/1270o.jpg
1271o.png,1,0,13,360,106,1786,959,2339,1656,360,106,1786,959,images/archive-original/1290-1300 II/1271o.jpg
1272o.png,1,0,13,132,130,2315,1444,2339,1656,132,130,2315,1444,images/archive-original/1290-1300 II/1272o.jpg
1273o.png,1,0,1,390,51,1970,1596,2339,1656,390,51,1970,1596,images/archive-original/1290-1300 II/1273o.jpg
1274o.png,1,0,4,500,253,2022,849,2339,1656,500,253,2022,849,images/archive-original/1290-1300 II/1274o.jpg
1275o.png,1,0,8,563,250,1661,672,2339,1656,563,250,1661,672,images/archive-original/1290-1300 II/1275o.jpg
1276o.png,1,0,3,496,191,1808,1136,2339,1656,496,191,1808,1136,images/archive-original/1290-1300 II/1276o.jpg
1277o.png,1,0,55,33,58,1974,1633,2339,1656,33,58,1974,1633,images/archive-original/1290-1300 II/1277o.jpg
1278o.png,1,0,2,122,231,1487,1881,1656,2339,122,231,1487,1881,images/archive-original/1290-1300 II/1278o.jpg
1279o.png,1,0,9,382,647,1923,1047,2339,1656,382,647,1923,1047,images/archive-original/1290-1300 II/1279o.jpg
1280o.png,1,0,6,386,533,1944,1103,2339,1656,386,533,1944,1103,images/archive-original/1290-1300 II/1280o.jpg
1281o.png,1,0,2,429,118,1832,626,2339,1656,429,118,1832,626,images/archive-original/1290-1300 II/1281o.jpg
1282o.png,1,0,27,457,501,1918,880,2339,1656,457,501,1918,880,images/archive-original/1290-1300 II/1282o.jpg
1283o.png,1,0,7,622,669,2047,998,2339,1656,622,669,2047,998,images/archive-original/1290-1300 II/1283o.jpg
1284o.png,1,0,1,307,217,2202,1430,2339,1656,307,217,2202,1430,images/archive-original/1290-1300 II/1284o.jpg
1285o.png,1,0,3,195,264,2048,624,2339,1656,195,264,2048,624,images/archive-original/1290-1300 II/1285o.jpg
1286o.png,1,0,10,437,309,1923,1011,2339,1656,437,309,1923,1011,images/archive-original/1290-1300 II/1286o.jpg
1287o.png,1,0,1,123,334,2228,1511,2339,1656,123,334,2228,1511,images/archive-original/1290-1300 II/1287o.jpg
1288o.png,1,0,5,74,184,2237,1053,2339,1656,74,184,2237,1053,images/archive-original/1290-1300 II/1288o.jpg
1289o.png,1,0,7,279,607,1882,1040,2339,1656,279,607,1882,1040,images/archive-original/1290-1300 II/1289o.jpg
1290o.png,1,0,18,386,213,1980,969,2339,1656,386,213,1980,969,images/archive-original/1290-1300 II/1290o.jpg
1291o.png,1,0,9,121,695,2121,1088,2339,1656,121,695,2121,1088,images/archive-original/1290-1300 II/1291o.jpg
1292o.png,1,0,8,298,625,1921,1130,2339,1656,298,625,1921,1130,images/archive-original/1290-1300 II/1292o.jpg
1293o.png,1,0,2,150,217,2188,1092,2339,1656,150,217,2188,1092,images/archive-original/1290-1300 II/1293o.jpg
1294o.png,1,0,3,100,123,2212,1503,2339,1656,100,123,2212,1503,images/archive-original/1290-1300 II/1294o.jpg
1295o.png,1,0,8,275,182,2071,977,2339,1656,275,182,2071,977,images/archive-original/1290-1300 II/1295o.jpg
1296o.png,1,0,4,426,393,2037,742,2339,1656,426,393,2037,742,images/archive-original/1290-1300 II/1296o.jpg
1297o.png,1,0,1,290,114,2022,1437,2339,1656,290,114,2022,1437,images/archive-original/1290-1300 II/1297o.jpg
1298o.png,1,0,1,460,434,1956,1154,2339,1656,460,434,1956,1154,images/archive-original/1290-1300 II/1298o.jpg
1299o.png,1,0,4,279,544,2092,1128,2339,1656,279,544,2092,1128,images/archive-original/1290-1300 II/1299o.jpg
1300o.png,1,0,10,397,434,1856,1224,2339,1656,397,434,1856,1224,images/archive-original/1290-1300 II/1300o.jpg
1301o.png,1,0,5,445,349,2026,919,2339,1656,445,349,2026,919,images/archive-original/1290-1300 II/1301o.jpg
1302o.png,1,0,5,305,504,1930,1228,2339,1656,305,504,1930,1228,images/archive-original/1290-1300 II/1302o.jpg
1303o.png,1,0,5,463,540,1771,1067,2339,1656,463,540,1771,1067,images/archive-original/1290-1300 II/1303o.jpg
1304o.png,1,0,4,312,309,1882,1176,2339,1656,312,309,1882,1176,images/archive-original/1290-1300 II/1304o.jpg
1305o.png,1,0,6,452,577,1849,1173,2339,1656,452,577,1849,1173,images/archive-original/1290-1300 II/1305o.jpg
1306o.png,1,0,10,466,354,1904,1161,2339,1656,466,354,1904,1161,images/archive-original/1290-1300 II/1306o.jpg
1307o.png,1,0,3,412,312,1956,1014,2339,1656,412,312,1956,1014,images/archive-original/1290-1300 II/1307o.jpg
1308o.png,1,0,3,202,314,2070,819,2339,1656,202,314,2070,819,images/archive-original/1290-1300 II/1308o.jpg
1309o.png,1,0,12,489,327,1967,1169,2339,1656,489,327,1967,1169,images/archive-original/1290-1300 II/1309o.jpg
1310o.png,1,0,16,299,307,1985,1139,2339,1656,299,307,1985,1139,images/archive-original/1290-1300 II/1310o.jpg
1311o.png,1,0,10,36,301,2172,1379,2339,1656,36,301,2172,1379,images/archive-original/1290-1300 II/1311o.jpg
1312o.png,1,0,4,115,253,2324,1320,2339,1656,115,253,2324,1320,images/archive-original/1290-1300 II/1312o.jpg
1313o.png,1,0,10,36,143,2134,1446,2339,1656,36,143,2134,1446,images/archive-original/1290-1300 II/1313o.jpg
1314o.png,1,0,3,321,195,2027,1164,2339,1656,321,195,2027,1164,images/archive-original/1290-1300 III/1314o.jpg
1315o.png,1,0,4,189,253,2169,1323,2339,1656,189,253,2169,1323,images/archive-original/1290-1300 III/1315o.jpg
1316o.png,1,0,4,55,375,2246,1283,2339,1656,55,375,2246,1283,images/archive-original/1290-1300 III/1316o.jpg
1317o.png,1,0,16,236,347,2114,1397,2339,1656,236,347,2114,1397,images/archive-original/1290-1300 III/1317o.jpg
1318o.png,1,0,1,144,206,2221,1324,2339,1656,144,206,2221,1324,images/archive-original/1290-1300 III/1318o.jpg
1319o.png,1,0,12,213,285,2065,761,2339,1656,213,285,2065,761,images/archive-original/1290-1300 III/1319o.jpg
1320o.png,1,0,5,218,269,2199,1334,2339,1656,218,269,2199,1334,images/archive-original/1290-1300 III/1320o.jpg
1321o.png,1,0,8,144,301,2191,1283,2339,1656,144,301,2191,1283,images/archive-original/1290-1300 III/1321o.jpg
1322o.png,1,0,5,489,290,2107,1309,2339,1656,489,290,2107,1309,images/archive-original/1290-1300 III/1322o.jpg
1323o.png,1,0,6,152,189,2209,1196,2339,1656,152,189,2209,1196,images/archive-original/1290-1300 III/1323o.jpg
1324o.png,1,0,2,298,198,1886,1423,2339,1656,298,198,1886,1423,images/archive-original/1290-1300 III/1324o.jpg
1325o.png,1,0,2,224,559,2136,1257,2339,1656,224,559,2136,1257,images/archive-original/1290-1300 III/1325o.jpg
1326o.png,1,0,1,125,195,2232,1379,2339,1656,125,195,2232,1379,images/archive-original/1290-1300 III/1326o.jpg
1327o.png,1,0,7,150,467,2199,1220,2339,1656,150,467,2199,1220,images/archive-original/1290-1300 III/1327o.jpg
1328o.png,1,0,1,31,135,1536,2166,1656,2339,31,135,1536,2166,images/archive-original/1290-1300 III/1328o.jpg
1329o.png,1,0,7,482,57,1406,635,1654,1168,482,57,1406,635,images/archive-original/1290-1300 III/1329o.jpg
1330o.png,1,0,3,490,244,1953,1131,2339,1656,490,244,1953,1131,images/archive-original/1290-1300 III/1330o.jpg
1331o.png,1,0,7,549,221,1949,1378,2339,1656,549,221,1949,1378,images/archive-original/1290-1300 III/1331o.jpg
1332o.png,1,0,1,99,206,2250,1493,2339,1656,99,206,2250,1493,images/archive-original/1290-1300 III/1332o.jpg
1333o.png,1,0,10,180,309,2172,1378,2339,1656,180,309,2172,1378,images/archive-original/1290-1300 III/1333o.jpg
1334o.png,1,0,4,204,205,2213,1504,2339,1656,204,205,2213,1504,images/archive-original/1290-1300 III/1334o.jpg
1335o.png,0,0,4,137,372,2207,1245,2339,1656,137,372,2207,1245,images/archive-original/1290-1300 III/1335o.jpg
1336o.png,1,0,6,212,303,2184,706,2339,1656,212,303,2184,706,images/archive-original/1290-1300 III/1336o.jpg
1337o.png,1,0,2,257,349,2147,1360,2339,1656,257,349,2147,1360,images/archive-original/1290-1300 III/1337o.jpg
1338o.png,1,0,1,165,298,2232,1338,2339,1656,165,298,2232,1338,images/archive-original/1290-1300 III/1338o.jpg
1339o.png,1,0,3,158,202,2202,1390,2339,1656,158,202,2202,1390,images/archive-original/1290-1300 III/1339o.jpg
1340o.png,1,0,6,597,1022,1715,1505,2339,1656,597,1022,1715,1505,images/archive-original/1290-1300 III/1340o.jpg
1341o.png,1,0,7,305,286,1960,588,2339,1656,305,286,1960,588,images/archive-original/1290-1300 III/1341o.jpg
1342o.png,1,0,60,413,347,2085,910,2339,1656,413,347,2085,910,images/archive-original/1290-1300 III/1342o.jpg
1343o.png,1,0,11,111,219,2247,1221,2339,1656,111,219,2247,1221,images/archive-original/1290-1300 III/1343o.jpg
1344o.png,1,0,4,511,202,1919,1434,2339,1656,511,202,1919,1434,images/archive-original/1290-1300 III/1344o.jpg
1345o.png,1,0,5,389,141,1363,2186,1656,2339,389,141,1363,2186,images/archive-original/1290-1300 III/1345o.jpg
1346o.png,1,0,2,176,533,2243,1456,2339,1656,176,533,2243,1456,images/archive-original/1290-1300 III/1346o.jpg
1347o.png,1,0,6,180,610,2162,1334,2339,1656,180,610,2162,1334,images/archive-original/1290-1300 III/1347o.jpg
1348o.png,1,0,6,536,588,1867,1361,2339,1656,536,588,1867,1361,images/archive-original/1290-1300 III/1348o.jpg
1349o.png,1,0,1,364,345,1978,1150,2339,1656,364,345,1978,1150,images/archive-original/1290-1300 III/1349o.jpg
1350o.png,1,0,5,496,781,2036,1500,2339,1656,496,781,2036,1500,images/archive-original/1290-1300 III/1350o.jpg
1351o.png,1,0,3,397,574,1948,1493,2339,1656,397,574,1948,1493,images/archive-original/1290-1300 III/1351o.jpg
1352o.png,1,0,3,369,816,2038,1514,2339,1656,369,816,2038,1514,images/archive-original/1290-1300 III/1352o.jpg
1353o.png,1,0,1,545,749,1974,1518,2339,1656,545,749,1974,1518,images/archive-original/1290-1300 III/1353o.jpg
1354o.png,1,0,2,539,323,1951,1587,2339,1656,539,323,1951,1587,images/archive-original/1290-1300 III/1354o.jpg
1355o.png,1,0,8,587,407,1925,1070,2339,1656,587,407,1925,1070,images/archive-original/1290-1300 III/1355o.jpg
1356o.png,1,0,11,575,545,1827,1348,2339,1656,575,545,1827,1348,images/archive-original/1290-1300 III/1356o.jpg
1357o.png,1,0,1,509,433,2031,1405,2339,1656,509,433,2031,1405,images/archive-original/1290-1300 III/1357o.jpg
1358o.png,1,0,4,127,728,2268,1435,2339,1656,127,728,2268,1435,images/archive-original/1290-1300 III/1358o.jpg
1359o.png,1,0,4,479,570,1949,1582,2339,1656,479,570,1949,1582,images/archive-original/1290-1300 III/1359o.jpg
1360o.png,1,0,1,361,487,1593,2186,1656,2339,361,487,1593,2186,images/archive-original/1290-1300 III/1360o.jpg
1361o.png,0,0,3,41,524,1593,2160,1656,2339,41,524,1593,2160,images/archive-original/1290-1300 III/1361o.jpg
1362o.png,0,0,3,41,504,1598,2119,1656,2339,41,504,1598,2119,images/archive-original/1290-1300 III/1362o.jpg
1363o.png,0,0,3,41,488,1421,1973,1656,2339,41,488,1421,1973,images/archive-original/1290-1300 III/1363o.jpg
1364o.png,1,0,3,108,70,2272,1625,2339,1656,108,70,2272,1625,images/archive-original/1290-1300 III/1364o.jpg
1365o.png,0,0,3,92,36,2294,1625,2339,1656,92,36,2294,1625,images/archive-original/1290-1300 III/1365o.jpg
1366o.png,1,0,3,136,410,1635,2192,1656,2339,136,410,1635,2192,images/archive-original/1290-1300 III/1366o.jpg
1367o.png,0,0,1,36,369,1604,2145,1656,2339,36,369,1604,2145,images/archive-original/1290-1300 III/1367o.jpg
1368o.png,1,0,12,106,315,1514,680,1656,2339,106,315,1514,680,images/archive-original/1290-1300 III/1368o.jpg
1369o.png,1,0,2,132,463,2280,1134,2339,1656,132,463,2280,1134,images/archive-original/1290-1300 III/1369o.jpg
1370o.png,1,0,15,421,195,1888,781,2339,1656,421,195,1888,781,images/archive-original/1290-1300 III/1370o.jpg
1371o.png,1,0,6,88,198,2262,1054,2339,1656,88,198,2262,1054,images/archive-original/1290-1300 III/1371o.jpg
1372o.png,0,0,9,298,106,1915,989,2339,1656,298,106,1915,989,images/archive-original/1290-1300 III/1372o.jpg
1373o.png,1,0,4,153,153,2276,1640,2339,1656,153,153,2276,1640,images/archive-original/1290-1300 III/1373o.jpg
1374o.png,0,0,1,143,25,2276,1261,2339,1656,143,25,2276,1261,images/archive-original/1290-1300 III/1374o.jpg
1375o.png,1,0,2,80,390,2265,989,2339,1656,80,390,2265,989,images/archive-original/1290-1300 III/1375o.jpg
1376o.png,0,0,6,88,533,2272,1143,2339,1656,88,533,2272,1143,images/archive-original/1290-1300 III/1376o.jpg
1377o.png,0,0,3,77,382,2269,981,2339,1656,77,382,2269,981,images/archive-original/1290-1300 III/1377o.jpg
1378o.png,1,0,1,287,231,2029,1058,2339,1656,287,231,2029,1058,images/archive-original/1290-1300 III/1378o.jpg
1379o.png,1,0,10,143,209,2209,908,2339,1656,143,209,2209,908,images/archive-original/1290-1300 III/1379o.jpg
1380o.png,1,0,1,5,254,1458,2192,1656,2339,5,254,1458,2192,images/archive-original/1290-1300 III/1380o.jpg
1381o.png,0,0,1,57,254,1624,2166,1656,2339,57,254,1624,2166,images/archive-original/1290-1300 III/1381o.jpg
1382o.png,0,0,4,249,233,1624,2140,1656,2339,249,233,1624,2140,images/archive-original/1290-1300 III/1382o.jpg
1383o.png,1,0,1,106,552,2261,1092,2339,1656,106,552,2261,1092,images/archive-original/1290-1300 III/1383o.jpg
1384o.png,1,0,1,195,202,2258,801,2339,1656,195,202,2258,801,images/archive-original/1290-1300 III/1384o.jpg
1385o.png,1,0,5,206,544,2309,1014,2339,1656,206,544,2309,1014,images/archive-original/1290-1300 III/1385o.jpg
1386o.png,0,0,6,33,485,2239,985,2339,1656,33,485,2239,985,images/archive-original/1290-1300 III/1386o.jpg
1387o.png,1,0,4,88,327,2290,886,2339,1656,88,327,2290,886,images/archive-original/1290-1300 III/1387o.jpg
1388o.png,1,0,5,375,288,1790,604,2339,1656,375,288,1790,604,images/archive-original/1290-1300 III/1388o.jpg
1389o.png,1,0,29,355,149,2076,1205,2339,1656,355,149,2076,1205,images/archive-original/1290-1300 III/1389o.jpg
1390o.png,1,0,2,217,507,2185,1166,2339,1656,217,507,2185,1166,images/archive-original/1290-1300 III/1390o.jpg
1391o.png,1,0,4,187,253,2213,775,2339,1656,187,253,2213,775,images/archive-original/1290-1300 III/1391o.jpg
1392o.png,1,0,4,222,275,2066,1207,2339,1656,222,275,2066,1207,images/archive-original/1290-1300 III/1392o.jpg
1393o.png,1,0,1,357,511,1963,1083,2339,1656,357,511,1963,1083,images/archive-original/1290-1300 III/1393o.jpg
1394o.png,1,0,1,109,140,1654,2181,1656,2339,109,140,1654,2181,images/archive-original/1290-1300 III/1394o.jpg
1395o.png,1,0,2,165,371,2258,1003,2339,1656,165,371,2258,1003,images/archive-original/1290-1300 III/1395o.jpg
1396o.png,1,0,6,97,368,2181,1304,2339,1656,97,368,2181,1304,images/archive-original/1290-1300 III/1396o.jpg
1397o.png,1,0,4,209,448,2232,963,2339,1656,209,448,2232,963,images/archive-original/1290-1300 III/1397o.jpg
1398o.png,1,0,3,184,257,2166,1305,2339,1656,184,257,2166,1305,images/archive-original/1290-1300 III/1398o.jpg
1399o.png,1,0,3,172,261,2158,1316,2339,1656,172,261,2158,1316,images/archive-original/1290-1300 III/1399o.jpg
1400o.png,0,0,1,217,360,2309,1184,2339,1656,217,360,2309,1184,images/archive-original/1290-1300 III/1400o.jpg
1401o.png,0,0,1,29,375,2228,1136,2339,1656,29,375,2228,1136,images/archive-original/1290-1300 III/1401o.jpg
1402o.png,0,0,7,298,467,2173,1224,2339,1656,298,467,2173,1224,images/archive-original/1290-1300 III/1402o.jpg
1403o.png,0,0,1,62,639,1505,2207,1656,2339,62,639,1505,2207,images/archive-original/1290-1300 III/1403o.jpg
1404o.png,0,0,9,36,665,1593,2223,1656,2339,36,665,1593,2223,images/archive-original/1290-1300 III/1404o.jpg
1405o.png,0,0,5,223,623,1583,2238,1656,2339,223,623,1583,2238,images/archive-original/1290-1300 III/1405o.jpg
1406o.png,1,0,1,235,58,2112,3158,2340,3307,235,58,2112,3158,images/archive-original/1290-1300 IV (voorlopig 1 tekst 1289)/1406o.jpg
1407o.png,1,0,9,124,275,3197,2338,3307,2340,124,275,3197,2338,images/archive-original/1290-1300 IV (voorlopig 1 tekst 1289)/1407o.jpg
1408o.png,0,0,5,213,36,3197,2239,3307,2340,213,36,3197,2239,images/archive-original/1290-1300 IV (voorlopig 1 tekst 1289)/1408o.jpg
